{
	"credit": "Made with Blockbench",
	"textures": {
		"Voxel-FFFFFF": "item/voxel-ffffff",
		"Voxel-FF0000": "item/voxel-ff0000",
		"Voxel-000000": "item/voxel-000000",
		"particle": "item/particle"
	},
	"elements": [
		{
			"name": "Voxel-FFFFFF",
			"from": [-3, 17, 1],
			"to": [-2, 20, 4],
			"faces": {
				"north": {"uv": [0, 0, 16, 16], "texture": "#Voxel-FFFFFF"},
				"east": {"uv": [0, 0, 16, 16], "texture": "#Voxel-FFFFFF"},
				"south": {"uv": [0, 0, 16, 16], "texture": "#Voxel-FFFFFF"},
				"west": {"uv": [0, 0, 16, 16], "texture": "#Voxel-FFFFFF"},
				"up": {"uv": [0, 0, 16, 16], "texture": "#Voxel-FFFFFF"},
				"down": {"uv": [0, 0, 16, 16], "texture": "#Voxel-FFFFFF"}
			}
		},
		{
			"name": "Voxel-FFFFFF",
			"from": [-4, 17, 7],
			"to": [-3, 20, 10],
			"faces": {
				"north": {"uv": [0, 0, 16, 16], "texture": "#Voxel-FFFFFF"},
				"east": {"uv": [0, 0, 16, 16], "texture": "#Voxel-FFFFFF"},
				"south": {"uv": [0, 0, 16, 16], "texture": "#Voxel-FFFFFF"},
				"west": {"uv": [0, 0, 16, 16], "texture": "#Voxel-FFFFFF"},
				"up": {"uv": [0, 0, 16, 16], "texture": "#Voxel-FFFFFF"},
				"down": {"uv": [0, 0, 16, 16], "texture": "#Voxel-FFFFFF"}
			}
		},
		{
			"name": "Voxel-FFFFFF",
			"from": [-3, 17, 13],
			"to": [-2, 20, 16],
			"faces": {
				"north": {"uv": [0, 0, 16, 16], "texture": "#Voxel-FFFFFF"},
				"east": {"uv": [0, 0, 16, 16], "texture": "#Voxel-FFFFFF"},
				"south": {"uv": [0, 0, 16, 16], "texture": "#Voxel-FFFFFF"},
				"west": {"uv": [0, 0, 16, 16], "texture": "#Voxel-FFFFFF"},
				"up": {"uv": [0, 0, 16, 16], "texture": "#Voxel-FFFFFF"},
				"down": {"uv": [0, 0, 16, 16], "texture": "#Voxel-FFFFFF"}
			}
		},
		{
			"name": "Voxel-FFFFFF",
			"from": [-2, 16, 0],
			"to": [3, 21, 5],
			"faces": {
				"north": {"uv": [0, 0, 16, 16], "texture": "#Voxel-FFFFFF"},
				"east": {"uv": [0, 0, 16, 16], "texture": "#Voxel-FFFFFF"},
				"south": {"uv": [0, 0, 16, 16], "texture": "#Voxel-FFFFFF"},
				"west": {"uv": [0, 0, 16, 16], "texture": "#Voxel-FFFFFF"},
				"up": {"uv": [0, 0, 16, 16], "texture": "#Voxel-FFFFFF"},
				"down": {"uv": [0, 0, 16, 16], "texture": "#Voxel-FFFFFF"}
			}
		},
		{
			"name": "Voxel-FFFFFF",
			"from": [-2, 16, 12],
			"to": [3, 21, 17],
			"faces": {
				"north": {"uv": [0, 0, 16, 16], "texture": "#Voxel-FFFFFF"},
				"east": {"uv": [0, 0, 16, 16], "texture": "#Voxel-FFFFFF"},
				"south": {"uv": [0, 0, 16, 16], "texture": "#Voxel-FFFFFF"},
				"west": {"uv": [0, 0, 16, 16], "texture": "#Voxel-FFFFFF"},
				"up": {"uv": [0, 0, 16, 16], "texture": "#Voxel-FFFFFF"},
				"down": {"uv": [0, 0, 16, 16], "texture": "#Voxel-FFFFFF"}
			}
		},
		{
			"name": "Voxel-FFFFFF",
			"from": [-1, 17, -1],
			"to": [2, 20, 0],
			"faces": {
				"north": {"uv": [0, 0, 16, 16], "texture": "#Voxel-FFFFFF"},
				"east": {"uv": [0, 0, 16, 16], "texture": "#Voxel-FFFFFF"},
				"south": {"uv": [0, 0, 16, 16], "texture": "#Voxel-FFFFFF"},
				"west": {"uv": [0, 0, 16, 16], "texture": "#Voxel-FFFFFF"},
				"up": {"uv": [0, 0, 16, 16], "texture": "#Voxel-FFFFFF"},
				"down": {"uv": [0, 0, 16, 16], "texture": "#Voxel-FFFFFF"}
			}
		},
		{
			"name": "Voxel-FFFFFF",
			"from": [-1, 17, 17],
			"to": [2, 20, 18],
			"faces": {
				"north": {"uv": [0, 0, 16, 16], "texture": "#Voxel-FFFFFF"},
				"east": {"uv": [0, 0, 16, 16], "texture": "#Voxel-FFFFFF"},
				"south": {"uv": [0, 0, 16, 16], "texture": "#Voxel-FFFFFF"},
				"west": {"uv": [0, 0, 16, 16], "texture": "#Voxel-FFFFFF"},
				"up": {"uv": [0, 0, 16, 16], "texture": "#Voxel-FFFFFF"},
				"down": {"uv": [0, 0, 16, 16], "texture": "#Voxel-FFFFFF"}
			}
		},
		{
			"name": "Voxel-FFFFFF",
			"from": [-3, 16, 6],
			"to": [0, 21, 11],
			"faces": {
				"north": {"uv": [0, 0, 16, 16], "texture": "#Voxel-FFFFFF"},
				"east": {"uv": [0, 0, 16, 16], "texture": "#Voxel-FFFFFF"},
				"south": {"uv": [0, 0, 16, 16], "texture": "#Voxel-FFFFFF"},
				"west": {"uv": [0, 0, 16, 16], "texture": "#Voxel-FFFFFF"},
				"up": {"uv": [0, 0, 16, 16], "texture": "#Voxel-FFFFFF"},
				"down": {"uv": [0, 0, 16, 16], "texture": "#Voxel-FFFFFF"}
			}
		},
		{
			"name": "Voxel-FFFFFF",
			"from": [-2, 21, 13],
			"to": [4, 22, 16],
			"faces": {
				"north": {"uv": [0, 0, 16, 16], "texture": "#Voxel-FFFFFF"},
				"east": {"uv": [0, 0, 16, 16], "texture": "#Voxel-FFFFFF"},
				"south": {"uv": [0, 0, 16, 16], "texture": "#Voxel-FFFFFF"},
				"west": {"uv": [0, 0, 16, 16], "texture": "#Voxel-FFFFFF"},
				"up": {"uv": [0, 0, 16, 16], "texture": "#Voxel-FFFFFF"},
				"down": {"uv": [0, 0, 16, 16], "texture": "#Voxel-FFFFFF"}
			}
		},
		{
			"name": "Voxel-FFFFFF",
			"from": [1, 23, 10],
			"to": [4, 24, 13],
			"faces": {
				"north": {"uv": [0, 0, 16, 16], "texture": "#Voxel-FFFFFF"},
				"east": {"uv": [0, 0, 16, 16], "texture": "#Voxel-FFFFFF"},
				"south": {"uv": [0, 0, 16, 16], "texture": "#Voxel-FFFFFF"},
				"west": {"uv": [0, 0, 16, 16], "texture": "#Voxel-FFFFFF"},
				"up": {"uv": [0, 0, 16, 16], "texture": "#Voxel-FFFFFF"},
				"down": {"uv": [0, 0, 16, 16], "texture": "#Voxel-FFFFFF"}
			}
		},
		{
			"name": "Voxel-FFFFFF",
			"from": [2, 23, 5],
			"to": [5, 24, 8],
			"faces": {
				"north": {"uv": [0, 0, 16, 16], "texture": "#Voxel-FFFFFF"},
				"east": {"uv": [0, 0, 16, 16], "texture": "#Voxel-FFFFFF"},
				"south": {"uv": [0, 0, 16, 16], "texture": "#Voxel-FFFFFF"},
				"west": {"uv": [0, 0, 16, 16], "texture": "#Voxel-FFFFFF"},
				"up": {"uv": [0, 0, 16, 16], "texture": "#Voxel-FFFFFF"},
				"down": {"uv": [0, 0, 16, 16], "texture": "#Voxel-FFFFFF"}
			}
		},
		{
			"name": "Voxel-FFFFFF",
			"from": [-2, 21, 7],
			"to": [0, 22, 10],
			"faces": {
				"north": {"uv": [0, 0, 16, 16], "texture": "#Voxel-FFFFFF"},
				"east": {"uv": [0, 0, 16, 16], "texture": "#Voxel-FFFFFF"},
				"south": {"uv": [0, 0, 16, 16], "texture": "#Voxel-FFFFFF"},
				"west": {"uv": [0, 0, 16, 16], "texture": "#Voxel-FFFFFF"},
				"up": {"uv": [0, 0, 16, 16], "texture": "#Voxel-FFFFFF"},
				"down": {"uv": [0, 0, 16, 16], "texture": "#Voxel-FFFFFF"}
			}
		},
		{
			"name": "Voxel-FFFFFF",
			"from": [-1, 21, 1],
			"to": [2, 22, 4],
			"faces": {
				"north": {"uv": [0, 0, 16, 16], "texture": "#Voxel-FFFFFF"},
				"east": {"uv": [0, 0, 16, 16], "texture": "#Voxel-FFFFFF"},
				"south": {"uv": [0, 0, 16, 16], "texture": "#Voxel-FFFFFF"},
				"west": {"uv": [0, 0, 16, 16], "texture": "#Voxel-FFFFFF"},
				"up": {"uv": [0, 0, 16, 16], "texture": "#Voxel-FFFFFF"},
				"down": {"uv": [0, 0, 16, 16], "texture": "#Voxel-FFFFFF"}
			}
		},
		{
			"name": "Voxel-FFFFFF",
			"from": [0, 22, 3],
			"to": [3, 23, 6],
			"faces": {
				"north": {"uv": [0, 0, 16, 16], "texture": "#Voxel-FFFFFF"},
				"east": {"uv": [0, 0, 16, 16], "texture": "#Voxel-FFFFFF"},
				"south": {"uv": [0, 0, 16, 16], "texture": "#Voxel-FFFFFF"},
				"west": {"uv": [0, 0, 16, 16], "texture": "#Voxel-FFFFFF"},
				"up": {"uv": [0, 0, 16, 16], "texture": "#Voxel-FFFFFF"},
				"down": {"uv": [0, 0, 16, 16], "texture": "#Voxel-FFFFFF"}
			}
		},
		{
			"name": "Voxel-FFFFFF",
			"from": [1, 22, 6],
			"to": [11, 23, 9],
			"faces": {
				"north": {"uv": [0, 0, 16, 16], "texture": "#Voxel-FFFFFF"},
				"east": {"uv": [0, 0, 16, 16], "texture": "#Voxel-FFFFFF"},
				"south": {"uv": [0, 0, 16, 16], "texture": "#Voxel-FFFFFF"},
				"west": {"uv": [0, 0, 16, 16], "texture": "#Voxel-FFFFFF"},
				"up": {"uv": [0, 0, 16, 16], "texture": "#Voxel-FFFFFF"},
				"down": {"uv": [0, 0, 16, 16], "texture": "#Voxel-FFFFFF"}
			}
		},
		{
			"name": "Voxel-FFFFFF",
			"from": [0, 22, 9],
			"to": [5, 23, 14],
			"faces": {
				"north": {"uv": [0, 0, 16, 16], "texture": "#Voxel-FFFFFF"},
				"east": {"uv": [0, 0, 16, 16], "texture": "#Voxel-FFFFFF"},
				"south": {"uv": [0, 0, 16, 16], "texture": "#Voxel-FFFFFF"},
				"west": {"uv": [0, 0, 16, 16], "texture": "#Voxel-FFFFFF"},
				"up": {"uv": [0, 0, 16, 16], "texture": "#Voxel-FFFFFF"},
				"down": {"uv": [0, 0, 16, 16], "texture": "#Voxel-FFFFFF"}
			}
		},
		{
			"name": "Voxel-FFFFFF",
			"from": [5, 22, 9],
			"to": [6, 23, 13],
			"faces": {
				"north": {"uv": [0, 0, 16, 16], "texture": "#Voxel-FFFFFF"},
				"east": {"uv": [0, 0, 16, 16], "texture": "#Voxel-FFFFFF"},
				"south": {"uv": [0, 0, 16, 16], "texture": "#Voxel-FFFFFF"},
				"west": {"uv": [0, 0, 16, 16], "texture": "#Voxel-FFFFFF"},
				"up": {"uv": [0, 0, 16, 16], "texture": "#Voxel-FFFFFF"},
				"down": {"uv": [0, 0, 16, 16], "texture": "#Voxel-FFFFFF"}
			}
		},
		{
			"name": "Voxel-FFFFFF",
			"from": [6, 22, 9],
			"to": [8, 23, 11],
			"faces": {
				"north": {"uv": [0, 0, 16, 16], "texture": "#Voxel-FFFFFF"},
				"east": {"uv": [0, 0, 16, 16], "texture": "#Voxel-FFFFFF"},
				"south": {"uv": [0, 0, 16, 16], "texture": "#Voxel-FFFFFF"},
				"west": {"uv": [0, 0, 16, 16], "texture": "#Voxel-FFFFFF"},
				"up": {"uv": [0, 0, 16, 16], "texture": "#Voxel-FFFFFF"},
				"down": {"uv": [0, 0, 16, 16], "texture": "#Voxel-FFFFFF"}
			}
		},
		{
			"name": "Voxel-FFFFFF",
			"from": [6, 21, 9],
			"to": [9, 22, 12],
			"faces": {
				"north": {"uv": [0, 0, 16, 16], "texture": "#Voxel-FFFFFF"},
				"east": {"uv": [0, 0, 16, 16], "texture": "#Voxel-FFFFFF"},
				"south": {"uv": [0, 0, 16, 16], "texture": "#Voxel-FFFFFF"},
				"west": {"uv": [0, 0, 16, 16], "texture": "#Voxel-FFFFFF"},
				"up": {"uv": [0, 0, 16, 16], "texture": "#Voxel-FFFFFF"},
				"down": {"uv": [0, 0, 16, 16], "texture": "#Voxel-FFFFFF"}
			}
		},
		{
			"name": "Voxel-FFFFFF",
			"from": [6, 21, 12],
			"to": [7, 22, 13],
			"faces": {
				"north": {"uv": [0, 0, 16, 16], "texture": "#Voxel-FFFFFF"},
				"east": {"uv": [0, 0, 16, 16], "texture": "#Voxel-FFFFFF"},
				"south": {"uv": [0, 0, 16, 16], "texture": "#Voxel-FFFFFF"},
				"west": {"uv": [0, 0, 16, 16], "texture": "#Voxel-FFFFFF"},
				"up": {"uv": [0, 0, 16, 16], "texture": "#Voxel-FFFFFF"},
				"down": {"uv": [0, 0, 16, 16], "texture": "#Voxel-FFFFFF"}
			}
		},
		{
			"name": "Voxel-FFFFFF",
			"from": [4, 21, 14],
			"to": [5, 22, 15],
			"faces": {
				"north": {"uv": [0, 0, 16, 16], "texture": "#Voxel-FFFFFF"},
				"east": {"uv": [0, 0, 16, 16], "texture": "#Voxel-FFFFFF"},
				"south": {"uv": [0, 0, 16, 16], "texture": "#Voxel-FFFFFF"},
				"west": {"uv": [0, 0, 16, 16], "texture": "#Voxel-FFFFFF"},
				"up": {"uv": [0, 0, 16, 16], "texture": "#Voxel-FFFFFF"},
				"down": {"uv": [0, 0, 16, 16], "texture": "#Voxel-FFFFFF"}
			}
		},
		{
			"name": "Voxel-FFFFFF",
			"from": [8, 20, 5],
			"to": [12, 22, 10],
			"faces": {
				"north": {"uv": [0, 0, 16, 16], "texture": "#Voxel-FFFFFF"},
				"east": {"uv": [0, 0, 16, 16], "texture": "#Voxel-FFFFFF"},
				"south": {"uv": [0, 0, 16, 16], "texture": "#Voxel-FFFFFF"},
				"west": {"uv": [0, 0, 16, 16], "texture": "#Voxel-FFFFFF"},
				"up": {"uv": [0, 0, 16, 16], "texture": "#Voxel-FFFFFF"},
				"down": {"uv": [0, 0, 16, 16], "texture": "#Voxel-FFFFFF"}
			}
		},
		{
			"name": "Voxel-000000",
			"from": [-1, 14, 1],
			"to": [0, 15, 16],
			"faces": {
				"north": {"uv": [0, 0, 16, 16], "texture": "#Voxel-000000"},
				"east": {"uv": [0, 0, 16, 16], "texture": "#Voxel-000000"},
				"south": {"uv": [0, 0, 16, 16], "texture": "#Voxel-000000"},
				"west": {"uv": [0, 0, 16, 16], "texture": "#Voxel-000000"},
				"up": {"uv": [0, 0, 16, 16], "texture": "#Voxel-000000"},
				"down": {"uv": [0, 0, 16, 16], "texture": "#Voxel-000000"}
			}
		},
		{
			"name": "Voxel-000000",
			"from": [0, 13, 1],
			"to": [1, 14, 8],
			"faces": {
				"north": {"uv": [0, 0, 16, 16], "texture": "#Voxel-000000"},
				"east": {"uv": [0, 0, 16, 16], "texture": "#Voxel-000000"},
				"south": {"uv": [0, 0, 16, 16], "texture": "#Voxel-000000"},
				"west": {"uv": [0, 0, 16, 16], "texture": "#Voxel-000000"},
				"up": {"uv": [0, 0, 16, 16], "texture": "#Voxel-000000"},
				"down": {"uv": [0, 0, 16, 16], "texture": "#Voxel-000000"}
			}
		},
		{
			"name": "Voxel-000000",
			"from": [0, 12, 2],
			"to": [1, 13, 7],
			"faces": {
				"north": {"uv": [0, 0, 16, 16], "texture": "#Voxel-000000"},
				"east": {"uv": [0, 0, 16, 16], "texture": "#Voxel-000000"},
				"south": {"uv": [0, 0, 16, 16], "texture": "#Voxel-000000"},
				"west": {"uv": [0, 0, 16, 16], "texture": "#Voxel-000000"},
				"up": {"uv": [0, 0, 16, 16], "texture": "#Voxel-000000"},
				"down": {"uv": [0, 0, 16, 16], "texture": "#Voxel-000000"}
			}
		},
		{
			"name": "Voxel-000000",
			"from": [-1, 11, 3],
			"to": [0, 12, 6],
			"faces": {
				"north": {"uv": [0, 0, 16, 16], "texture": "#Voxel-000000"},
				"east": {"uv": [0, 0, 16, 16], "texture": "#Voxel-000000"},
				"south": {"uv": [0, 0, 16, 16], "texture": "#Voxel-000000"},
				"west": {"uv": [0, 0, 16, 16], "texture": "#Voxel-000000"},
				"up": {"uv": [0, 0, 16, 16], "texture": "#Voxel-000000"},
				"down": {"uv": [0, 0, 16, 16], "texture": "#Voxel-000000"}
			}
		},
		{
			"name": "Voxel-000000",
			"from": [0, 13, 9],
			"to": [1, 14, 16],
			"faces": {
				"north": {"uv": [0, 0, 16, 16], "texture": "#Voxel-000000"},
				"east": {"uv": [0, 0, 16, 16], "texture": "#Voxel-000000"},
				"south": {"uv": [0, 0, 16, 16], "texture": "#Voxel-000000"},
				"west": {"uv": [0, 0, 16, 16], "texture": "#Voxel-000000"},
				"up": {"uv": [0, 0, 16, 16], "texture": "#Voxel-000000"},
				"down": {"uv": [0, 0, 16, 16], "texture": "#Voxel-000000"}
			}
		},
		{
			"name": "Voxel-000000",
			"from": [0, 12, 10],
			"to": [1, 13, 15],
			"faces": {
				"north": {"uv": [0, 0, 16, 16], "texture": "#Voxel-000000"},
				"east": {"uv": [0, 0, 16, 16], "texture": "#Voxel-000000"},
				"south": {"uv": [0, 0, 16, 16], "texture": "#Voxel-000000"},
				"west": {"uv": [0, 0, 16, 16], "texture": "#Voxel-000000"},
				"up": {"uv": [0, 0, 16, 16], "texture": "#Voxel-000000"},
				"down": {"uv": [0, 0, 16, 16], "texture": "#Voxel-000000"}
			}
		},
		{
			"name": "Voxel-000000",
			"from": [-1, 11, 11],
			"to": [0, 12, 14],
			"faces": {
				"north": {"uv": [0, 0, 16, 16], "texture": "#Voxel-000000"},
				"east": {"uv": [0, 0, 16, 16], "texture": "#Voxel-000000"},
				"south": {"uv": [0, 0, 16, 16], "texture": "#Voxel-000000"},
				"west": {"uv": [0, 0, 16, 16], "texture": "#Voxel-000000"},
				"up": {"uv": [0, 0, 16, 16], "texture": "#Voxel-000000"},
				"down": {"uv": [0, 0, 16, 16], "texture": "#Voxel-000000"}
			}
		},
		{
			"name": "Voxel-000000",
			"from": [-1, 14, 16],
			"to": [8, 15, 17],
			"faces": {
				"north": {"uv": [0, 0, 16, 16], "texture": "#Voxel-000000"},
				"east": {"uv": [0, 0, 16, 16], "texture": "#Voxel-000000"},
				"south": {"uv": [0, 0, 16, 16], "texture": "#Voxel-000000"},
				"west": {"uv": [0, 0, 16, 16], "texture": "#Voxel-000000"},
				"up": {"uv": [0, 0, 16, 16], "texture": "#Voxel-000000"},
				"down": {"uv": [0, 0, 16, 16], "texture": "#Voxel-000000"}
			}
		},
		{
			"name": "Voxel-000000",
			"from": [-1, 14, 0],
			"to": [8, 15, 1],
			"faces": {
				"north": {"uv": [0, 0, 16, 16], "texture": "#Voxel-000000"},
				"east": {"uv": [0, 0, 16, 16], "texture": "#Voxel-000000"},
				"south": {"uv": [0, 0, 16, 16], "texture": "#Voxel-000000"},
				"west": {"uv": [0, 0, 16, 16], "texture": "#Voxel-000000"},
				"up": {"uv": [0, 0, 16, 16], "texture": "#Voxel-000000"},
				"down": {"uv": [0, 0, 16, 16], "texture": "#Voxel-000000"}
			}
		},
		{
			"name": "Voxel-FFFFFF",
			"from": [3, 22, 4],
			"to": [6, 23, 5],
			"faces": {
				"north": {"uv": [0, 0, 16, 16], "texture": "#Voxel-FFFFFF"},
				"east": {"uv": [0, 0, 16, 16], "texture": "#Voxel-FFFFFF"},
				"south": {"uv": [0, 0, 16, 16], "texture": "#Voxel-FFFFFF"},
				"west": {"uv": [0, 0, 16, 16], "texture": "#Voxel-FFFFFF"},
				"up": {"uv": [0, 0, 16, 16], "texture": "#Voxel-FFFFFF"},
				"down": {"uv": [0, 0, 16, 16], "texture": "#Voxel-FFFFFF"}
			}
		},
		{
			"name": "Voxel-FFFFFF",
			"from": [5, 22, 5],
			"to": [8, 23, 6],
			"faces": {
				"north": {"uv": [0, 0, 16, 16], "texture": "#Voxel-FFFFFF"},
				"east": {"uv": [0, 0, 16, 16], "texture": "#Voxel-FFFFFF"},
				"south": {"uv": [0, 0, 16, 16], "texture": "#Voxel-FFFFFF"},
				"west": {"uv": [0, 0, 16, 16], "texture": "#Voxel-FFFFFF"},
				"up": {"uv": [0, 0, 16, 16], "texture": "#Voxel-FFFFFF"},
				"down": {"uv": [0, 0, 16, 16], "texture": "#Voxel-FFFFFF"}
			}
		},
		{
			"name": "Voxel-FFFFFF",
			"from": [8, 15, 0],
			"to": [14, 19, 2],
			"faces": {
				"north": {"uv": [0, 0, 16, 16], "texture": "#Voxel-FFFFFF"},
				"east": {"uv": [0, 0, 16, 16], "texture": "#Voxel-FFFFFF"},
				"south": {"uv": [0, 0, 16, 16], "texture": "#Voxel-FFFFFF"},
				"west": {"uv": [0, 0, 16, 16], "texture": "#Voxel-FFFFFF"},
				"up": {"uv": [0, 0, 16, 16], "texture": "#Voxel-FFFFFF"},
				"down": {"uv": [0, 0, 16, 16], "texture": "#Voxel-FFFFFF"}
			}
		},
		{
			"name": "Voxel-FFFFFF",
			"from": [13, 10, 1],
			"to": [18, 16, 2],
			"faces": {
				"north": {"uv": [0, 0, 16, 16], "texture": "#Voxel-FFFFFF"},
				"east": {"uv": [0, 0, 16, 16], "texture": "#Voxel-FFFFFF"},
				"south": {"uv": [0, 0, 16, 16], "texture": "#Voxel-FFFFFF"},
				"west": {"uv": [0, 0, 16, 16], "texture": "#Voxel-FFFFFF"},
				"up": {"uv": [0, 0, 16, 16], "texture": "#Voxel-FFFFFF"},
				"down": {"uv": [0, 0, 16, 16], "texture": "#Voxel-FFFFFF"}
			}
		},
		{
			"name": "Voxel-FFFFFF",
			"from": [13, 10, 15],
			"to": [18, 16, 16],
			"faces": {
				"north": {"uv": [0, 0, 16, 16], "texture": "#Voxel-FFFFFF"},
				"east": {"uv": [0, 0, 16, 16], "texture": "#Voxel-FFFFFF"},
				"south": {"uv": [0, 0, 16, 16], "texture": "#Voxel-FFFFFF"},
				"west": {"uv": [0, 0, 16, 16], "texture": "#Voxel-FFFFFF"},
				"up": {"uv": [0, 0, 16, 16], "texture": "#Voxel-FFFFFF"},
				"down": {"uv": [0, 0, 16, 16], "texture": "#Voxel-FFFFFF"}
			}
		},
		{
			"name": "Voxel-FFFFFF",
			"from": [3, 17, 0],
			"to": [5, 20, 1],
			"faces": {
				"north": {"uv": [0, 0, 16, 16], "texture": "#Voxel-FFFFFF"},
				"east": {"uv": [0, 0, 16, 16], "texture": "#Voxel-FFFFFF"},
				"south": {"uv": [0, 0, 16, 16], "texture": "#Voxel-FFFFFF"},
				"west": {"uv": [0, 0, 16, 16], "texture": "#Voxel-FFFFFF"},
				"up": {"uv": [0, 0, 16, 16], "texture": "#Voxel-FFFFFF"},
				"down": {"uv": [0, 0, 16, 16], "texture": "#Voxel-FFFFFF"}
			}
		},
		{
			"name": "Voxel-FFFFFF",
			"from": [3, 17, 16],
			"to": [5, 20, 17],
			"faces": {
				"north": {"uv": [0, 0, 16, 16], "texture": "#Voxel-FFFFFF"},
				"east": {"uv": [0, 0, 16, 16], "texture": "#Voxel-FFFFFF"},
				"south": {"uv": [0, 0, 16, 16], "texture": "#Voxel-FFFFFF"},
				"west": {"uv": [0, 0, 16, 16], "texture": "#Voxel-FFFFFF"},
				"up": {"uv": [0, 0, 16, 16], "texture": "#Voxel-FFFFFF"},
				"down": {"uv": [0, 0, 16, 16], "texture": "#Voxel-FFFFFF"}
			}
		},
		{
			"name": "Voxel-FFFFFF",
			"from": [3, 15, 0],
			"to": [5, 16, 1],
			"faces": {
				"north": {"uv": [0, 0, 16, 16], "texture": "#Voxel-FFFFFF"},
				"east": {"uv": [0, 0, 16, 16], "texture": "#Voxel-FFFFFF"},
				"south": {"uv": [0, 0, 16, 16], "texture": "#Voxel-FFFFFF"},
				"west": {"uv": [0, 0, 16, 16], "texture": "#Voxel-FFFFFF"},
				"up": {"uv": [0, 0, 16, 16], "texture": "#Voxel-FFFFFF"},
				"down": {"uv": [0, 0, 16, 16], "texture": "#Voxel-FFFFFF"}
			}
		},
		{
			"name": "Voxel-FFFFFF",
			"from": [3, 15, 16],
			"to": [5, 16, 17],
			"faces": {
				"north": {"uv": [0, 0, 16, 16], "texture": "#Voxel-FFFFFF"},
				"east": {"uv": [0, 0, 16, 16], "texture": "#Voxel-FFFFFF"},
				"south": {"uv": [0, 0, 16, 16], "texture": "#Voxel-FFFFFF"},
				"west": {"uv": [0, 0, 16, 16], "texture": "#Voxel-FFFFFF"},
				"up": {"uv": [0, 0, 16, 16], "texture": "#Voxel-FFFFFF"},
				"down": {"uv": [0, 0, 16, 16], "texture": "#Voxel-FFFFFF"}
			}
		},
		{
			"name": "Voxel-FFFFFF",
			"from": [0, 4, 16],
			"to": [7, 13, 20],
			"faces": {
				"north": {"uv": [0, 0, 16, 16], "texture": "#Voxel-FFFFFF"},
				"east": {"uv": [0, 0, 16, 16], "texture": "#Voxel-FFFFFF"},
				"south": {"uv": [0, 0, 16, 16], "texture": "#Voxel-FFFFFF"},
				"west": {"uv": [0, 0, 16, 16], "texture": "#Voxel-FFFFFF"},
				"up": {"uv": [0, 0, 16, 16], "texture": "#Voxel-FFFFFF"},
				"down": {"uv": [0, 0, 16, 16], "texture": "#Voxel-FFFFFF"}
			}
		},
		{
			"name": "Voxel-FFFFFF",
			"from": [0, 4, -3],
			"to": [7, 13, 1],
			"faces": {
				"north": {"uv": [0, 0, 16, 16], "texture": "#Voxel-FFFFFF"},
				"east": {"uv": [0, 0, 16, 16], "texture": "#Voxel-FFFFFF"},
				"south": {"uv": [0, 0, 16, 16], "texture": "#Voxel-FFFFFF"},
				"west": {"uv": [0, 0, 16, 16], "texture": "#Voxel-FFFFFF"},
				"up": {"uv": [0, 0, 16, 16], "texture": "#Voxel-FFFFFF"},
				"down": {"uv": [0, 0, 16, 16], "texture": "#Voxel-FFFFFF"}
			}
		},
		{
			"name": "Voxel-FFFFFF",
			"from": [9, 15, 15],
			"to": [14, 19, 17],
			"faces": {
				"north": {"uv": [0, 0, 16, 16], "texture": "#Voxel-FFFFFF"},
				"east": {"uv": [0, 0, 16, 16], "texture": "#Voxel-FFFFFF"},
				"south": {"uv": [0, 0, 16, 16], "texture": "#Voxel-FFFFFF"},
				"west": {"uv": [0, 0, 16, 16], "texture": "#Voxel-FFFFFF"},
				"up": {"uv": [0, 0, 16, 16], "texture": "#Voxel-FFFFFF"},
				"down": {"uv": [0, 0, 16, 16], "texture": "#Voxel-FFFFFF"}
			}
		},
		{
			"name": "Voxel-FFFFFF",
			"from": [9, 19, 1],
			"to": [13, 20, 16],
			"faces": {
				"north": {"uv": [0, 0, 16, 16], "texture": "#Voxel-FFFFFF"},
				"east": {"uv": [0, 0, 16, 16], "texture": "#Voxel-FFFFFF"},
				"south": {"uv": [0, 0, 16, 16], "texture": "#Voxel-FFFFFF"},
				"west": {"uv": [0, 0, 16, 16], "texture": "#Voxel-FFFFFF"},
				"up": {"uv": [0, 0, 16, 16], "texture": "#Voxel-FFFFFF"},
				"down": {"uv": [0, 0, 16, 16], "texture": "#Voxel-FFFFFF"}
			}
		},
		{
			"name": "Voxel-FFFFFF",
			"from": [13, 5, 2],
			"to": [20, 18, 3],
			"faces": {
				"north": {"uv": [0, 0, 16, 16], "texture": "#Voxel-FFFFFF"},
				"east": {"uv": [0, 0, 16, 16], "texture": "#Voxel-FFFFFF"},
				"south": {"uv": [0, 0, 16, 16], "texture": "#Voxel-FFFFFF"},
				"west": {"uv": [0, 0, 16, 16], "texture": "#Voxel-FFFFFF"},
				"up": {"uv": [0, 0, 16, 16], "texture": "#Voxel-FFFFFF"},
				"down": {"uv": [0, 0, 16, 16], "texture": "#Voxel-FFFFFF"}
			}
		},
		{
			"name": "Voxel-FFFFFF",
			"from": [13, 5, 14],
			"to": [20, 18, 15],
			"faces": {
				"north": {"uv": [0, 0, 16, 16], "texture": "#Voxel-FFFFFF"},
				"east": {"uv": [0, 0, 16, 16], "texture": "#Voxel-FFFFFF"},
				"south": {"uv": [0, 0, 16, 16], "texture": "#Voxel-FFFFFF"},
				"west": {"uv": [0, 0, 16, 16], "texture": "#Voxel-FFFFFF"},
				"up": {"uv": [0, 0, 16, 16], "texture": "#Voxel-FFFFFF"},
				"down": {"uv": [0, 0, 16, 16], "texture": "#Voxel-FFFFFF"}
			}
		},
		{
			"name": "Voxel-FFFFFF",
			"from": [13, 18, 2],
			"to": [20, 19, 15],
			"faces": {
				"north": {"uv": [0, 0, 16, 16], "texture": "#Voxel-FFFFFF"},
				"east": {"uv": [0, 0, 16, 16], "texture": "#Voxel-FFFFFF"},
				"south": {"uv": [0, 0, 16, 16], "texture": "#Voxel-FFFFFF"},
				"west": {"uv": [0, 0, 16, 16], "texture": "#Voxel-FFFFFF"},
				"up": {"uv": [0, 0, 16, 16], "texture": "#Voxel-FFFFFF"},
				"down": {"uv": [0, 0, 16, 16], "texture": "#Voxel-FFFFFF"}
			}
		},
		{
			"name": "Voxel-FFFFFF",
			"from": [13, 4, 2],
			"to": [20, 5, 15],
			"faces": {
				"north": {"uv": [0, 0, 16, 16], "texture": "#Voxel-FFFFFF"},
				"east": {"uv": [0, 0, 16, 16], "texture": "#Voxel-FFFFFF"},
				"south": {"uv": [0, 0, 16, 16], "texture": "#Voxel-FFFFFF"},
				"west": {"uv": [0, 0, 16, 16], "texture": "#Voxel-FFFFFF"},
				"up": {"uv": [0, 0, 16, 16], "texture": "#Voxel-FFFFFF"},
				"down": {"uv": [0, 0, 16, 16], "texture": "#Voxel-FFFFFF"}
			}
		},
		{
			"name": "Voxel-FFFFFF",
			"from": [4, 20, 10],
			"to": [9, 22, 14],
			"faces": {
				"north": {"uv": [0, 0, 16, 16], "texture": "#Voxel-FFFFFF"},
				"east": {"uv": [0, 0, 16, 16], "texture": "#Voxel-FFFFFF"},
				"south": {"uv": [0, 0, 16, 16], "texture": "#Voxel-FFFFFF"},
				"west": {"uv": [0, 0, 16, 16], "texture": "#Voxel-FFFFFF"},
				"up": {"uv": [0, 0, 16, 16], "texture": "#Voxel-FFFFFF"},
				"down": {"uv": [0, 0, 16, 16], "texture": "#Voxel-FFFFFF"}
			}
		},
		{
			"name": "Voxel-FFFFFF",
			"from": [9, 20, 10],
			"to": [11, 21, 13],
			"faces": {
				"north": {"uv": [0, 0, 16, 16], "texture": "#Voxel-FFFFFF"},
				"east": {"uv": [0, 0, 16, 16], "texture": "#Voxel-FFFFFF"},
				"south": {"uv": [0, 0, 16, 16], "texture": "#Voxel-FFFFFF"},
				"west": {"uv": [0, 0, 16, 16], "texture": "#Voxel-FFFFFF"},
				"up": {"uv": [0, 0, 16, 16], "texture": "#Voxel-FFFFFF"},
				"down": {"uv": [0, 0, 16, 16], "texture": "#Voxel-FFFFFF"}
			}
		},
		{
			"name": "Voxel-FFFFFF",
			"from": [2, 21, 2],
			"to": [5, 22, 4],
			"faces": {
				"north": {"uv": [0, 0, 16, 16], "texture": "#Voxel-FFFFFF"},
				"east": {"uv": [0, 0, 16, 16], "texture": "#Voxel-FFFFFF"},
				"south": {"uv": [0, 0, 16, 16], "texture": "#Voxel-FFFFFF"},
				"west": {"uv": [0, 0, 16, 16], "texture": "#Voxel-FFFFFF"},
				"up": {"uv": [0, 0, 16, 16], "texture": "#Voxel-FFFFFF"},
				"down": {"uv": [0, 0, 16, 16], "texture": "#Voxel-FFFFFF"}
			}
		},
		{
			"name": "Voxel-FFFFFF",
			"from": [15, 19, 3],
			"to": [18, 20, 6],
			"faces": {
				"north": {"uv": [0, 0, 16, 16], "texture": "#Voxel-FFFFFF"},
				"east": {"uv": [0, 0, 16, 16], "texture": "#Voxel-FFFFFF"},
				"south": {"uv": [0, 0, 16, 16], "texture": "#Voxel-FFFFFF"},
				"west": {"uv": [0, 0, 16, 16], "texture": "#Voxel-FFFFFF"},
				"up": {"uv": [0, 0, 16, 16], "texture": "#Voxel-FFFFFF"},
				"down": {"uv": [0, 0, 16, 16], "texture": "#Voxel-FFFFFF"}
			}
		},
		{
			"name": "Voxel-FFFFFF",
			"from": [14, 18, 3],
			"to": [17, 19, 5],
			"faces": {
				"north": {"uv": [0, 0, 16, 16], "texture": "#Voxel-FFFFFF"},
				"east": {"uv": [0, 0, 16, 16], "texture": "#Voxel-FFFFFF"},
				"south": {"uv": [0, 0, 16, 16], "texture": "#Voxel-FFFFFF"},
				"west": {"uv": [0, 0, 16, 16], "texture": "#Voxel-FFFFFF"},
				"up": {"uv": [0, 0, 16, 16], "texture": "#Voxel-FFFFFF"},
				"down": {"uv": [0, 0, 16, 16], "texture": "#Voxel-FFFFFF"}
			}
		},
		{
			"name": "Voxel-FFFFFF",
			"from": [14, 20, 7],
			"to": [17, 21, 10],
			"faces": {
				"north": {"uv": [0, 0, 16, 16], "texture": "#Voxel-FFFFFF"},
				"east": {"uv": [0, 0, 16, 16], "texture": "#Voxel-FFFFFF"},
				"south": {"uv": [0, 0, 16, 16], "texture": "#Voxel-FFFFFF"},
				"west": {"uv": [0, 0, 16, 16], "texture": "#Voxel-FFFFFF"},
				"up": {"uv": [0, 0, 16, 16], "texture": "#Voxel-FFFFFF"},
				"down": {"uv": [0, 0, 16, 16], "texture": "#Voxel-FFFFFF"}
			}
		},
		{
			"name": "Voxel-FFFFFF",
			"from": [13, 19, 6],
			"to": [19, 20, 7],
			"faces": {
				"north": {"uv": [0, 0, 16, 16], "texture": "#Voxel-FFFFFF"},
				"east": {"uv": [0, 0, 16, 16], "texture": "#Voxel-FFFFFF"},
				"south": {"uv": [0, 0, 16, 16], "texture": "#Voxel-FFFFFF"},
				"west": {"uv": [0, 0, 16, 16], "texture": "#Voxel-FFFFFF"},
				"up": {"uv": [0, 0, 16, 16], "texture": "#Voxel-FFFFFF"},
				"down": {"uv": [0, 0, 16, 16], "texture": "#Voxel-FFFFFF"}
			}
		},
		{
			"name": "Voxel-FFFFFF",
			"from": [14, 19, 11],
			"to": [18, 20, 14],
			"faces": {
				"north": {"uv": [0, 0, 16, 16], "texture": "#Voxel-FFFFFF"},
				"east": {"uv": [0, 0, 16, 16], "texture": "#Voxel-FFFFFF"},
				"south": {"uv": [0, 0, 16, 16], "texture": "#Voxel-FFFFFF"},
				"west": {"uv": [0, 0, 16, 16], "texture": "#Voxel-FFFFFF"},
				"up": {"uv": [0, 0, 16, 16], "texture": "#Voxel-FFFFFF"},
				"down": {"uv": [0, 0, 16, 16], "texture": "#Voxel-FFFFFF"}
			}
		},
		{
			"name": "Voxel-FFFFFF",
			"from": [18, 19, 10],
			"to": [20, 20, 12],
			"faces": {
				"north": {"uv": [0, 0, 16, 16], "texture": "#Voxel-FFFFFF"},
				"east": {"uv": [0, 0, 16, 16], "texture": "#Voxel-FFFFFF"},
				"south": {"uv": [0, 0, 16, 16], "texture": "#Voxel-FFFFFF"},
				"west": {"uv": [0, 0, 16, 16], "texture": "#Voxel-FFFFFF"},
				"up": {"uv": [0, 0, 16, 16], "texture": "#Voxel-FFFFFF"},
				"down": {"uv": [0, 0, 16, 16], "texture": "#Voxel-FFFFFF"}
			}
		},
		{
			"name": "Voxel-FFFFFF",
			"from": [13, 18, 7],
			"to": [22, 20, 11],
			"faces": {
				"north": {"uv": [0, 0, 16, 16], "texture": "#Voxel-FFFFFF"},
				"east": {"uv": [0, 0, 16, 16], "texture": "#Voxel-FFFFFF"},
				"south": {"uv": [0, 0, 16, 16], "texture": "#Voxel-FFFFFF"},
				"west": {"uv": [0, 0, 16, 16], "texture": "#Voxel-FFFFFF"},
				"up": {"uv": [0, 0, 16, 16], "texture": "#Voxel-FFFFFF"},
				"down": {"uv": [0, 0, 16, 16], "texture": "#Voxel-FFFFFF"}
			}
		},
		{
			"name": "Voxel-FFFFFF",
			"from": [5, 21, 4],
			"to": [8, 22, 5],
			"faces": {
				"north": {"uv": [0, 0, 16, 16], "texture": "#Voxel-FFFFFF"},
				"east": {"uv": [0, 0, 16, 16], "texture": "#Voxel-FFFFFF"},
				"south": {"uv": [0, 0, 16, 16], "texture": "#Voxel-FFFFFF"},
				"west": {"uv": [0, 0, 16, 16], "texture": "#Voxel-FFFFFF"},
				"up": {"uv": [0, 0, 16, 16], "texture": "#Voxel-FFFFFF"},
				"down": {"uv": [0, 0, 16, 16], "texture": "#Voxel-FFFFFF"}
			}
		},
		{
			"name": "Voxel-FFFFFF",
			"from": [8, 20, 4],
			"to": [12, 21, 5],
			"faces": {
				"north": {"uv": [0, 0, 16, 16], "texture": "#Voxel-FFFFFF"},
				"east": {"uv": [0, 0, 16, 16], "texture": "#Voxel-FFFFFF"},
				"south": {"uv": [0, 0, 16, 16], "texture": "#Voxel-FFFFFF"},
				"west": {"uv": [0, 0, 16, 16], "texture": "#Voxel-FFFFFF"},
				"up": {"uv": [0, 0, 16, 16], "texture": "#Voxel-FFFFFF"},
				"down": {"uv": [0, 0, 16, 16], "texture": "#Voxel-FFFFFF"}
			}
		},
		{
			"name": "Voxel-FFFFFF",
			"from": [5, 20, 3],
			"to": [10, 21, 4],
			"faces": {
				"north": {"uv": [0, 0, 16, 16], "texture": "#Voxel-FFFFFF"},
				"east": {"uv": [0, 0, 16, 16], "texture": "#Voxel-FFFFFF"},
				"south": {"uv": [0, 0, 16, 16], "texture": "#Voxel-FFFFFF"},
				"west": {"uv": [0, 0, 16, 16], "texture": "#Voxel-FFFFFF"},
				"up": {"uv": [0, 0, 16, 16], "texture": "#Voxel-FFFFFF"},
				"down": {"uv": [0, 0, 16, 16], "texture": "#Voxel-FFFFFF"}
			}
		},
		{
			"name": "Voxel-FFFFFF",
			"from": [3, 15, 1],
			"to": [6, 21, 3],
			"faces": {
				"north": {"uv": [0, 0, 16, 16], "texture": "#Voxel-FFFFFF"},
				"east": {"uv": [0, 0, 16, 16], "texture": "#Voxel-FFFFFF"},
				"south": {"uv": [0, 0, 16, 16], "texture": "#Voxel-FFFFFF"},
				"west": {"uv": [0, 0, 16, 16], "texture": "#Voxel-FFFFFF"},
				"up": {"uv": [0, 0, 16, 16], "texture": "#Voxel-FFFFFF"},
				"down": {"uv": [0, 0, 16, 16], "texture": "#Voxel-FFFFFF"}
			}
		},
		{
			"name": "Voxel-FFFFFF",
			"from": [3, 15, 1],
			"to": [6, 21, 3],
			"faces": {
				"north": {"uv": [0, 0, 16, 16], "texture": "#Voxel-FFFFFF"},
				"east": {"uv": [0, 0, 16, 16], "texture": "#Voxel-FFFFFF"},
				"south": {"uv": [0, 0, 16, 16], "texture": "#Voxel-FFFFFF"},
				"west": {"uv": [0, 0, 16, 16], "texture": "#Voxel-FFFFFF"},
				"up": {"uv": [0, 0, 16, 16], "texture": "#Voxel-FFFFFF"},
				"down": {"uv": [0, 0, 16, 16], "texture": "#Voxel-FFFFFF"}
			}
		},
		{
			"name": "Voxel-FFFFFF",
			"from": [3, 15, 14],
			"to": [6, 21, 16],
			"faces": {
				"north": {"uv": [0, 0, 16, 16], "texture": "#Voxel-FFFFFF"},
				"east": {"uv": [0, 0, 16, 16], "texture": "#Voxel-FFFFFF"},
				"south": {"uv": [0, 0, 16, 16], "texture": "#Voxel-FFFFFF"},
				"west": {"uv": [0, 0, 16, 16], "texture": "#Voxel-FFFFFF"},
				"up": {"uv": [0, 0, 16, 16], "texture": "#Voxel-FFFFFF"},
				"down": {"uv": [0, 0, 16, 16], "texture": "#Voxel-FFFFFF"}
			}
		},
		{
			"name": "Voxel-FFFFFF",
			"from": [-1, 15, 1],
			"to": [3, 16, 16],
			"faces": {
				"north": {"uv": [0, 0, 16, 16], "texture": "#Voxel-FFFFFF"},
				"east": {"uv": [0, 0, 16, 16], "texture": "#Voxel-FFFFFF"},
				"south": {"uv": [0, 0, 16, 16], "texture": "#Voxel-FFFFFF"},
				"west": {"uv": [0, 0, 16, 16], "texture": "#Voxel-FFFFFF"},
				"up": {"uv": [0, 0, 16, 16], "texture": "#Voxel-FFFFFF"},
				"down": {"uv": [0, 0, 16, 16], "texture": "#Voxel-FFFFFF"}
			}
		},
		{
			"name": "Voxel-FFFFFF",
			"from": [0, 21, 4],
			"to": [1, 22, 9],
			"faces": {
				"north": {"uv": [0, 0, 16, 16], "texture": "#Voxel-FFFFFF"},
				"east": {"uv": [0, 0, 16, 16], "texture": "#Voxel-FFFFFF"},
				"south": {"uv": [0, 0, 16, 16], "texture": "#Voxel-FFFFFF"},
				"west": {"uv": [0, 0, 16, 16], "texture": "#Voxel-FFFFFF"},
				"up": {"uv": [0, 0, 16, 16], "texture": "#Voxel-FFFFFF"},
				"down": {"uv": [0, 0, 16, 16], "texture": "#Voxel-FFFFFF"}
			}
		},
		{
			"name": "Voxel-FFFFFF",
			"from": [-1, 21, 10],
			"to": [0, 22, 13],
			"faces": {
				"north": {"uv": [0, 0, 16, 16], "texture": "#Voxel-FFFFFF"},
				"east": {"uv": [0, 0, 16, 16], "texture": "#Voxel-FFFFFF"},
				"south": {"uv": [0, 0, 16, 16], "texture": "#Voxel-FFFFFF"},
				"west": {"uv": [0, 0, 16, 16], "texture": "#Voxel-FFFFFF"},
				"up": {"uv": [0, 0, 16, 16], "texture": "#Voxel-FFFFFF"},
				"down": {"uv": [0, 0, 16, 16], "texture": "#Voxel-FFFFFF"}
			}
		},
		{
			"name": "Voxel-FFFFFF",
			"from": [0, 15, 4],
			"to": [1, 16, 13],
			"faces": {
				"north": {"uv": [0, 0, 16, 16], "texture": "#Voxel-FFFFFF"},
				"east": {"uv": [0, 0, 16, 16], "texture": "#Voxel-FFFFFF"},
				"south": {"uv": [0, 0, 16, 16], "texture": "#Voxel-FFFFFF"},
				"west": {"uv": [0, 0, 16, 16], "texture": "#Voxel-FFFFFF"},
				"up": {"uv": [0, 0, 16, 16], "texture": "#Voxel-FFFFFF"},
				"down": {"uv": [0, 0, 16, 16], "texture": "#Voxel-FFFFFF"}
			}
		},
		{
			"name": "Voxel-FFFFFF",
			"from": [-1, 16, 5],
			"to": [0, 21, 6],
			"faces": {
				"north": {"uv": [0, 0, 16, 16], "texture": "#Voxel-FFFFFF"},
				"east": {"uv": [0, 0, 16, 16], "texture": "#Voxel-FFFFFF"},
				"south": {"uv": [0, 0, 16, 16], "texture": "#Voxel-FFFFFF"},
				"west": {"uv": [0, 0, 16, 16], "texture": "#Voxel-FFFFFF"},
				"up": {"uv": [0, 0, 16, 16], "texture": "#Voxel-FFFFFF"},
				"down": {"uv": [0, 0, 16, 16], "texture": "#Voxel-FFFFFF"}
			}
		},
		{
			"name": "Voxel-FFFFFF",
			"from": [-2, 16, 11],
			"to": [0, 21, 12],
			"faces": {
				"north": {"uv": [0, 0, 16, 16], "texture": "#Voxel-FFFFFF"},
				"east": {"uv": [0, 0, 16, 16], "texture": "#Voxel-FFFFFF"},
				"south": {"uv": [0, 0, 16, 16], "texture": "#Voxel-FFFFFF"},
				"west": {"uv": [0, 0, 16, 16], "texture": "#Voxel-FFFFFF"},
				"up": {"uv": [0, 0, 16, 16], "texture": "#Voxel-FFFFFF"},
				"down": {"uv": [0, 0, 16, 16], "texture": "#Voxel-FFFFFF"}
			}
		},
		{
			"name": "Voxel-FFFFFF",
			"from": [6, 15, 1],
			"to": [9, 20, 3],
			"faces": {
				"north": {"uv": [0, 0, 16, 16], "texture": "#Voxel-FFFFFF"},
				"east": {"uv": [0, 0, 16, 16], "texture": "#Voxel-FFFFFF"},
				"south": {"uv": [0, 0, 16, 16], "texture": "#Voxel-FFFFFF"},
				"west": {"uv": [0, 0, 16, 16], "texture": "#Voxel-FFFFFF"},
				"up": {"uv": [0, 0, 16, 16], "texture": "#Voxel-FFFFFF"},
				"down": {"uv": [0, 0, 16, 16], "texture": "#Voxel-FFFFFF"}
			}
		},
		{
			"name": "Voxel-FFFFFF",
			"from": [6, 15, 14],
			"to": [9, 20, 16],
			"faces": {
				"north": {"uv": [0, 0, 16, 16], "texture": "#Voxel-FFFFFF"},
				"east": {"uv": [0, 0, 16, 16], "texture": "#Voxel-FFFFFF"},
				"south": {"uv": [0, 0, 16, 16], "texture": "#Voxel-FFFFFF"},
				"west": {"uv": [0, 0, 16, 16], "texture": "#Voxel-FFFFFF"},
				"up": {"uv": [0, 0, 16, 16], "texture": "#Voxel-FFFFFF"},
				"down": {"uv": [0, 0, 16, 16], "texture": "#Voxel-FFFFFF"}
			}
		},
		{
			"name": "Voxel-FFFFFF",
			"from": [-1, 5, 15],
			"to": [0, 13, 20],
			"faces": {
				"north": {"uv": [0, 0, 16, 16], "texture": "#Voxel-FFFFFF"},
				"east": {"uv": [0, 0, 16, 16], "texture": "#Voxel-FFFFFF"},
				"south": {"uv": [0, 0, 16, 16], "texture": "#Voxel-FFFFFF"},
				"west": {"uv": [0, 0, 16, 16], "texture": "#Voxel-FFFFFF"},
				"up": {"uv": [0, 0, 16, 16], "texture": "#Voxel-FFFFFF"},
				"down": {"uv": [0, 0, 16, 16], "texture": "#Voxel-FFFFFF"}
			}
		},
		{
			"name": "Voxel-FFFFFF",
			"from": [-1, 5, -3],
			"to": [0, 13, 2],
			"faces": {
				"north": {"uv": [0, 0, 16, 16], "texture": "#Voxel-FFFFFF"},
				"east": {"uv": [0, 0, 16, 16], "texture": "#Voxel-FFFFFF"},
				"south": {"uv": [0, 0, 16, 16], "texture": "#Voxel-FFFFFF"},
				"west": {"uv": [0, 0, 16, 16], "texture": "#Voxel-FFFFFF"},
				"up": {"uv": [0, 0, 16, 16], "texture": "#Voxel-FFFFFF"},
				"down": {"uv": [0, 0, 16, 16], "texture": "#Voxel-FFFFFF"}
			}
		},
		{
			"name": "Voxel-FFFFFF",
			"from": [0, 7, 20],
			"to": [5, 10, 21],
			"faces": {
				"north": {"uv": [0, 0, 16, 16], "texture": "#Voxel-FFFFFF"},
				"east": {"uv": [0, 0, 16, 16], "texture": "#Voxel-FFFFFF"},
				"south": {"uv": [0, 0, 16, 16], "texture": "#Voxel-FFFFFF"},
				"west": {"uv": [0, 0, 16, 16], "texture": "#Voxel-FFFFFF"},
				"up": {"uv": [0, 0, 16, 16], "texture": "#Voxel-FFFFFF"},
				"down": {"uv": [0, 0, 16, 16], "texture": "#Voxel-FFFFFF"}
			}
		},
		{
			"name": "Voxel-FFFFFF",
			"from": [1, 10, 20],
			"to": [4, 11, 21],
			"faces": {
				"north": {"uv": [0, 0, 16, 16], "texture": "#Voxel-FFFFFF"},
				"east": {"uv": [0, 0, 16, 16], "texture": "#Voxel-FFFFFF"},
				"south": {"uv": [0, 0, 16, 16], "texture": "#Voxel-FFFFFF"},
				"west": {"uv": [0, 0, 16, 16], "texture": "#Voxel-FFFFFF"},
				"up": {"uv": [0, 0, 16, 16], "texture": "#Voxel-FFFFFF"},
				"down": {"uv": [0, 0, 16, 16], "texture": "#Voxel-FFFFFF"}
			}
		},
		{
			"name": "Voxel-FFFFFF",
			"from": [1, 6, 20],
			"to": [4, 7, 21],
			"faces": {
				"north": {"uv": [0, 0, 16, 16], "texture": "#Voxel-FFFFFF"},
				"east": {"uv": [0, 0, 16, 16], "texture": "#Voxel-FFFFFF"},
				"south": {"uv": [0, 0, 16, 16], "texture": "#Voxel-FFFFFF"},
				"west": {"uv": [0, 0, 16, 16], "texture": "#Voxel-FFFFFF"},
				"up": {"uv": [0, 0, 16, 16], "texture": "#Voxel-FFFFFF"},
				"down": {"uv": [0, 0, 16, 16], "texture": "#Voxel-FFFFFF"}
			}
		},
		{
			"name": "Voxel-FFFFFF",
			"from": [1, 10, -4],
			"to": [4, 11, -3],
			"faces": {
				"north": {"uv": [0, 0, 16, 16], "texture": "#Voxel-FFFFFF"},
				"east": {"uv": [0, 0, 16, 16], "texture": "#Voxel-FFFFFF"},
				"south": {"uv": [0, 0, 16, 16], "texture": "#Voxel-FFFFFF"},
				"west": {"uv": [0, 0, 16, 16], "texture": "#Voxel-FFFFFF"},
				"up": {"uv": [0, 0, 16, 16], "texture": "#Voxel-FFFFFF"},
				"down": {"uv": [0, 0, 16, 16], "texture": "#Voxel-FFFFFF"}
			}
		},
		{
			"name": "Voxel-FFFFFF",
			"from": [1, 6, -4],
			"to": [4, 7, -3],
			"faces": {
				"north": {"uv": [0, 0, 16, 16], "texture": "#Voxel-FFFFFF"},
				"east": {"uv": [0, 0, 16, 16], "texture": "#Voxel-FFFFFF"},
				"south": {"uv": [0, 0, 16, 16], "texture": "#Voxel-FFFFFF"},
				"west": {"uv": [0, 0, 16, 16], "texture": "#Voxel-FFFFFF"},
				"up": {"uv": [0, 0, 16, 16], "texture": "#Voxel-FFFFFF"},
				"down": {"uv": [0, 0, 16, 16], "texture": "#Voxel-FFFFFF"}
			}
		},
		{
			"name": "Voxel-FFFFFF",
			"from": [0, 7, -4],
			"to": [5, 10, -3],
			"faces": {
				"north": {"uv": [0, 0, 16, 16], "texture": "#Voxel-FFFFFF"},
				"east": {"uv": [0, 0, 16, 16], "texture": "#Voxel-FFFFFF"},
				"south": {"uv": [0, 0, 16, 16], "texture": "#Voxel-FFFFFF"},
				"west": {"uv": [0, 0, 16, 16], "texture": "#Voxel-FFFFFF"},
				"up": {"uv": [0, 0, 16, 16], "texture": "#Voxel-FFFFFF"},
				"down": {"uv": [0, 0, 16, 16], "texture": "#Voxel-FFFFFF"}
			}
		},
		{
			"name": "Voxel-FFFFFF",
			"from": [9, 4, 0],
			"to": [13, 7, 1],
			"faces": {
				"north": {"uv": [0, 0, 16, 16], "texture": "#Voxel-FFFFFF"},
				"east": {"uv": [0, 0, 16, 16], "texture": "#Voxel-FFFFFF"},
				"south": {"uv": [0, 0, 16, 16], "texture": "#Voxel-FFFFFF"},
				"west": {"uv": [0, 0, 16, 16], "texture": "#Voxel-FFFFFF"},
				"up": {"uv": [0, 0, 16, 16], "texture": "#Voxel-FFFFFF"},
				"down": {"uv": [0, 0, 16, 16], "texture": "#Voxel-FFFFFF"}
			}
		},
		{
			"name": "Voxel-FFFFFF",
			"from": [9, 4, 16],
			"to": [13, 7, 17],
			"faces": {
				"north": {"uv": [0, 0, 16, 16], "texture": "#Voxel-FFFFFF"},
				"east": {"uv": [0, 0, 16, 16], "texture": "#Voxel-FFFFFF"},
				"south": {"uv": [0, 0, 16, 16], "texture": "#Voxel-FFFFFF"},
				"west": {"uv": [0, 0, 16, 16], "texture": "#Voxel-FFFFFF"},
				"up": {"uv": [0, 0, 16, 16], "texture": "#Voxel-FFFFFF"},
				"down": {"uv": [0, 0, 16, 16], "texture": "#Voxel-FFFFFF"}
			}
		},
		{
			"name": "Voxel-FFFFFF",
			"from": [-1, 4, 6],
			"to": [0, 9, 11],
			"faces": {
				"north": {"uv": [0, 0, 16, 16], "texture": "#Voxel-FF0000"},
				"east": {"uv": [0, 0, 16, 16], "texture": "#Voxel-FF0000"},
				"south": {"uv": [0, 0, 16, 16], "texture": "#Voxel-FF0000"},
				"west": {"uv": [0, 0, 16, 16], "texture": "#Voxel-FF0000"},
				"up": {"uv": [0, 0, 16, 16], "texture": "#Voxel-FF0000"},
				"down": {"uv": [0, 0, 16, 16], "texture": "#Voxel-FF0000"}
			}
		},
		{
			"name": "Voxel-FFFFFF",
			"from": [-2, 10, -1],
			"to": [-1, 11, 1],
			"faces": {
				"north": {"uv": [0, 0, 16, 16], "texture": "#Voxel-FFFFFF"},
				"east": {"uv": [0, 0, 16, 16], "texture": "#Voxel-FFFFFF"},
				"south": {"uv": [0, 0, 16, 16], "texture": "#Voxel-FFFFFF"},
				"west": {"uv": [0, 0, 16, 16], "texture": "#Voxel-FFFFFF"},
				"up": {"uv": [0, 0, 16, 16], "texture": "#Voxel-FFFFFF"},
				"down": {"uv": [0, 0, 16, 16], "texture": "#Voxel-FFFFFF"}
			}
		},
		{
			"name": "Voxel-FFFFFF",
			"from": [-2, 6, -1],
			"to": [-1, 7, 1],
			"faces": {
				"north": {"uv": [0, 0, 16, 16], "texture": "#Voxel-FFFFFF"},
				"east": {"uv": [0, 0, 16, 16], "texture": "#Voxel-FFFFFF"},
				"south": {"uv": [0, 0, 16, 16], "texture": "#Voxel-FFFFFF"},
				"west": {"uv": [0, 0, 16, 16], "texture": "#Voxel-FFFFFF"},
				"up": {"uv": [0, 0, 16, 16], "texture": "#Voxel-FFFFFF"},
				"down": {"uv": [0, 0, 16, 16], "texture": "#Voxel-FFFFFF"}
			}
		},
		{
			"name": "Voxel-FFFFFF",
			"from": [-2, 11, 0],
			"to": [-1, 12, 1],
			"faces": {
				"north": {"uv": [0, 0, 16, 16], "texture": "#Voxel-FFFFFF"},
				"east": {"uv": [0, 0, 16, 16], "texture": "#Voxel-FFFFFF"},
				"south": {"uv": [0, 0, 16, 16], "texture": "#Voxel-FFFFFF"},
				"west": {"uv": [0, 0, 16, 16], "texture": "#Voxel-FFFFFF"},
				"up": {"uv": [0, 0, 16, 16], "texture": "#Voxel-FFFFFF"},
				"down": {"uv": [0, 0, 16, 16], "texture": "#Voxel-FFFFFF"}
			}
		},
		{
			"name": "Voxel-FFFFFF",
			"from": [-2, 5, 0],
			"to": [-1, 6, 1],
			"faces": {
				"north": {"uv": [0, 0, 16, 16], "texture": "#Voxel-FFFFFF"},
				"east": {"uv": [0, 0, 16, 16], "texture": "#Voxel-FFFFFF"},
				"south": {"uv": [0, 0, 16, 16], "texture": "#Voxel-FFFFFF"},
				"west": {"uv": [0, 0, 16, 16], "texture": "#Voxel-FFFFFF"},
				"up": {"uv": [0, 0, 16, 16], "texture": "#Voxel-FFFFFF"},
				"down": {"uv": [0, 0, 16, 16], "texture": "#Voxel-FFFFFF"}
			}
		},
		{
			"name": "Voxel-FFFFFF",
			"from": [-1, 11, 2],
			"to": [0, 12, 3],
			"faces": {
				"north": {"uv": [0, 0, 16, 16], "texture": "#Voxel-FFFFFF"},
				"east": {"uv": [0, 0, 16, 16], "texture": "#Voxel-FFFFFF"},
				"south": {"uv": [0, 0, 16, 16], "texture": "#Voxel-FFFFFF"},
				"west": {"uv": [0, 0, 16, 16], "texture": "#Voxel-FFFFFF"},
				"up": {"uv": [0, 0, 16, 16], "texture": "#Voxel-FFFFFF"},
				"down": {"uv": [0, 0, 16, 16], "texture": "#Voxel-FFFFFF"}
			}
		},
		{
			"name": "Voxel-FFFFFF",
			"from": [-2, 10, 16],
			"to": [-1, 11, 18],
			"faces": {
				"north": {"uv": [0, 0, 16, 16], "texture": "#Voxel-FFFFFF"},
				"east": {"uv": [0, 0, 16, 16], "texture": "#Voxel-FFFFFF"},
				"south": {"uv": [0, 0, 16, 16], "texture": "#Voxel-FFFFFF"},
				"west": {"uv": [0, 0, 16, 16], "texture": "#Voxel-FFFFFF"},
				"up": {"uv": [0, 0, 16, 16], "texture": "#Voxel-FFFFFF"},
				"down": {"uv": [0, 0, 16, 16], "texture": "#Voxel-FFFFFF"}
			}
		},
		{
			"name": "Voxel-FFFFFF",
			"from": [-2, 6, 16],
			"to": [-1, 7, 18],
			"faces": {
				"north": {"uv": [0, 0, 16, 16], "texture": "#Voxel-FFFFFF"},
				"east": {"uv": [0, 0, 16, 16], "texture": "#Voxel-FFFFFF"},
				"south": {"uv": [0, 0, 16, 16], "texture": "#Voxel-FFFFFF"},
				"west": {"uv": [0, 0, 16, 16], "texture": "#Voxel-FFFFFF"},
				"up": {"uv": [0, 0, 16, 16], "texture": "#Voxel-FFFFFF"},
				"down": {"uv": [0, 0, 16, 16], "texture": "#Voxel-FFFFFF"}
			}
		},
		{
			"name": "Voxel-FFFFFF",
			"from": [-2, 11, 16],
			"to": [-1, 12, 17],
			"faces": {
				"north": {"uv": [0, 0, 16, 16], "texture": "#Voxel-FFFFFF"},
				"east": {"uv": [0, 0, 16, 16], "texture": "#Voxel-FFFFFF"},
				"south": {"uv": [0, 0, 16, 16], "texture": "#Voxel-FFFFFF"},
				"west": {"uv": [0, 0, 16, 16], "texture": "#Voxel-FFFFFF"},
				"up": {"uv": [0, 0, 16, 16], "texture": "#Voxel-FFFFFF"},
				"down": {"uv": [0, 0, 16, 16], "texture": "#Voxel-FFFFFF"}
			}
		},
		{
			"name": "Voxel-FFFFFF",
			"from": [-2, 5, 16],
			"to": [-1, 6, 17],
			"faces": {
				"north": {"uv": [0, 0, 16, 16], "texture": "#Voxel-FFFFFF"},
				"east": {"uv": [0, 0, 16, 16], "texture": "#Voxel-FFFFFF"},
				"south": {"uv": [0, 0, 16, 16], "texture": "#Voxel-FFFFFF"},
				"west": {"uv": [0, 0, 16, 16], "texture": "#Voxel-FFFFFF"},
				"up": {"uv": [0, 0, 16, 16], "texture": "#Voxel-FFFFFF"},
				"down": {"uv": [0, 0, 16, 16], "texture": "#Voxel-FFFFFF"}
			}
		},
		{
			"name": "Voxel-FFFFFF",
			"from": [-1, 11, 14],
			"to": [0, 12, 15],
			"faces": {
				"north": {"uv": [0, 0, 16, 16], "texture": "#Voxel-FFFFFF"},
				"east": {"uv": [0, 0, 16, 16], "texture": "#Voxel-FFFFFF"},
				"south": {"uv": [0, 0, 16, 16], "texture": "#Voxel-FFFFFF"},
				"west": {"uv": [0, 0, 16, 16], "texture": "#Voxel-FFFFFF"},
				"up": {"uv": [0, 0, 16, 16], "texture": "#Voxel-FFFFFF"},
				"down": {"uv": [0, 0, 16, 16], "texture": "#Voxel-FFFFFF"}
			}
		},
		{
			"name": "Voxel-FFFFFF",
			"from": [-4, 9, 1],
			"to": [0, 11, 16],
			"faces": {
				"north": {"uv": [0, 0, 16, 16], "texture": "#Voxel-FFFFFF"},
				"east": {"uv": [0, 0, 16, 16], "texture": "#Voxel-FFFFFF"},
				"south": {"uv": [0, 0, 16, 16], "texture": "#Voxel-FFFFFF"},
				"west": {"uv": [0, 0, 16, 16], "texture": "#Voxel-FFFFFF"},
				"up": {"uv": [0, 0, 16, 16], "texture": "#Voxel-FFFFFF"},
				"down": {"uv": [0, 0, 16, 16], "texture": "#Voxel-FFFFFF"}
			}
		},
		{
			"name": "Voxel-FFFFFF",
			"from": [-2, 11, 6],
			"to": [0, 12, 11],
			"faces": {
				"north": {"uv": [0, 0, 16, 16], "texture": "#Voxel-FFFFFF"},
				"east": {"uv": [0, 0, 16, 16], "texture": "#Voxel-FFFFFF"},
				"south": {"uv": [0, 0, 16, 16], "texture": "#Voxel-FFFFFF"},
				"west": {"uv": [0, 0, 16, 16], "texture": "#Voxel-FFFFFF"},
				"up": {"uv": [0, 0, 16, 16], "texture": "#Voxel-FFFFFF"},
				"down": {"uv": [0, 0, 16, 16], "texture": "#Voxel-FFFFFF"}
			}
		},
		{
			"name": "Voxel-FFFFFF",
			"from": [-2, 8, 6],
			"to": [0, 9, 11],
			"faces": {
				"north": {"uv": [0, 0, 16, 16], "texture": "#Voxel-FF0000"},
				"east": {"uv": [0, 0, 16, 16], "texture": "#Voxel-FF0000"},
				"south": {"uv": [0, 0, 16, 16], "texture": "#Voxel-FF0000"},
				"west": {"uv": [0, 0, 16, 16], "texture": "#Voxel-FF0000"},
				"up": {"uv": [0, 0, 16, 16], "texture": "#Voxel-FF0000"},
				"down": {"uv": [0, 0, 16, 16], "texture": "#Voxel-FF0000"}
			}
		},
		{
			"name": "Voxel-FFFFFF",
			"from": [-2, 4, 6],
			"to": [-1, 5, 11],
			"faces": {
				"north": {"uv": [0, 0, 16, 16], "texture": "#Voxel-FF0000"},
				"east": {"uv": [0, 0, 16, 16], "texture": "#Voxel-FF0000"},
				"south": {"uv": [0, 0, 16, 16], "texture": "#Voxel-FF0000"},
				"west": {"uv": [0, 0, 16, 16], "texture": "#Voxel-FF0000"},
				"up": {"uv": [0, 0, 16, 16], "texture": "#Voxel-FF0000"},
				"down": {"uv": [0, 0, 16, 16], "texture": "#Voxel-FF0000"}
			}
		},
		{
			"name": "Voxel-FFFFFF",
			"from": [-3, 3, 4],
			"to": [-2, 4, 16],
			"faces": {
				"north": {"uv": [0, 0, 16, 16], "texture": "#Voxel-FFFFFF"},
				"east": {"uv": [0, 0, 16, 16], "texture": "#Voxel-FFFFFF"},
				"south": {"uv": [0, 0, 16, 16], "texture": "#Voxel-FFFFFF"},
				"west": {"uv": [0, 0, 16, 16], "texture": "#Voxel-FFFFFF"},
				"up": {"uv": [0, 0, 16, 16], "texture": "#Voxel-FFFFFF"},
				"down": {"uv": [0, 0, 16, 16], "texture": "#Voxel-FFFFFF"}
			}
		},
		{
			"name": "Voxel-FFFFFF",
			"from": [0, 12, 7],
			"to": [1, 13, 10],
			"faces": {
				"north": {"uv": [0, 0, 16, 16], "texture": "#Voxel-FFFFFF"},
				"east": {"uv": [0, 0, 16, 16], "texture": "#Voxel-FFFFFF"},
				"south": {"uv": [0, 0, 16, 16], "texture": "#Voxel-FFFFFF"},
				"west": {"uv": [0, 0, 16, 16], "texture": "#Voxel-FFFFFF"},
				"up": {"uv": [0, 0, 16, 16], "texture": "#Voxel-FFFFFF"},
				"down": {"uv": [0, 0, 16, 16], "texture": "#Voxel-FFFFFF"}
			}
		},
		{
			"name": "Voxel-FFFFFF",
			"from": [0, 13, 8],
			"to": [1, 14, 9],
			"faces": {
				"north": {"uv": [0, 0, 16, 16], "texture": "#Voxel-FFFFFF"},
				"east": {"uv": [0, 0, 16, 16], "texture": "#Voxel-FFFFFF"},
				"south": {"uv": [0, 0, 16, 16], "texture": "#Voxel-FFFFFF"},
				"west": {"uv": [0, 0, 16, 16], "texture": "#Voxel-FFFFFF"},
				"up": {"uv": [0, 0, 16, 16], "texture": "#Voxel-FFFFFF"},
				"down": {"uv": [0, 0, 16, 16], "texture": "#Voxel-FFFFFF"}
			}
		},
		{
			"name": "Voxel-FFFFFF",
			"from": [-6, -6, 6],
			"to": [-1, 0, 11],
			"faces": {
				"north": {"uv": [0, 0, 16, 16], "texture": "#Voxel-FFFFFF"},
				"east": {"uv": [0, 0, 16, 16], "texture": "#Voxel-FFFFFF"},
				"south": {"uv": [0, 0, 16, 16], "texture": "#Voxel-FFFFFF"},
				"west": {"uv": [0, 0, 16, 16], "texture": "#Voxel-FFFFFF"},
				"up": {"uv": [0, 0, 16, 16], "texture": "#Voxel-FFFFFF"},
				"down": {"uv": [0, 0, 16, 16], "texture": "#Voxel-FFFFFF"}
			}
		},
		{
			"name": "Voxel-FFFFFF",
			"from": [-5, -3, 11],
			"to": [-2, 0, 13],
			"faces": {
				"north": {"uv": [0, 0, 16, 16], "texture": "#Voxel-FFFFFF"},
				"east": {"uv": [0, 0, 16, 16], "texture": "#Voxel-FFFFFF"},
				"south": {"uv": [0, 0, 16, 16], "texture": "#Voxel-FFFFFF"},
				"west": {"uv": [0, 0, 16, 16], "texture": "#Voxel-FFFFFF"},
				"up": {"uv": [0, 0, 16, 16], "texture": "#Voxel-FFFFFF"},
				"down": {"uv": [0, 0, 16, 16], "texture": "#Voxel-FFFFFF"}
			}
		},
		{
			"name": "Voxel-FFFFFF",
			"from": [-5, -3, 4],
			"to": [-2, 0, 6],
			"faces": {
				"north": {"uv": [0, 0, 16, 16], "texture": "#Voxel-FFFFFF"},
				"east": {"uv": [0, 0, 16, 16], "texture": "#Voxel-FFFFFF"},
				"south": {"uv": [0, 0, 16, 16], "texture": "#Voxel-FFFFFF"},
				"west": {"uv": [0, 0, 16, 16], "texture": "#Voxel-FFFFFF"},
				"up": {"uv": [0, 0, 16, 16], "texture": "#Voxel-FFFFFF"},
				"down": {"uv": [0, 0, 16, 16], "texture": "#Voxel-FFFFFF"}
			}
		},
		{
			"name": "Voxel-FFFFFF",
			"from": [-1, 2, -1],
			"to": [8, 4, 1],
			"faces": {
				"north": {"uv": [0, 0, 16, 16], "texture": "#Voxel-FFFFFF"},
				"east": {"uv": [0, 0, 16, 16], "texture": "#Voxel-FFFFFF"},
				"south": {"uv": [0, 0, 16, 16], "texture": "#Voxel-FFFFFF"},
				"west": {"uv": [0, 0, 16, 16], "texture": "#Voxel-FFFFFF"},
				"up": {"uv": [0, 0, 16, 16], "texture": "#Voxel-FFFFFF"},
				"down": {"uv": [0, 0, 16, 16], "texture": "#Voxel-FFFFFF"}
			}
		},
		{
			"name": "Voxel-FFFFFF",
			"from": [-1, 2, 16],
			"to": [8, 4, 18],
			"faces": {
				"north": {"uv": [0, 0, 16, 16], "texture": "#Voxel-FFFFFF"},
				"east": {"uv": [0, 0, 16, 16], "texture": "#Voxel-FFFFFF"},
				"south": {"uv": [0, 0, 16, 16], "texture": "#Voxel-FFFFFF"},
				"west": {"uv": [0, 0, 16, 16], "texture": "#Voxel-FFFFFF"},
				"up": {"uv": [0, 0, 16, 16], "texture": "#Voxel-FFFFFF"},
				"down": {"uv": [0, 0, 16, 16], "texture": "#Voxel-FFFFFF"}
			}
		},
		{
			"name": "Voxel-FFFFFF",
			"from": [-1, -3, 8],
			"to": [4, 0, 10],
			"faces": {
				"north": {"uv": [0, 0, 16, 16], "texture": "#Voxel-FFFFFF"},
				"east": {"uv": [0, 0, 16, 16], "texture": "#Voxel-FFFFFF"},
				"south": {"uv": [0, 0, 16, 16], "texture": "#Voxel-FFFFFF"},
				"west": {"uv": [0, 0, 16, 16], "texture": "#Voxel-FFFFFF"},
				"up": {"uv": [0, 0, 16, 16], "texture": "#Voxel-FFFFFF"},
				"down": {"uv": [0, 0, 16, 16], "texture": "#Voxel-FFFFFF"}
			}
		},
		{
			"name": "Voxel-FFFFFF",
			"from": [4, -1, 7],
			"to": [8, 0, 10],
			"faces": {
				"north": {"uv": [0, 0, 16, 16], "texture": "#Voxel-FFFFFF"},
				"east": {"uv": [0, 0, 16, 16], "texture": "#Voxel-FFFFFF"},
				"south": {"uv": [0, 0, 16, 16], "texture": "#Voxel-FFFFFF"},
				"west": {"uv": [0, 0, 16, 16], "texture": "#Voxel-FFFFFF"},
				"up": {"uv": [0, 0, 16, 16], "texture": "#Voxel-FFFFFF"},
				"down": {"uv": [0, 0, 16, 16], "texture": "#Voxel-FFFFFF"}
			}
		},
		{
			"name": "Voxel-FFFFFF",
			"from": [2, -1, 4],
			"to": [4, 0, 6],
			"faces": {
				"north": {"uv": [0, 0, 16, 16], "texture": "#Voxel-FFFFFF"},
				"east": {"uv": [0, 0, 16, 16], "texture": "#Voxel-FFFFFF"},
				"south": {"uv": [0, 0, 16, 16], "texture": "#Voxel-FFFFFF"},
				"west": {"uv": [0, 0, 16, 16], "texture": "#Voxel-FFFFFF"},
				"up": {"uv": [0, 0, 16, 16], "texture": "#Voxel-FFFFFF"},
				"down": {"uv": [0, 0, 16, 16], "texture": "#Voxel-FFFFFF"}
			}
		},
		{
			"name": "Voxel-FFFFFF",
			"from": [8, -1, 10],
			"to": [10, 0, 12],
			"faces": {
				"north": {"uv": [0, 0, 16, 16], "texture": "#Voxel-FFFFFF"},
				"east": {"uv": [0, 0, 16, 16], "texture": "#Voxel-FFFFFF"},
				"south": {"uv": [0, 0, 16, 16], "texture": "#Voxel-FFFFFF"},
				"west": {"uv": [0, 0, 16, 16], "texture": "#Voxel-FFFFFF"},
				"up": {"uv": [0, 0, 16, 16], "texture": "#Voxel-FFFFFF"},
				"down": {"uv": [0, 0, 16, 16], "texture": "#Voxel-FFFFFF"}
			}
		},
		{
			"name": "Voxel-FFFFFF",
			"from": [7, -1, 4],
			"to": [10, 0, 6],
			"faces": {
				"north": {"uv": [0, 0, 16, 16], "texture": "#Voxel-FFFFFF"},
				"east": {"uv": [0, 0, 16, 16], "texture": "#Voxel-FFFFFF"},
				"south": {"uv": [0, 0, 16, 16], "texture": "#Voxel-FFFFFF"},
				"west": {"uv": [0, 0, 16, 16], "texture": "#Voxel-FFFFFF"},
				"up": {"uv": [0, 0, 16, 16], "texture": "#Voxel-FFFFFF"},
				"down": {"uv": [0, 0, 16, 16], "texture": "#Voxel-FFFFFF"}
			}
		},
		{
			"name": "Voxel-FFFFFF",
			"from": [11, 1, 4],
			"to": [17, 4, 13],
			"faces": {
				"north": {"uv": [0, 0, 16, 16], "texture": "#Voxel-FFFFFF"},
				"east": {"uv": [0, 0, 16, 16], "texture": "#Voxel-FFFFFF"},
				"south": {"uv": [0, 0, 16, 16], "texture": "#Voxel-FFFFFF"},
				"west": {"uv": [0, 0, 16, 16], "texture": "#Voxel-FFFFFF"},
				"up": {"uv": [0, 0, 16, 16], "texture": "#Voxel-FFFFFF"},
				"down": {"uv": [0, 0, 16, 16], "texture": "#Voxel-FFFFFF"}
			}
		},
		{
			"name": "Voxel-FFFFFF",
			"from": [17, 2, 5],
			"to": [19, 4, 12],
			"faces": {
				"north": {"uv": [0, 0, 16, 16], "texture": "#Voxel-FFFFFF"},
				"east": {"uv": [0, 0, 16, 16], "texture": "#Voxel-FFFFFF"},
				"south": {"uv": [0, 0, 16, 16], "texture": "#Voxel-FFFFFF"},
				"west": {"uv": [0, 0, 16, 16], "texture": "#Voxel-FFFFFF"},
				"up": {"uv": [0, 0, 16, 16], "texture": "#Voxel-FFFFFF"},
				"down": {"uv": [0, 0, 16, 16], "texture": "#Voxel-FFFFFF"}
			}
		},
		{
			"name": "Voxel-FFFFFF",
			"from": [19, 6, 5],
			"to": [22, 12, 12],
			"faces": {
				"north": {"uv": [0, 0, 16, 16], "texture": "#Voxel-FFFFFF"},
				"east": {"uv": [0, 0, 16, 16], "texture": "#Voxel-FFFFFF"},
				"south": {"uv": [0, 0, 16, 16], "texture": "#Voxel-FFFFFF"},
				"west": {"uv": [0, 0, 16, 16], "texture": "#Voxel-FFFFFF"},
				"up": {"uv": [0, 0, 16, 16], "texture": "#Voxel-FFFFFF"},
				"down": {"uv": [0, 0, 16, 16], "texture": "#Voxel-FFFFFF"}
			}
		},
		{
			"name": "Voxel-FFFFFF",
			"from": [19, 5, 5],
			"to": [21, 6, 12],
			"faces": {
				"north": {"uv": [0, 0, 16, 16], "texture": "#Voxel-FFFFFF"},
				"east": {"uv": [0, 0, 16, 16], "texture": "#Voxel-FFFFFF"},
				"south": {"uv": [0, 0, 16, 16], "texture": "#Voxel-FFFFFF"},
				"west": {"uv": [0, 0, 16, 16], "texture": "#Voxel-FFFFFF"},
				"up": {"uv": [0, 0, 16, 16], "texture": "#Voxel-FFFFFF"},
				"down": {"uv": [0, 0, 16, 16], "texture": "#Voxel-FFFFFF"}
			}
		},
		{
			"name": "Voxel-FFFFFF",
			"from": [19, 5, 3],
			"to": [21, 12, 5],
			"faces": {
				"north": {"uv": [0, 0, 16, 16], "texture": "#Voxel-FFFFFF"},
				"east": {"uv": [0, 0, 16, 16], "texture": "#Voxel-FFFFFF"},
				"south": {"uv": [0, 0, 16, 16], "texture": "#Voxel-FFFFFF"},
				"west": {"uv": [0, 0, 16, 16], "texture": "#Voxel-FFFFFF"},
				"up": {"uv": [0, 0, 16, 16], "texture": "#Voxel-FFFFFF"},
				"down": {"uv": [0, 0, 16, 16], "texture": "#Voxel-FFFFFF"}
			}
		},
		{
			"name": "Voxel-FFFFFF",
			"from": [19, 5, 12],
			"to": [21, 12, 14],
			"faces": {
				"north": {"uv": [0, 0, 16, 16], "texture": "#Voxel-FFFFFF"},
				"east": {"uv": [0, 0, 16, 16], "texture": "#Voxel-FFFFFF"},
				"south": {"uv": [0, 0, 16, 16], "texture": "#Voxel-FFFFFF"},
				"west": {"uv": [0, 0, 16, 16], "texture": "#Voxel-FFFFFF"},
				"up": {"uv": [0, 0, 16, 16], "texture": "#Voxel-FFFFFF"},
				"down": {"uv": [0, 0, 16, 16], "texture": "#Voxel-FFFFFF"}
			}
		},
		{
			"name": "Voxel-FFFFFF",
			"from": [20, 12, 9],
			"to": [23, 18, 14],
			"faces": {
				"north": {"uv": [0, 0, 16, 16], "texture": "#Voxel-FFFFFF"},
				"east": {"uv": [0, 0, 16, 16], "texture": "#Voxel-FFFFFF"},
				"south": {"uv": [0, 0, 16, 16], "texture": "#Voxel-FFFFFF"},
				"west": {"uv": [0, 0, 16, 16], "texture": "#Voxel-FFFFFF"},
				"up": {"uv": [0, 0, 16, 16], "texture": "#Voxel-FFFFFF"},
				"down": {"uv": [0, 0, 16, 16], "texture": "#Voxel-FFFFFF"}
			}
		},
		{
			"name": "Voxel-FFFFFF",
			"from": [20, 12, 3],
			"to": [23, 18, 9],
			"faces": {
				"north": {"uv": [0, 0, 16, 16], "texture": "#Voxel-FFFFFF"},
				"east": {"uv": [0, 0, 16, 16], "texture": "#Voxel-FFFFFF"},
				"south": {"uv": [0, 0, 16, 16], "texture": "#Voxel-FFFFFF"},
				"west": {"uv": [0, 0, 16, 16], "texture": "#Voxel-FFFFFF"},
				"up": {"uv": [0, 0, 16, 16], "texture": "#Voxel-FFFFFF"},
				"down": {"uv": [0, 0, 16, 16], "texture": "#Voxel-FFFFFF"}
			}
		},
		{
			"name": "Voxel-FFFFFF",
			"from": [23, 11, 6],
			"to": [25, 17, 11],
			"faces": {
				"north": {"uv": [0, 0, 16, 16], "texture": "#Voxel-FFFFFF"},
				"east": {"uv": [0, 0, 16, 16], "texture": "#Voxel-FFFFFF"},
				"south": {"uv": [0, 0, 16, 16], "texture": "#Voxel-FFFFFF"},
				"west": {"uv": [0, 0, 16, 16], "texture": "#Voxel-FFFFFF"},
				"up": {"uv": [0, 0, 16, 16], "texture": "#Voxel-FFFFFF"},
				"down": {"uv": [0, 0, 16, 16], "texture": "#Voxel-FFFFFF"}
			}
		},
		{
			"name": "Voxel-FFFFFF",
			"from": [22, 9, 7],
			"to": [24, 12, 10],
			"faces": {
				"north": {"uv": [0, 0, 16, 16], "texture": "#Voxel-FFFFFF"},
				"east": {"uv": [0, 0, 16, 16], "texture": "#Voxel-FFFFFF"},
				"south": {"uv": [0, 0, 16, 16], "texture": "#Voxel-FFFFFF"},
				"west": {"uv": [0, 0, 16, 16], "texture": "#Voxel-FFFFFF"},
				"up": {"uv": [0, 0, 16, 16], "texture": "#Voxel-FFFFFF"},
				"down": {"uv": [0, 0, 16, 16], "texture": "#Voxel-FFFFFF"}
			}
		},
		{
			"name": "Voxel-FFFFFF",
			"from": [15, 16, 1],
			"to": [17, 18, 2],
			"faces": {
				"north": {"uv": [0, 0, 16, 16], "texture": "#Voxel-FFFFFF"},
				"east": {"uv": [0, 0, 16, 16], "texture": "#Voxel-FFFFFF"},
				"south": {"uv": [0, 0, 16, 16], "texture": "#Voxel-FFFFFF"},
				"west": {"uv": [0, 0, 16, 16], "texture": "#Voxel-FFFFFF"},
				"up": {"uv": [0, 0, 16, 16], "texture": "#Voxel-FFFFFF"},
				"down": {"uv": [0, 0, 16, 16], "texture": "#Voxel-FFFFFF"}
			}
		},
		{
			"name": "Voxel-FFFFFF",
			"from": [15, 8, 1],
			"to": [17, 10, 2],
			"faces": {
				"north": {"uv": [0, 0, 16, 16], "texture": "#Voxel-FFFFFF"},
				"east": {"uv": [0, 0, 16, 16], "texture": "#Voxel-FFFFFF"},
				"south": {"uv": [0, 0, 16, 16], "texture": "#Voxel-FFFFFF"},
				"west": {"uv": [0, 0, 16, 16], "texture": "#Voxel-FFFFFF"},
				"up": {"uv": [0, 0, 16, 16], "texture": "#Voxel-FFFFFF"},
				"down": {"uv": [0, 0, 16, 16], "texture": "#Voxel-FFFFFF"}
			}
		},
		{
			"name": "Voxel-FFFFFF",
			"from": [18, 11, 1],
			"to": [19, 15, 2],
			"faces": {
				"north": {"uv": [0, 0, 16, 16], "texture": "#Voxel-FFFFFF"},
				"east": {"uv": [0, 0, 16, 16], "texture": "#Voxel-FFFFFF"},
				"south": {"uv": [0, 0, 16, 16], "texture": "#Voxel-FFFFFF"},
				"west": {"uv": [0, 0, 16, 16], "texture": "#Voxel-FFFFFF"},
				"up": {"uv": [0, 0, 16, 16], "texture": "#Voxel-FFFFFF"},
				"down": {"uv": [0, 0, 16, 16], "texture": "#Voxel-FFFFFF"}
			}
		},
		{
			"name": "Voxel-FFFFFF",
			"from": [18, 11, 15],
			"to": [19, 15, 16],
			"faces": {
				"north": {"uv": [0, 0, 16, 16], "texture": "#Voxel-FFFFFF"},
				"east": {"uv": [0, 0, 16, 16], "texture": "#Voxel-FFFFFF"},
				"south": {"uv": [0, 0, 16, 16], "texture": "#Voxel-FFFFFF"},
				"west": {"uv": [0, 0, 16, 16], "texture": "#Voxel-FFFFFF"},
				"up": {"uv": [0, 0, 16, 16], "texture": "#Voxel-FFFFFF"},
				"down": {"uv": [0, 0, 16, 16], "texture": "#Voxel-FFFFFF"}
			}
		},
		{
			"name": "Voxel-FFFFFF",
			"from": [15, 16, 15],
			"to": [17, 18, 16],
			"faces": {
				"north": {"uv": [0, 0, 16, 16], "texture": "#Voxel-FFFFFF"},
				"east": {"uv": [0, 0, 16, 16], "texture": "#Voxel-FFFFFF"},
				"south": {"uv": [0, 0, 16, 16], "texture": "#Voxel-FFFFFF"},
				"west": {"uv": [0, 0, 16, 16], "texture": "#Voxel-FFFFFF"},
				"up": {"uv": [0, 0, 16, 16], "texture": "#Voxel-FFFFFF"},
				"down": {"uv": [0, 0, 16, 16], "texture": "#Voxel-FFFFFF"}
			}
		},
		{
			"name": "Voxel-FFFFFF",
			"from": [15, 11, 16],
			"to": [17, 15, 17],
			"faces": {
				"north": {"uv": [0, 0, 16, 16], "texture": "#Voxel-FFFFFF"},
				"east": {"uv": [0, 0, 16, 16], "texture": "#Voxel-FFFFFF"},
				"south": {"uv": [0, 0, 16, 16], "texture": "#Voxel-FFFFFF"},
				"west": {"uv": [0, 0, 16, 16], "texture": "#Voxel-FFFFFF"},
				"up": {"uv": [0, 0, 16, 16], "texture": "#Voxel-FFFFFF"},
				"down": {"uv": [0, 0, 16, 16], "texture": "#Voxel-FFFFFF"}
			}
		},
		{
			"name": "Voxel-FFFFFF",
			"from": [15, 5, 15],
			"to": [19, 7, 16],
			"faces": {
				"north": {"uv": [0, 0, 16, 16], "texture": "#Voxel-FFFFFF"},
				"east": {"uv": [0, 0, 16, 16], "texture": "#Voxel-FFFFFF"},
				"south": {"uv": [0, 0, 16, 16], "texture": "#Voxel-FFFFFF"},
				"west": {"uv": [0, 0, 16, 16], "texture": "#Voxel-FFFFFF"},
				"up": {"uv": [0, 0, 16, 16], "texture": "#Voxel-FFFFFF"},
				"down": {"uv": [0, 0, 16, 16], "texture": "#Voxel-FFFFFF"}
			}
		},
		{
			"name": "Voxel-FFFFFF",
			"from": [15, 5, 1],
			"to": [19, 7, 2],
			"faces": {
				"north": {"uv": [0, 0, 16, 16], "texture": "#Voxel-FFFFFF"},
				"east": {"uv": [0, 0, 16, 16], "texture": "#Voxel-FFFFFF"},
				"south": {"uv": [0, 0, 16, 16], "texture": "#Voxel-FFFFFF"},
				"west": {"uv": [0, 0, 16, 16], "texture": "#Voxel-FFFFFF"},
				"up": {"uv": [0, 0, 16, 16], "texture": "#Voxel-FFFFFF"},
				"down": {"uv": [0, 0, 16, 16], "texture": "#Voxel-FFFFFF"}
			}
		},
		{
			"name": "Voxel-FFFFFF",
			"from": [15, 11, 0],
			"to": [17, 15, 1],
			"faces": {
				"north": {"uv": [0, 0, 16, 16], "texture": "#Voxel-FFFFFF"},
				"east": {"uv": [0, 0, 16, 16], "texture": "#Voxel-FFFFFF"},
				"south": {"uv": [0, 0, 16, 16], "texture": "#Voxel-FFFFFF"},
				"west": {"uv": [0, 0, 16, 16], "texture": "#Voxel-FFFFFF"},
				"up": {"uv": [0, 0, 16, 16], "texture": "#Voxel-FFFFFF"},
				"down": {"uv": [0, 0, 16, 16], "texture": "#Voxel-FFFFFF"}
			}
		},
		{
			"name": "Voxel-FFFFFF",
			"from": [9, 9, -2],
			"to": [11, 13, -1],
			"faces": {
				"north": {"uv": [0, 0, 16, 16], "texture": "#Voxel-FFFFFF"},
				"east": {"uv": [0, 0, 16, 16], "texture": "#Voxel-FFFFFF"},
				"south": {"uv": [0, 0, 16, 16], "texture": "#Voxel-FFFFFF"},
				"west": {"uv": [0, 0, 16, 16], "texture": "#Voxel-FFFFFF"},
				"up": {"uv": [0, 0, 16, 16], "texture": "#Voxel-FFFFFF"},
				"down": {"uv": [0, 0, 16, 16], "texture": "#Voxel-FFFFFF"}
			}
		},
		{
			"name": "Voxel-FFFFFF",
			"from": [9, 9, 18],
			"to": [11, 13, 19],
			"faces": {
				"north": {"uv": [0, 0, 16, 16], "texture": "#Voxel-FFFFFF"},
				"east": {"uv": [0, 0, 16, 16], "texture": "#Voxel-FFFFFF"},
				"south": {"uv": [0, 0, 16, 16], "texture": "#Voxel-FFFFFF"},
				"west": {"uv": [0, 0, 16, 16], "texture": "#Voxel-FFFFFF"},
				"up": {"uv": [0, 0, 16, 16], "texture": "#Voxel-FFFFFF"},
				"down": {"uv": [0, 0, 16, 16], "texture": "#Voxel-FFFFFF"}
			}
		},
		{
			"name": "Voxel-FFFFFF",
			"from": [15, 8, 15],
			"to": [17, 10, 16],
			"faces": {
				"north": {"uv": [0, 0, 16, 16], "texture": "#Voxel-FFFFFF"},
				"east": {"uv": [0, 0, 16, 16], "texture": "#Voxel-FFFFFF"},
				"south": {"uv": [0, 0, 16, 16], "texture": "#Voxel-FFFFFF"},
				"west": {"uv": [0, 0, 16, 16], "texture": "#Voxel-FFFFFF"},
				"up": {"uv": [0, 0, 16, 16], "texture": "#Voxel-FFFFFF"},
				"down": {"uv": [0, 0, 16, 16], "texture": "#Voxel-FFFFFF"}
			}
		},
		{
			"name": "Voxel-FFFFFF",
			"from": [25, 13, 7],
			"to": [26, 16, 10],
			"faces": {
				"north": {"uv": [0, 0, 16, 16], "texture": "#Voxel-FFFFFF"},
				"east": {"uv": [0, 0, 16, 16], "texture": "#Voxel-FFFFFF"},
				"south": {"uv": [0, 0, 16, 16], "texture": "#Voxel-FFFFFF"},
				"west": {"uv": [0, 0, 16, 16], "texture": "#Voxel-FFFFFF"},
				"up": {"uv": [0, 0, 16, 16], "texture": "#Voxel-FFFFFF"},
				"down": {"uv": [0, 0, 16, 16], "texture": "#Voxel-FFFFFF"}
			}
		},
		{
			"name": "Voxel-FFFFFF",
			"from": [23, 17, 7],
			"to": [24, 18, 10],
			"faces": {
				"north": {"uv": [0, 0, 16, 16], "texture": "#Voxel-FFFFFF"},
				"east": {"uv": [0, 0, 16, 16], "texture": "#Voxel-FFFFFF"},
				"south": {"uv": [0, 0, 16, 16], "texture": "#Voxel-FFFFFF"},
				"west": {"uv": [0, 0, 16, 16], "texture": "#Voxel-FFFFFF"},
				"up": {"uv": [0, 0, 16, 16], "texture": "#Voxel-FFFFFF"},
				"down": {"uv": [0, 0, 16, 16], "texture": "#Voxel-FFFFFF"}
			}
		},
		{
			"name": "Voxel-FFFFFF",
			"from": [10, 15, 17],
			"to": [13, 18, 18],
			"faces": {
				"north": {"uv": [0, 0, 16, 16], "texture": "#Voxel-FFFFFF"},
				"east": {"uv": [0, 0, 16, 16], "texture": "#Voxel-FFFFFF"},
				"south": {"uv": [0, 0, 16, 16], "texture": "#Voxel-FFFFFF"},
				"west": {"uv": [0, 0, 16, 16], "texture": "#Voxel-FFFFFF"},
				"up": {"uv": [0, 0, 16, 16], "texture": "#Voxel-FFFFFF"},
				"down": {"uv": [0, 0, 16, 16], "texture": "#Voxel-FFFFFF"}
			}
		},
		{
			"name": "Voxel-FFFFFF",
			"from": [10, 15, -1],
			"to": [13, 18, 0],
			"faces": {
				"north": {"uv": [0, 0, 16, 16], "texture": "#Voxel-FFFFFF"},
				"east": {"uv": [0, 0, 16, 16], "texture": "#Voxel-FFFFFF"},
				"south": {"uv": [0, 0, 16, 16], "texture": "#Voxel-FFFFFF"},
				"west": {"uv": [0, 0, 16, 16], "texture": "#Voxel-FFFFFF"},
				"up": {"uv": [0, 0, 16, 16], "texture": "#Voxel-FFFFFF"},
				"down": {"uv": [0, 0, 16, 16], "texture": "#Voxel-FFFFFF"}
			}
		},
		{
			"name": "Voxel-FFFFFF",
			"from": [23, 13, 10],
			"to": [24, 16, 13],
			"faces": {
				"north": {"uv": [0, 0, 16, 16], "texture": "#Voxel-FFFFFF"},
				"east": {"uv": [0, 0, 16, 16], "texture": "#Voxel-FFFFFF"},
				"south": {"uv": [0, 0, 16, 16], "texture": "#Voxel-FFFFFF"},
				"west": {"uv": [0, 0, 16, 16], "texture": "#Voxel-FFFFFF"},
				"up": {"uv": [0, 0, 16, 16], "texture": "#Voxel-FFFFFF"},
				"down": {"uv": [0, 0, 16, 16], "texture": "#Voxel-FFFFFF"}
			}
		},
		{
			"name": "Voxel-FFFFFF",
			"from": [23, 13, 4],
			"to": [24, 16, 7],
			"faces": {
				"north": {"uv": [0, 0, 16, 16], "texture": "#Voxel-FFFFFF"},
				"east": {"uv": [0, 0, 16, 16], "texture": "#Voxel-FFFFFF"},
				"south": {"uv": [0, 0, 16, 16], "texture": "#Voxel-FFFFFF"},
				"west": {"uv": [0, 0, 16, 16], "texture": "#Voxel-FFFFFF"},
				"up": {"uv": [0, 0, 16, 16], "texture": "#Voxel-FFFFFF"},
				"down": {"uv": [0, 0, 16, 16], "texture": "#Voxel-FFFFFF"}
			}
		},
		{
			"name": "Voxel-FFFFFF",
			"from": [-7, -5, 7],
			"to": [-6, -2, 10],
			"faces": {
				"north": {"uv": [0, 0, 16, 16], "texture": "#Voxel-FFFFFF"},
				"east": {"uv": [0, 0, 16, 16], "texture": "#Voxel-FFFFFF"},
				"south": {"uv": [0, 0, 16, 16], "texture": "#Voxel-FFFFFF"},
				"west": {"uv": [0, 0, 16, 16], "texture": "#Voxel-FFFFFF"},
				"up": {"uv": [0, 0, 16, 16], "texture": "#Voxel-FFFFFF"},
				"down": {"uv": [0, 0, 16, 16], "texture": "#Voxel-FFFFFF"}
			}
		},
		{
			"name": "Voxel-FFFFFF",
			"from": [-7, -7, 8],
			"to": [-6, -5, 9],
			"faces": {
				"north": {"uv": [0, 0, 16, 16], "texture": "#Voxel-FFFFFF"},
				"east": {"uv": [0, 0, 16, 16], "texture": "#Voxel-FFFFFF"},
				"south": {"uv": [0, 0, 16, 16], "texture": "#Voxel-FFFFFF"},
				"west": {"uv": [0, 0, 16, 16], "texture": "#Voxel-FFFFFF"},
				"up": {"uv": [0, 0, 16, 16], "texture": "#Voxel-FFFFFF"},
				"down": {"uv": [0, 0, 16, 16], "texture": "#Voxel-FFFFFF"}
			}
		},
		{
			"name": "Voxel-FFFFFF",
			"from": [-6, -8, 7],
			"to": [-2, -6, 10],
			"faces": {
				"north": {"uv": [0, 0, 16, 16], "texture": "#Voxel-FFFFFF"},
				"east": {"uv": [0, 0, 16, 16], "texture": "#Voxel-FFFFFF"},
				"south": {"uv": [0, 0, 16, 16], "texture": "#Voxel-FFFFFF"},
				"west": {"uv": [0, 0, 16, 16], "texture": "#Voxel-FFFFFF"},
				"up": {"uv": [0, 0, 16, 16], "texture": "#Voxel-FFFFFF"},
				"down": {"uv": [0, 0, 16, 16], "texture": "#Voxel-FFFFFF"}
			}
		},
		{
			"name": "Voxel-FFFFFF",
			"from": [-4, 0, 2],
			"to": [-3, 4, 15],
			"faces": {
				"north": {"uv": [0, 0, 16, 16], "texture": "#Voxel-FFFFFF"},
				"east": {"uv": [0, 0, 16, 16], "texture": "#Voxel-FFFFFF"},
				"south": {"uv": [0, 0, 16, 16], "texture": "#Voxel-FFFFFF"},
				"west": {"uv": [0, 0, 16, 16], "texture": "#Voxel-FFFFFF"},
				"up": {"uv": [0, 0, 16, 16], "texture": "#Voxel-FFFFFF"},
				"down": {"uv": [0, 0, 16, 16], "texture": "#Voxel-FFFFFF"}
			}
		},
		{
			"name": "Voxel-FFFFFF",
			"from": [-5, 0, 7],
			"to": [-4, 3, 10],
			"faces": {
				"north": {"uv": [0, 0, 16, 16], "texture": "#Voxel-FFFFFF"},
				"east": {"uv": [0, 0, 16, 16], "texture": "#Voxel-FFFFFF"},
				"south": {"uv": [0, 0, 16, 16], "texture": "#Voxel-FFFFFF"},
				"west": {"uv": [0, 0, 16, 16], "texture": "#Voxel-FFFFFF"},
				"up": {"uv": [0, 0, 16, 16], "texture": "#Voxel-FFFFFF"},
				"down": {"uv": [0, 0, 16, 16], "texture": "#Voxel-FFFFFF"}
			}
		},
		{
			"name": "Voxel-FFFFFF",
			"from": [-3, 1, 1],
			"to": [14, 9, 4],
			"faces": {
				"north": {"uv": [0, 0, 16, 16], "texture": "#Voxel-FFFFFF"},
				"east": {"uv": [0, 0, 16, 16], "texture": "#Voxel-FFFFFF"},
				"south": {"uv": [0, 0, 16, 16], "texture": "#Voxel-FFFFFF"},
				"west": {"uv": [0, 0, 16, 16], "texture": "#Voxel-FFFFFF"},
				"up": {"uv": [0, 0, 16, 16], "texture": "#Voxel-FFFFFF"},
				"down": {"uv": [0, 0, 16, 16], "texture": "#Voxel-FFFFFF"}
			}
		},
		{
			"name": "Voxel-FFFFFF",
			"from": [-3, 1, 13],
			"to": [14, 9, 16],
			"faces": {
				"north": {"uv": [0, 0, 16, 16], "texture": "#Voxel-FFFFFF"},
				"east": {"uv": [0, 0, 16, 16], "texture": "#Voxel-FFFFFF"},
				"south": {"uv": [0, 0, 16, 16], "texture": "#Voxel-FFFFFF"},
				"west": {"uv": [0, 0, 16, 16], "texture": "#Voxel-FFFFFF"},
				"up": {"uv": [0, 0, 16, 16], "texture": "#Voxel-FFFFFF"},
				"down": {"uv": [0, 0, 16, 16], "texture": "#Voxel-FFFFFF"}
			}
		},
		{
			"name": "Voxel-FFFFFF",
			"from": [-3, 0, 3],
			"to": [11, 1, 13],
			"faces": {
				"north": {"uv": [0, 0, 16, 16], "texture": "#Voxel-FFFFFF"},
				"east": {"uv": [0, 0, 16, 16], "texture": "#Voxel-FFFFFF"},
				"south": {"uv": [0, 0, 16, 16], "texture": "#Voxel-FFFFFF"},
				"west": {"uv": [0, 0, 16, 16], "texture": "#Voxel-FFFFFF"},
				"up": {"uv": [0, 0, 16, 16], "texture": "#Voxel-FFFFFF"},
				"down": {"uv": [0, 0, 16, 16], "texture": "#Voxel-FFFFFF"}
			}
		},
		{
			"name": "Voxel-FF0000",
			"from": [-2, 4, 4],
			"to": [-1, 9, 6],
			"faces": {
				"north": {"uv": [0, 0, 16, 16], "texture": "#Voxel-FF0000"},
				"east": {"uv": [0, 0, 16, 16], "texture": "#Voxel-FF0000"},
				"south": {"uv": [0, 0, 16, 16], "texture": "#Voxel-FF0000"},
				"west": {"uv": [0, 0, 16, 16], "texture": "#Voxel-FF0000"},
				"up": {"uv": [0, 0, 16, 16], "texture": "#Voxel-FF0000"},
				"down": {"uv": [0, 0, 16, 16], "texture": "#Voxel-FF0000"}
			}
		},
		{
			"name": "Voxel-FF0000",
			"from": [-2, 4, 11],
			"to": [-1, 9, 13],
			"faces": {
				"north": {"uv": [0, 0, 16, 16], "texture": "#Voxel-FF0000"},
				"east": {"uv": [0, 0, 16, 16], "texture": "#Voxel-FF0000"},
				"south": {"uv": [0, 0, 16, 16], "texture": "#Voxel-FF0000"},
				"west": {"uv": [0, 0, 16, 16], "texture": "#Voxel-FF0000"},
				"up": {"uv": [0, 0, 16, 16], "texture": "#Voxel-FF0000"},
				"down": {"uv": [0, 0, 16, 16], "texture": "#Voxel-FF0000"}
			}
		},
		{
			"name": "Voxel-FFFFFF",
			"from": [-2, 7, 16],
			"to": [-1, 10, 19],
			"faces": {
				"north": {"uv": [0, 0, 16, 16], "texture": "#Voxel-FFFFFF"},
				"east": {"uv": [0, 0, 16, 16], "texture": "#Voxel-FFFFFF"},
				"south": {"uv": [0, 0, 16, 16], "texture": "#Voxel-FFFFFF"},
				"west": {"uv": [0, 0, 16, 16], "texture": "#Voxel-FFFFFF"},
				"up": {"uv": [0, 0, 16, 16], "texture": "#Voxel-FFFFFF"},
				"down": {"uv": [0, 0, 16, 16], "texture": "#Voxel-FFFFFF"}
			}
		},
		{
			"name": "Voxel-FFFFFF",
			"from": [-2, 7, -2],
			"to": [-1, 10, 1],
			"faces": {
				"north": {"uv": [0, 0, 16, 16], "texture": "#Voxel-FFFFFF"},
				"east": {"uv": [0, 0, 16, 16], "texture": "#Voxel-FFFFFF"},
				"south": {"uv": [0, 0, 16, 16], "texture": "#Voxel-FFFFFF"},
				"west": {"uv": [0, 0, 16, 16], "texture": "#Voxel-FFFFFF"},
				"up": {"uv": [0, 0, 16, 16], "texture": "#Voxel-FFFFFF"},
				"down": {"uv": [0, 0, 16, 16], "texture": "#Voxel-FFFFFF"}
			}
		},
		{
			"name": "Voxel-FFFFFF",
			"from": [8, 9, 15],
			"to": [14, 15, 17],
			"faces": {
				"north": {"uv": [0, 0, 16, 16], "texture": "#Voxel-FFFFFF"},
				"east": {"uv": [0, 0, 16, 16], "texture": "#Voxel-FFFFFF"},
				"south": {"uv": [0, 0, 16, 16], "texture": "#Voxel-FFFFFF"},
				"west": {"uv": [0, 0, 16, 16], "texture": "#Voxel-FFFFFF"},
				"up": {"uv": [0, 0, 16, 16], "texture": "#Voxel-FFFFFF"},
				"down": {"uv": [0, 0, 16, 16], "texture": "#Voxel-FFFFFF"}
			}
		},
		{
			"name": "Voxel-FFFFFF",
			"from": [8, 9, 0],
			"to": [14, 15, 2],
			"faces": {
				"north": {"uv": [0, 0, 16, 16], "texture": "#Voxel-FFFFFF"},
				"east": {"uv": [0, 0, 16, 16], "texture": "#Voxel-FFFFFF"},
				"south": {"uv": [0, 0, 16, 16], "texture": "#Voxel-FFFFFF"},
				"west": {"uv": [0, 0, 16, 16], "texture": "#Voxel-FFFFFF"},
				"up": {"uv": [0, 0, 16, 16], "texture": "#Voxel-FFFFFF"},
				"down": {"uv": [0, 0, 16, 16], "texture": "#Voxel-FFFFFF"}
			}
		},
		{
			"name": "Voxel-FFFFFF",
			"from": [0, 7, 16],
			"to": [12, 14, 18],
			"faces": {
				"north": {"uv": [0, 0, 16, 16], "texture": "#Voxel-FFFFFF"},
				"east": {"uv": [0, 0, 16, 16], "texture": "#Voxel-FFFFFF"},
				"south": {"uv": [0, 0, 16, 16], "texture": "#Voxel-FFFFFF"},
				"west": {"uv": [0, 0, 16, 16], "texture": "#Voxel-FFFFFF"},
				"up": {"uv": [0, 0, 16, 16], "texture": "#Voxel-FFFFFF"},
				"down": {"uv": [0, 0, 16, 16], "texture": "#Voxel-FFFFFF"}
			}
		},
		{
			"name": "Voxel-FFFFFF",
			"from": [0, 7, -1],
			"to": [12, 14, 1],
			"faces": {
				"north": {"uv": [0, 0, 16, 16], "texture": "#Voxel-FFFFFF"},
				"east": {"uv": [0, 0, 16, 16], "texture": "#Voxel-FFFFFF"},
				"south": {"uv": [0, 0, 16, 16], "texture": "#Voxel-FFFFFF"},
				"west": {"uv": [0, 0, 16, 16], "texture": "#Voxel-FFFFFF"},
				"up": {"uv": [0, 0, 16, 16], "texture": "#Voxel-FFFFFF"},
				"down": {"uv": [0, 0, 16, 16], "texture": "#Voxel-FFFFFF"}
			}
		}
	],
	"display": {
		"gui": {
			"rotation": [0, 45, 0],
			"scale": [0.5, 0.5, 0.5]
		},
		"head": {
			"rotation": [0, -90, 0],
			"scale": [2, 2, 2]
		},
		"fixed": {
			"rotation": [0, -90, 0],
			"scale": [0.5, 0.5, 0.5]
		}
	},
	"groups": [
		{
			"name": "airhead",
			"origin": [8, 8, 8],
			"color": 0,
			"nbt": "{}",
			"armAnimationEnabled": false,
			"children": [0, 1, 2, 3, 4, 5, 6, 7, 8, 9, 10, 11, 12, 13, 14, 15, 16, 17, 18, 19, 20, 21, 22, 23, 24, 25, 26, 27, 28, 29, 30, 31, 32, 33, 34, 35, 36, 37, 38, 39, 40, 41, 42, 43, 44, 45, 46, 47, 48, 49, 50, 51, 52, 53, 54, 55, 56, 57, 58, 59, 60, 61, 62, 63, 64, 65, 66, 67, 68, 69, 70, 71, 72, 73, 74, 75, 76, 77, 78, 79, 80, 81, 82, 83, 84, 85, 86, 87, 88, 89, 90, 91, 92, 93, 94, 95, 96, 97, 98, 99, 100, 101, 102, 103, 104, 105, 106, 107, 108, 109, 110, 111, 112, 113, 114, 115, 116, 117, 118, 119, 120, 121, 122, 123, 124, 125, 126, 127, 128, 129, 130, 131, 132, 133, 134, 135, 136, 137, 138, 139, 140, 141, 142, 143, 144, 145, 146, 147, 148, 149, 150, 151, 152, 153]
		}
	]
}