{
	"credit": "Made with Blockbench",
	"texture_size": [32, 32],
	"textures": {
		"5": "item/bigsword"
	},
	"elements": [
		{
			"name": "Voxel-666666",
			"from": [8, 6, 6],
			"to": [9, 16, 7],
			"faces": {
				"north": {"uv": [7, 6.5, 7.5, 11.5], "texture": "#5"},
				"east": {"uv": [7.5, 0, 8, 5], "texture": "#5"},
				"south": {"uv": [7.5, 6.5, 8, 11.5], "texture": "#5"},
				"west": {"uv": [8, 0, 8.5, 5], "texture": "#5"},
				"up": {"uv": [14, 0.5, 13.5, 0], "texture": "#5"},
				"down": {"uv": [14, 0.5, 13.5, 1], "texture": "#5"}
			}
		},
		{
			"name": "Voxel-939393",
			"from": [7.5, 6, 8],
			"to": [9.5, 16, 9],
			"faces": {
				"north": {"uv": [3, 0, 4, 5], "texture": "#5"},
				"east": {"uv": [8, 5, 8.5, 10], "texture": "#5"},
				"south": {"uv": [4, 0, 5, 5], "texture": "#5"},
				"west": {"uv": [8.5, 0, 9, 5], "texture": "#5"},
				"up": {"uv": [13.5, 2, 12.5, 1.5], "texture": "#5"},
				"down": {"uv": [14, 7.5, 13, 8], "texture": "#5"}
			}
		},
		{
			"name": "Voxel-7C7C7C",
			"from": [7.75, 6, 9],
			"to": [9.25, 16, 10],
			"faces": {
				"north": {"uv": [0, 4.5, 1, 9.5], "texture": "#5"},
				"east": {"uv": [8.5, 5, 9, 10], "texture": "#5"},
				"south": {"uv": [1, 4.5, 2, 9.5], "texture": "#5"},
				"west": {"uv": [9, 0, 9.5, 5], "texture": "#5"},
				"up": {"uv": [14, 8.5, 13, 8], "texture": "#5"},
				"down": {"uv": [14, 8.5, 13, 9], "texture": "#5"}
			}
		},
		{
			"name": "Voxel-666666",
			"from": [8, 6, 10],
			"to": [9, 16, 11],
			"faces": {
				"north": {"uv": [9, 5, 9.5, 10], "texture": "#5"},
				"east": {"uv": [0, 9.5, 0.5, 14.5], "texture": "#5"},
				"south": {"uv": [9.5, 0, 10, 5], "texture": "#5"},
				"west": {"uv": [0.5, 9.5, 1, 14.5], "texture": "#5"},
				"up": {"uv": [14, 1.5, 13.5, 1], "texture": "#5"},
				"down": {"uv": [14, 1.5, 13.5, 2], "texture": "#5"}
			}
		},
		{
			"name": "Voxel-7C7C7C",
			"from": [7.75, 6, 7],
			"to": [9.25, 16, 8],
			"faces": {
				"north": {"uv": [2, 4.5, 3, 9.5], "texture": "#5"},
				"east": {"uv": [1, 9.5, 1.5, 14.5], "texture": "#5"},
				"south": {"uv": [5, 0, 6, 5], "texture": "#5"},
				"west": {"uv": [1.5, 9.5, 2, 14.5], "texture": "#5"},
				"up": {"uv": [14, 9.5, 13, 9], "texture": "#5"},
				"down": {"uv": [14, 9.5, 13, 10], "texture": "#5"}
			}
		},
		{
			"name": "Voxel-7C7C7C",
			"from": [8.25, 6, 11],
			"to": [8.75, 17, 12],
			"faces": {
				"north": {"uv": [3, 6.5, 3.5, 12], "texture": "#5"},
				"east": {"uv": [3.5, 6.5, 4, 12], "texture": "#5"},
				"south": {"uv": [4, 6.5, 4.5, 12], "texture": "#5"},
				"west": {"uv": [4.5, 6.5, 5, 12], "texture": "#5"},
				"up": {"uv": [2.5, 14, 2, 13.5], "texture": "#5"},
				"down": {"uv": [3, 13.5, 2.5, 14], "texture": "#5"}
			}
		},
		{
			"name": "Voxel-7C7C7C",
			"from": [8.25, 6, 5],
			"to": [8.75, 17, 6],
			"faces": {
				"north": {"uv": [5, 6.5, 5.5, 12], "texture": "#5"},
				"east": {"uv": [5.5, 6.5, 6, 12], "texture": "#5"},
				"south": {"uv": [6, 6.5, 6.5, 12], "texture": "#5"},
				"west": {"uv": [6.5, 6.5, 7, 12], "texture": "#5"},
				"up": {"uv": [3.5, 14, 3, 13.5], "texture": "#5"},
				"down": {"uv": [14, 3, 13.5, 3.5], "texture": "#5"}
			}
		},
		{
			"name": "Voxel-7C7C7C",
			"from": [8.25, 17, 5],
			"to": [8.75, 24.5, 6.25],
			"rotation": {"angle": 22.5, "axis": "x", "origin": [8, 17, 5]},
			"faces": {
				"north": {"uv": [2, 9.5, 2.5, 13.5], "texture": "#5"},
				"east": {"uv": [2.5, 9.5, 3, 13.5], "texture": "#5"},
				"south": {"uv": [9.5, 6, 10, 10], "texture": "#5"},
				"west": {"uv": [10, 0, 10.5, 4], "texture": "#5"},
				"up": {"uv": [4, 14, 3.5, 13.5], "texture": "#5"},
				"down": {"uv": [14, 3.5, 13.5, 4], "texture": "#5"}
			}
		},
		{
			"name": "Voxel-7C7C7C",
			"from": [8.25, 17, 10.75],
			"to": [8.75, 24.5, 12],
			"rotation": {"angle": -22.5, "axis": "x", "origin": [8, 17, 12]},
			"faces": {
				"north": {"uv": [10, 6, 10.5, 10], "texture": "#5"},
				"east": {"uv": [8, 10, 8.5, 14], "texture": "#5"},
				"south": {"uv": [8.5, 10, 9, 14], "texture": "#5"},
				"west": {"uv": [9, 10, 9.5, 14], "texture": "#5"},
				"up": {"uv": [4.5, 14, 4, 13.5], "texture": "#5"},
				"down": {"uv": [14, 4, 13.5, 4.5], "texture": "#5"}
			}
		},
		{
			"name": "Voxel-7C7C7C",
			"from": [8.25, 16, 6],
			"to": [8.75, 19, 11],
			"faces": {
				"north": {"uv": [11.5, 11.5, 12, 13], "texture": "#5"},
				"east": {"uv": [3, 5, 5.5, 6.5], "texture": "#5"},
				"south": {"uv": [3, 12, 3.5, 13.5], "texture": "#5"},
				"west": {"uv": [5.5, 5, 8, 6.5], "texture": "#5"},
				"up": {"uv": [12, 8.5, 11.5, 6], "texture": "#5"},
				"down": {"uv": [7.5, 11.5, 7, 14], "texture": "#5"}
			}
		},
		{
			"name": "Voxel-666666",
			"from": [8, 16, 9],
			"to": [9, 19, 10],
			"faces": {
				"north": {"uv": [3.5, 12, 4, 13.5], "texture": "#5"},
				"east": {"uv": [4, 12, 4.5, 13.5], "texture": "#5"},
				"south": {"uv": [4.5, 12, 5, 13.5], "texture": "#5"},
				"west": {"uv": [5, 12, 5.5, 13.5], "texture": "#5"},
				"up": {"uv": [5, 14, 4.5, 13.5], "texture": "#5"},
				"down": {"uv": [14, 4.5, 13.5, 5], "texture": "#5"}
			}
		},
		{
			"name": "Voxel-7C7C7C",
			"from": [7.75, 16, 8],
			"to": [9.25, 18, 9],
			"faces": {
				"north": {"uv": [11.5, 0, 12.5, 1], "texture": "#5"},
				"east": {"uv": [10.5, 13, 11, 14], "texture": "#5"},
				"south": {"uv": [11.5, 1, 12.5, 2], "texture": "#5"},
				"west": {"uv": [11, 13, 11.5, 14], "texture": "#5"},
				"up": {"uv": [14, 10.5, 13, 10], "texture": "#5"},
				"down": {"uv": [12.5, 13, 11.5, 13.5], "texture": "#5"}
			}
		},
		{
			"name": "Voxel-666666",
			"from": [8, 16, 7],
			"to": [9, 19, 8],
			"faces": {
				"north": {"uv": [5.5, 12, 6, 13.5], "texture": "#5"},
				"east": {"uv": [6, 12, 6.5, 13.5], "texture": "#5"},
				"south": {"uv": [12, 6, 12.5, 7.5], "texture": "#5"},
				"west": {"uv": [6.5, 12, 7, 13.5], "texture": "#5"},
				"up": {"uv": [5.5, 14, 5, 13.5], "texture": "#5"},
				"down": {"uv": [6, 13.5, 5.5, 14], "texture": "#5"}
			}
		},
		{
			"name": "Voxel-666666",
			"from": [8, 18, 8],
			"to": [9, 21.25, 9],
			"faces": {
				"north": {"uv": [12, 7.5, 12.5, 9], "texture": "#5"},
				"east": {"uv": [12, 9, 12.5, 10.5], "texture": "#5"},
				"south": {"uv": [9.5, 12, 10, 13.5], "texture": "#5"},
				"west": {"uv": [10, 12, 10.5, 13.5], "texture": "#5"},
				"up": {"uv": [6.5, 14, 6, 13.5], "texture": "#5"},
				"down": {"uv": [14, 6, 13.5, 6.5], "texture": "#5"}
			}
		},
		{
			"name": "Voxel-300C00",
			"from": [7, 5, 4],
			"to": [10, 6, 13],
			"faces": {
				"north": {"uv": [12, 3, 13.5, 3.5], "texture": "#5"},
				"east": {"uv": [9.5, 5, 14, 5.5], "texture": "#5"},
				"south": {"uv": [12, 3.5, 13.5, 4], "texture": "#5"},
				"west": {"uv": [9.5, 5.5, 14, 6], "texture": "#5"},
				"up": {"uv": [1.5, 4.5, 0, 0], "texture": "#5"},
				"down": {"uv": [3, 0, 1.5, 4.5], "texture": "#5"}
			}
		},
		{
			"name": "Voxel-300C00",
			"from": [10, 5, 5],
			"to": [11, 6, 12],
			"faces": {
				"north": {"uv": [6.5, 13.5, 7, 14], "texture": "#5"},
				"east": {"uv": [10, 4, 13.5, 4.5], "texture": "#5"},
				"south": {"uv": [13.5, 6.5, 14, 7], "texture": "#5"},
				"west": {"uv": [10, 4.5, 13.5, 5], "texture": "#5"},
				"up": {"uv": [11, 9.5, 10.5, 6], "texture": "#5"},
				"down": {"uv": [11, 9.5, 10.5, 13], "texture": "#5"}
			}
		},
		{
			"name": "Voxel-300C00",
			"from": [6, 5, 5],
			"to": [7, 6, 12],
			"faces": {
				"north": {"uv": [13.5, 7, 14, 7.5], "texture": "#5"},
				"east": {"uv": [10.5, 2, 14, 2.5], "texture": "#5"},
				"south": {"uv": [7.5, 13.5, 8, 14], "texture": "#5"},
				"west": {"uv": [10.5, 2.5, 14, 3], "texture": "#5"},
				"up": {"uv": [11.5, 9.5, 11, 6], "texture": "#5"},
				"down": {"uv": [11.5, 9.5, 11, 13], "texture": "#5"}
			}
		},
		{
			"name": "Voxel-5E1700",
			"from": [8, 1, 7],
			"to": [9, 5, 10],
			"faces": {
				"north": {"uv": [7.5, 11.5, 8, 13.5], "texture": "#5"},
				"east": {"uv": [6, 0, 7.5, 2], "texture": "#5"},
				"south": {"uv": [11.5, 8.5, 12, 10.5], "texture": "#5"},
				"west": {"uv": [6, 2, 7.5, 4], "texture": "#5"},
				"up": {"uv": [12.5, 13, 12, 11.5], "texture": "#5"},
				"down": {"uv": [13, 0, 12.5, 1.5], "texture": "#5"}
			}
		},
		{
			"name": "Voxel-300C00",
			"from": [7.5, 0, 6.5],
			"to": [9.5, 1, 10.5],
			"faces": {
				"north": {"uv": [13, 11.5, 14, 12], "texture": "#5"},
				"east": {"uv": [11.5, 10.5, 13.5, 11], "texture": "#5"},
				"south": {"uv": [13, 12, 14, 12.5], "texture": "#5"},
				"west": {"uv": [11.5, 11, 13.5, 11.5], "texture": "#5"},
				"up": {"uv": [10.5, 12, 9.5, 10], "texture": "#5"},
				"down": {"uv": [11.5, 0, 10.5, 2], "texture": "#5"}
			}
		},
		{
			"name": "Voxel-7C7C7C",
			"from": [8.25, 19, 7],
			"to": [8.75, 21, 10],
			"faces": {
				"north": {"uv": [12.5, 13, 13, 14], "texture": "#5"},
				"east": {"uv": [6, 4, 7.5, 5], "texture": "#5"},
				"south": {"uv": [13, 12.5, 13.5, 13.5], "texture": "#5"},
				"west": {"uv": [10.5, 3, 12, 4], "texture": "#5"},
				"up": {"uv": [13, 7.5, 12.5, 6], "texture": "#5"},
				"down": {"uv": [13, 7.5, 12.5, 9], "texture": "#5"}
			}
		},
		{
			"name": "Voxel-7C7C7C",
			"from": [8.25, 21, 8],
			"to": [8.75, 23.75, 9],
			"faces": {
				"north": {"uv": [12.5, 9, 13, 10.5], "texture": "#5"},
				"east": {"uv": [12.5, 11.5, 13, 13], "texture": "#5"},
				"south": {"uv": [13, 0, 13.5, 1.5], "texture": "#5"},
				"west": {"uv": [13, 6, 13.5, 7.5], "texture": "#5"},
				"up": {"uv": [10, 14, 9.5, 13.5], "texture": "#5"},
				"down": {"uv": [10.5, 13.5, 10, 14], "texture": "#5"}
			}
		}
	],
	"display": {
		"thirdperson_righthand": {
			"translation": [-1, 3, 1.5]
		},
		"thirdperson_lefthand": {
			"translation": [1, 3, 1.5]
		},
		"firstperson_righthand": {
			"rotation": [-20, 0, 0],
			"translation": [1.5, 3, -3]
		},
		"firstperson_lefthand": {
			"rotation": [-20, 0, 0],
			"translation": [0, 3, -1]
		},
		"ground": {
			"translation": [0, 5, 0]
		},
		"gui": {
			"rotation": [12, -45, 0],
			"translation": [0, -1.5, 0],
			"scale": [0.75, 0.75, 0.75]
		},
		"fixed": {
			"rotation": [0, 90, 0],
			"translation": [0, -2, 0]
		}
	},
	"groups": [
		{
			"name": "bigiron",
			"origin": [0, 0, 0],
			"color": 0,
			"nbt": "{}",
			"armAnimationEnabled": false,
			"children": [0, 1, 2, 3, 4, 5, 6, 7, 8, 9, 10, 11, 12, 13, 14, 15, 16, 17, 18, 19, 20]
		}
	]
}