{
	"credit": "Made with Blockbench",
	"textures": {
		"Voxel-7C7C7C": "item/voxel-7c7c7c",
		"Voxel-000000": "item/voxel-000000",
		"Voxel-B70000": "item/voxel-b70000",
		"particle": "item/particle"
	},
	"elements": [
		{
			"name": "Voxel-7C7C7C",
			"from": [7, 1, 5],
			"to": [8, 16, 6],
			"faces": {
				"north": {"uv": [0, 0, 16, 16], "texture": "#Voxel-7C7C7C"},
				"east": {"uv": [0, 0, 16, 16], "texture": "#Voxel-7C7C7C"},
				"south": {"uv": [0, 0, 16, 16], "texture": "#Voxel-7C7C7C"},
				"west": {"uv": [0, 0, 16, 16], "texture": "#Voxel-7C7C7C"},
				"up": {"uv": [0, 0, 16, 16], "texture": "#Voxel-7C7C7C"},
				"down": {"uv": [0, 0, 16, 16], "texture": "#Voxel-7C7C7C"}
			}
		},
		{
			"name": "Voxel-7C7C7C",
			"from": [8, 1, 4],
			"to": [9, 17, 5],
			"faces": {
				"north": {"uv": [0, 0, 16, 16], "texture": "#Voxel-7C7C7C"},
				"east": {"uv": [0, 0, 16, 16], "texture": "#Voxel-7C7C7C"},
				"south": {"uv": [0, 0, 16, 16], "texture": "#Voxel-7C7C7C"},
				"west": {"uv": [0, 0, 16, 16], "texture": "#Voxel-7C7C7C"},
				"up": {"uv": [0, 0, 16, 16], "texture": "#Voxel-7C7C7C"},
				"down": {"uv": [0, 0, 16, 16], "texture": "#Voxel-7C7C7C"}
			}
		},
		{
			"name": "Voxel-7C7C7C",
			"from": [7, 1, 10],
			"to": [8, 16, 11],
			"faces": {
				"north": {"uv": [0, 0, 16, 16], "texture": "#Voxel-7C7C7C"},
				"east": {"uv": [0, 0, 16, 16], "texture": "#Voxel-7C7C7C"},
				"south": {"uv": [0, 0, 16, 16], "texture": "#Voxel-7C7C7C"},
				"west": {"uv": [0, 0, 16, 16], "texture": "#Voxel-7C7C7C"},
				"up": {"uv": [0, 0, 16, 16], "texture": "#Voxel-7C7C7C"},
				"down": {"uv": [0, 0, 16, 16], "texture": "#Voxel-7C7C7C"}
			}
		},
		{
			"name": "Voxel-7C7C7C",
			"from": [8, 1, 11],
			"to": [9, 17, 12],
			"faces": {
				"north": {"uv": [0, 0, 16, 16], "texture": "#Voxel-7C7C7C"},
				"east": {"uv": [0, 0, 16, 16], "texture": "#Voxel-7C7C7C"},
				"south": {"uv": [0, 0, 16, 16], "texture": "#Voxel-7C7C7C"},
				"west": {"uv": [0, 0, 16, 16], "texture": "#Voxel-7C7C7C"},
				"up": {"uv": [0, 0, 16, 16], "texture": "#Voxel-7C7C7C"},
				"down": {"uv": [0, 0, 16, 16], "texture": "#Voxel-7C7C7C"}
			}
		},
		{
			"name": "Voxel-7C7C7C",
			"from": [7, 10, 6],
			"to": [8, 18, 10],
			"faces": {
				"north": {"uv": [0, 0, 16, 16], "texture": "#Voxel-7C7C7C"},
				"east": {"uv": [0, 0, 16, 16], "texture": "#Voxel-7C7C7C"},
				"south": {"uv": [0, 0, 16, 16], "texture": "#Voxel-7C7C7C"},
				"west": {"uv": [0, 0, 16, 16], "texture": "#Voxel-7C7C7C"},
				"up": {"uv": [0, 0, 16, 16], "texture": "#Voxel-7C7C7C"},
				"down": {"uv": [0, 0, 16, 16], "texture": "#Voxel-7C7C7C"}
			}
		},
		{
			"name": "Voxel-7C7C7C",
			"from": [7, 1, 9],
			"to": [8, 10, 10],
			"faces": {
				"north": {"uv": [0, 0, 16, 16], "texture": "#Voxel-7C7C7C"},
				"east": {"uv": [0, 0, 16, 16], "texture": "#Voxel-7C7C7C"},
				"south": {"uv": [0, 0, 16, 16], "texture": "#Voxel-7C7C7C"},
				"west": {"uv": [0, 0, 16, 16], "texture": "#Voxel-7C7C7C"},
				"up": {"uv": [0, 0, 16, 16], "texture": "#Voxel-7C7C7C"},
				"down": {"uv": [0, 0, 16, 16], "texture": "#Voxel-7C7C7C"}
			}
		},
		{
			"name": "Voxel-7C7C7C",
			"from": [7, 1, 6],
			"to": [8, 10, 7],
			"faces": {
				"north": {"uv": [0, 0, 16, 16], "texture": "#Voxel-7C7C7C"},
				"east": {"uv": [0, 0, 16, 16], "texture": "#Voxel-7C7C7C"},
				"south": {"uv": [0, 0, 16, 16], "texture": "#Voxel-7C7C7C"},
				"west": {"uv": [0, 0, 16, 16], "texture": "#Voxel-7C7C7C"},
				"up": {"uv": [0, 0, 16, 16], "texture": "#Voxel-7C7C7C"},
				"down": {"uv": [0, 0, 16, 16], "texture": "#Voxel-7C7C7C"}
			}
		},
		{
			"name": "Voxel-7C7C7C",
			"from": [9, 0, 5],
			"to": [10, 21, 11],
			"faces": {
				"north": {"uv": [0, 0, 16, 16], "texture": "#Voxel-7C7C7C"},
				"east": {"uv": [0, 0, 16, 16], "texture": "#Voxel-7C7C7C"},
				"south": {"uv": [0, 0, 16, 16], "texture": "#Voxel-7C7C7C"},
				"west": {"uv": [0, 0, 16, 16], "texture": "#Voxel-7C7C7C"},
				"up": {"uv": [0, 0, 16, 16], "texture": "#Voxel-7C7C7C"},
				"down": {"uv": [0, 0, 16, 16], "texture": "#Voxel-7C7C7C"}
			}
		},
		{
			"name": "Voxel-7C7C7C",
			"from": [7, 17, 11],
			"to": [10, 20, 13],
			"faces": {
				"north": {"uv": [0, 0, 16, 16], "texture": "#Voxel-7C7C7C"},
				"east": {"uv": [0, 0, 16, 16], "texture": "#Voxel-7C7C7C"},
				"south": {"uv": [0, 0, 16, 16], "texture": "#Voxel-7C7C7C"},
				"west": {"uv": [0, 0, 16, 16], "texture": "#Voxel-7C7C7C"},
				"up": {"uv": [0, 0, 16, 16], "texture": "#Voxel-7C7C7C"},
				"down": {"uv": [0, 0, 16, 16], "texture": "#Voxel-7C7C7C"}
			}
		},
		{
			"name": "Voxel-7C7C7C",
			"from": [7, 17, 3],
			"to": [10, 20, 5],
			"faces": {
				"north": {"uv": [0, 0, 16, 16], "texture": "#Voxel-7C7C7C"},
				"east": {"uv": [0, 0, 16, 16], "texture": "#Voxel-7C7C7C"},
				"south": {"uv": [0, 0, 16, 16], "texture": "#Voxel-7C7C7C"},
				"west": {"uv": [0, 0, 16, 16], "texture": "#Voxel-7C7C7C"},
				"up": {"uv": [0, 0, 16, 16], "texture": "#Voxel-7C7C7C"},
				"down": {"uv": [0, 0, 16, 16], "texture": "#Voxel-7C7C7C"}
			}
		},
		{
			"name": "Voxel-7C7C7C",
			"from": [7, 15, 3],
			"to": [9, 16, 4],
			"faces": {
				"north": {"uv": [0, 0, 16, 16], "texture": "#Voxel-7C7C7C"},
				"east": {"uv": [0, 0, 16, 16], "texture": "#Voxel-7C7C7C"},
				"south": {"uv": [0, 0, 16, 16], "texture": "#Voxel-7C7C7C"},
				"west": {"uv": [0, 0, 16, 16], "texture": "#Voxel-7C7C7C"},
				"up": {"uv": [0, 0, 16, 16], "texture": "#Voxel-7C7C7C"},
				"down": {"uv": [0, 0, 16, 16], "texture": "#Voxel-7C7C7C"}
			}
		},
		{
			"name": "Voxel-7C7C7C",
			"from": [7, 15, 12],
			"to": [9, 16, 13],
			"faces": {
				"north": {"uv": [0, 0, 16, 16], "texture": "#Voxel-7C7C7C"},
				"east": {"uv": [0, 0, 16, 16], "texture": "#Voxel-7C7C7C"},
				"south": {"uv": [0, 0, 16, 16], "texture": "#Voxel-7C7C7C"},
				"west": {"uv": [0, 0, 16, 16], "texture": "#Voxel-7C7C7C"},
				"up": {"uv": [0, 0, 16, 16], "texture": "#Voxel-7C7C7C"},
				"down": {"uv": [0, 0, 16, 16], "texture": "#Voxel-7C7C7C"}
			}
		},
		{
			"name": "Voxel-7C7C7C",
			"from": [7, 20, 10],
			"to": [9, 21, 13],
			"faces": {
				"north": {"uv": [0, 0, 16, 16], "texture": "#Voxel-7C7C7C"},
				"east": {"uv": [0, 0, 16, 16], "texture": "#Voxel-7C7C7C"},
				"south": {"uv": [0, 0, 16, 16], "texture": "#Voxel-7C7C7C"},
				"west": {"uv": [0, 0, 16, 16], "texture": "#Voxel-7C7C7C"},
				"up": {"uv": [0, 0, 16, 16], "texture": "#Voxel-7C7C7C"},
				"down": {"uv": [0, 0, 16, 16], "texture": "#Voxel-7C7C7C"}
			}
		},
		{
			"name": "Voxel-7C7C7C",
			"from": [7, 20, 4],
			"to": [9, 21, 6],
			"faces": {
				"north": {"uv": [0, 0, 16, 16], "texture": "#Voxel-7C7C7C"},
				"east": {"uv": [0, 0, 16, 16], "texture": "#Voxel-7C7C7C"},
				"south": {"uv": [0, 0, 16, 16], "texture": "#Voxel-7C7C7C"},
				"west": {"uv": [0, 0, 16, 16], "texture": "#Voxel-7C7C7C"},
				"up": {"uv": [0, 0, 16, 16], "texture": "#Voxel-7C7C7C"},
				"down": {"uv": [0, 0, 16, 16], "texture": "#Voxel-7C7C7C"}
			}
		},
		{
			"name": "Voxel-7C7C7C",
			"from": [7, 16, 13],
			"to": [9, 18, 14],
			"faces": {
				"north": {"uv": [0, 0, 16, 16], "texture": "#Voxel-7C7C7C"},
				"east": {"uv": [0, 0, 16, 16], "texture": "#Voxel-7C7C7C"},
				"south": {"uv": [0, 0, 16, 16], "texture": "#Voxel-7C7C7C"},
				"west": {"uv": [0, 0, 16, 16], "texture": "#Voxel-7C7C7C"},
				"up": {"uv": [0, 0, 16, 16], "texture": "#Voxel-7C7C7C"},
				"down": {"uv": [0, 0, 16, 16], "texture": "#Voxel-7C7C7C"}
			}
		},
		{
			"name": "Voxel-7C7C7C",
			"from": [9, 16, 13],
			"to": [10, 17, 14],
			"faces": {
				"north": {"uv": [0, 0, 16, 16], "texture": "#Voxel-7C7C7C"},
				"east": {"uv": [0, 0, 16, 16], "texture": "#Voxel-7C7C7C"},
				"south": {"uv": [0, 0, 16, 16], "texture": "#Voxel-7C7C7C"},
				"west": {"uv": [0, 0, 16, 16], "texture": "#Voxel-7C7C7C"},
				"up": {"uv": [0, 0, 16, 16], "texture": "#Voxel-7C7C7C"},
				"down": {"uv": [0, 0, 16, 16], "texture": "#Voxel-7C7C7C"}
			}
		},
		{
			"name": "Voxel-7C7C7C",
			"from": [7, 16, 2],
			"to": [9, 18, 3],
			"faces": {
				"north": {"uv": [0, 0, 16, 16], "texture": "#Voxel-7C7C7C"},
				"east": {"uv": [0, 0, 16, 16], "texture": "#Voxel-7C7C7C"},
				"south": {"uv": [0, 0, 16, 16], "texture": "#Voxel-7C7C7C"},
				"west": {"uv": [0, 0, 16, 16], "texture": "#Voxel-7C7C7C"},
				"up": {"uv": [0, 0, 16, 16], "texture": "#Voxel-7C7C7C"},
				"down": {"uv": [0, 0, 16, 16], "texture": "#Voxel-7C7C7C"}
			}
		},
		{
			"name": "Voxel-7C7C7C",
			"from": [9, 16, 2],
			"to": [10, 17, 3],
			"faces": {
				"north": {"uv": [0, 0, 16, 16], "texture": "#Voxel-7C7C7C"},
				"east": {"uv": [0, 0, 16, 16], "texture": "#Voxel-7C7C7C"},
				"south": {"uv": [0, 0, 16, 16], "texture": "#Voxel-7C7C7C"},
				"west": {"uv": [0, 0, 16, 16], "texture": "#Voxel-7C7C7C"},
				"up": {"uv": [0, 0, 16, 16], "texture": "#Voxel-7C7C7C"},
				"down": {"uv": [0, 0, 16, 16], "texture": "#Voxel-7C7C7C"}
			}
		},
		{
			"name": "Voxel-7C7C7C",
			"from": [6, 16, 10],
			"to": [7, 18, 13],
			"faces": {
				"north": {"uv": [0, 0, 16, 16], "texture": "#Voxel-7C7C7C"},
				"east": {"uv": [0, 0, 16, 16], "texture": "#Voxel-7C7C7C"},
				"south": {"uv": [0, 0, 16, 16], "texture": "#Voxel-7C7C7C"},
				"west": {"uv": [0, 0, 16, 16], "texture": "#Voxel-7C7C7C"},
				"up": {"uv": [0, 0, 16, 16], "texture": "#Voxel-7C7C7C"},
				"down": {"uv": [0, 0, 16, 16], "texture": "#Voxel-7C7C7C"}
			}
		},
		{
			"name": "Voxel-7C7C7C",
			"from": [6, 16, 3],
			"to": [7, 18, 6],
			"faces": {
				"north": {"uv": [0, 0, 16, 16], "texture": "#Voxel-7C7C7C"},
				"east": {"uv": [0, 0, 16, 16], "texture": "#Voxel-7C7C7C"},
				"south": {"uv": [0, 0, 16, 16], "texture": "#Voxel-7C7C7C"},
				"west": {"uv": [0, 0, 16, 16], "texture": "#Voxel-7C7C7C"},
				"up": {"uv": [0, 0, 16, 16], "texture": "#Voxel-7C7C7C"},
				"down": {"uv": [0, 0, 16, 16], "texture": "#Voxel-7C7C7C"}
			}
		},
		{
			"name": "Voxel-7C7C7C",
			"from": [6, 18, 6],
			"to": [7, 21, 7],
			"faces": {
				"north": {"uv": [0, 0, 16, 16], "texture": "#Voxel-7C7C7C"},
				"east": {"uv": [0, 0, 16, 16], "texture": "#Voxel-7C7C7C"},
				"south": {"uv": [0, 0, 16, 16], "texture": "#Voxel-7C7C7C"},
				"west": {"uv": [0, 0, 16, 16], "texture": "#Voxel-7C7C7C"},
				"up": {"uv": [0, 0, 16, 16], "texture": "#Voxel-7C7C7C"},
				"down": {"uv": [0, 0, 16, 16], "texture": "#Voxel-7C7C7C"}
			}
		},
		{
			"name": "Voxel-7C7C7C",
			"from": [5, 18, 9],
			"to": [6, 21, 10],
			"faces": {
				"north": {"uv": [0, 0, 16, 16], "texture": "#Voxel-7C7C7C"},
				"east": {"uv": [0, 0, 16, 16], "texture": "#Voxel-7C7C7C"},
				"south": {"uv": [0, 0, 16, 16], "texture": "#Voxel-7C7C7C"},
				"west": {"uv": [0, 0, 16, 16], "texture": "#Voxel-7C7C7C"},
				"up": {"uv": [0, 0, 16, 16], "texture": "#Voxel-7C7C7C"},
				"down": {"uv": [0, 0, 16, 16], "texture": "#Voxel-7C7C7C"}
			}
		},
		{
			"name": "Voxel-7C7C7C",
			"from": [6, 18, 5],
			"to": [7, 20, 6],
			"faces": {
				"north": {"uv": [0, 0, 16, 16], "texture": "#Voxel-7C7C7C"},
				"east": {"uv": [0, 0, 16, 16], "texture": "#Voxel-7C7C7C"},
				"south": {"uv": [0, 0, 16, 16], "texture": "#Voxel-7C7C7C"},
				"west": {"uv": [0, 0, 16, 16], "texture": "#Voxel-7C7C7C"},
				"up": {"uv": [0, 0, 16, 16], "texture": "#Voxel-7C7C7C"},
				"down": {"uv": [0, 0, 16, 16], "texture": "#Voxel-7C7C7C"}
			}
		},
		{
			"name": "Voxel-7C7C7C",
			"from": [6, 18, 4],
			"to": [7, 19, 5],
			"faces": {
				"north": {"uv": [0, 0, 16, 16], "texture": "#Voxel-7C7C7C"},
				"east": {"uv": [0, 0, 16, 16], "texture": "#Voxel-7C7C7C"},
				"south": {"uv": [0, 0, 16, 16], "texture": "#Voxel-7C7C7C"},
				"west": {"uv": [0, 0, 16, 16], "texture": "#Voxel-7C7C7C"},
				"up": {"uv": [0, 0, 16, 16], "texture": "#Voxel-7C7C7C"},
				"down": {"uv": [0, 0, 16, 16], "texture": "#Voxel-7C7C7C"}
			}
		},
		{
			"name": "Voxel-7C7C7C",
			"from": [5, 18, 7],
			"to": [7, 20, 9],
			"faces": {
				"north": {"uv": [0, 0, 16, 16], "texture": "#Voxel-7C7C7C"},
				"east": {"uv": [0, 0, 16, 16], "texture": "#Voxel-7C7C7C"},
				"south": {"uv": [0, 0, 16, 16], "texture": "#Voxel-7C7C7C"},
				"west": {"uv": [0, 0, 16, 16], "texture": "#Voxel-7C7C7C"},
				"up": {"uv": [0, 0, 16, 16], "texture": "#Voxel-7C7C7C"},
				"down": {"uv": [0, 0, 16, 16], "texture": "#Voxel-7C7C7C"}
			}
		},
		{
			"name": "Voxel-7C7C7C",
			"from": [6, 17, 9],
			"to": [7, 20, 11],
			"faces": {
				"north": {"uv": [0, 0, 16, 16], "texture": "#Voxel-7C7C7C"},
				"east": {"uv": [0, 0, 16, 16], "texture": "#Voxel-7C7C7C"},
				"south": {"uv": [0, 0, 16, 16], "texture": "#Voxel-7C7C7C"},
				"west": {"uv": [0, 0, 16, 16], "texture": "#Voxel-7C7C7C"},
				"up": {"uv": [0, 0, 16, 16], "texture": "#Voxel-7C7C7C"},
				"down": {"uv": [0, 0, 16, 16], "texture": "#Voxel-7C7C7C"}
			}
		},
		{
			"name": "Voxel-7C7C7C",
			"from": [6, 17, 6],
			"to": [7, 18, 8],
			"faces": {
				"north": {"uv": [0, 0, 16, 16], "texture": "#Voxel-7C7C7C"},
				"east": {"uv": [0, 0, 16, 16], "texture": "#Voxel-7C7C7C"},
				"south": {"uv": [0, 0, 16, 16], "texture": "#Voxel-7C7C7C"},
				"west": {"uv": [0, 0, 16, 16], "texture": "#Voxel-7C7C7C"},
				"up": {"uv": [0, 0, 16, 16], "texture": "#Voxel-7C7C7C"},
				"down": {"uv": [0, 0, 16, 16], "texture": "#Voxel-7C7C7C"}
			}
		},
		{
			"name": "Voxel-7C7C7C",
			"from": [8, 1, 7],
			"to": [9, 10, 9],
			"faces": {
				"north": {"uv": [0, 0, 16, 16], "texture": "#Voxel-7C7C7C"},
				"east": {"uv": [0, 0, 16, 16], "texture": "#Voxel-7C7C7C"},
				"south": {"uv": [0, 0, 16, 16], "texture": "#Voxel-7C7C7C"},
				"west": {"uv": [0, 0, 16, 16], "texture": "#Voxel-7C7C7C"},
				"up": {"uv": [0, 0, 16, 16], "texture": "#Voxel-7C7C7C"},
				"down": {"uv": [0, 0, 16, 16], "texture": "#Voxel-7C7C7C"}
			}
		},
		{
			"name": "Voxel-7C7C7C",
			"from": [5, 0, 5],
			"to": [6, 1, 7],
			"faces": {
				"north": {"uv": [0, 0, 16, 16], "texture": "#Voxel-7C7C7C"},
				"east": {"uv": [0, 0, 16, 16], "texture": "#Voxel-7C7C7C"},
				"south": {"uv": [0, 0, 16, 16], "texture": "#Voxel-7C7C7C"},
				"west": {"uv": [0, 0, 16, 16], "texture": "#Voxel-7C7C7C"},
				"up": {"uv": [0, 0, 16, 16], "texture": "#Voxel-7C7C7C"},
				"down": {"uv": [0, 0, 16, 16], "texture": "#Voxel-7C7C7C"}
			}
		},
		{
			"name": "Voxel-7C7C7C",
			"from": [5, 0, 9],
			"to": [6, 1, 11],
			"faces": {
				"north": {"uv": [0, 0, 16, 16], "texture": "#Voxel-7C7C7C"},
				"east": {"uv": [0, 0, 16, 16], "texture": "#Voxel-7C7C7C"},
				"south": {"uv": [0, 0, 16, 16], "texture": "#Voxel-7C7C7C"},
				"west": {"uv": [0, 0, 16, 16], "texture": "#Voxel-7C7C7C"},
				"up": {"uv": [0, 0, 16, 16], "texture": "#Voxel-7C7C7C"},
				"down": {"uv": [0, 0, 16, 16], "texture": "#Voxel-7C7C7C"}
			}
		},
		{
			"name": "Voxel-7C7C7C",
			"from": [6, 0, 4],
			"to": [9, 1, 12],
			"faces": {
				"north": {"uv": [0, 0, 16, 16], "texture": "#Voxel-7C7C7C"},
				"east": {"uv": [0, 0, 16, 16], "texture": "#Voxel-7C7C7C"},
				"south": {"uv": [0, 0, 16, 16], "texture": "#Voxel-7C7C7C"},
				"west": {"uv": [0, 0, 16, 16], "texture": "#Voxel-7C7C7C"},
				"up": {"uv": [0, 0, 16, 16], "texture": "#Voxel-7C7C7C"},
				"down": {"uv": [0, 0, 16, 16], "texture": "#Voxel-7C7C7C"}
			}
		},
		{
			"name": "Voxel-7C7C7C",
			"from": [7, 16, 11],
			"to": [8, 17, 12],
			"faces": {
				"north": {"uv": [0, 0, 16, 16], "texture": "#Voxel-7C7C7C"},
				"east": {"uv": [0, 0, 16, 16], "texture": "#Voxel-7C7C7C"},
				"south": {"uv": [0, 0, 16, 16], "texture": "#Voxel-7C7C7C"},
				"west": {"uv": [0, 0, 16, 16], "texture": "#Voxel-7C7C7C"},
				"up": {"uv": [0, 0, 16, 16], "texture": "#Voxel-7C7C7C"},
				"down": {"uv": [0, 0, 16, 16], "texture": "#Voxel-7C7C7C"}
			}
		},
		{
			"name": "Voxel-7C7C7C",
			"from": [7, 16, 4],
			"to": [8, 17, 5],
			"faces": {
				"north": {"uv": [0, 0, 16, 16], "texture": "#Voxel-7C7C7C"},
				"east": {"uv": [0, 0, 16, 16], "texture": "#Voxel-7C7C7C"},
				"south": {"uv": [0, 0, 16, 16], "texture": "#Voxel-7C7C7C"},
				"west": {"uv": [0, 0, 16, 16], "texture": "#Voxel-7C7C7C"},
				"up": {"uv": [0, 0, 16, 16], "texture": "#Voxel-7C7C7C"},
				"down": {"uv": [0, 0, 16, 16], "texture": "#Voxel-7C7C7C"}
			}
		},
		{
			"name": "Voxel-7C7C7C",
			"from": [7, 20, 6],
			"to": [10, 22, 10],
			"faces": {
				"north": {"uv": [0, 0, 16, 16], "texture": "#Voxel-7C7C7C"},
				"east": {"uv": [0, 0, 16, 16], "texture": "#Voxel-7C7C7C"},
				"south": {"uv": [0, 0, 16, 16], "texture": "#Voxel-7C7C7C"},
				"west": {"uv": [0, 0, 16, 16], "texture": "#Voxel-7C7C7C"},
				"up": {"uv": [0, 0, 16, 16], "texture": "#Voxel-7C7C7C"},
				"down": {"uv": [0, 0, 16, 16], "texture": "#Voxel-7C7C7C"}
			}
		},
		{
			"name": "Voxel-7C7C7C",
			"from": [7, 22, 5],
			"to": [9, 23, 6],
			"faces": {
				"north": {"uv": [0, 0, 16, 16], "texture": "#Voxel-7C7C7C"},
				"east": {"uv": [0, 0, 16, 16], "texture": "#Voxel-7C7C7C"},
				"south": {"uv": [0, 0, 16, 16], "texture": "#Voxel-7C7C7C"},
				"west": {"uv": [0, 0, 16, 16], "texture": "#Voxel-7C7C7C"},
				"up": {"uv": [0, 0, 16, 16], "texture": "#Voxel-7C7C7C"},
				"down": {"uv": [0, 0, 16, 16], "texture": "#Voxel-7C7C7C"}
			}
		},
		{
			"name": "Voxel-7C7C7C",
			"from": [7, 22, 10],
			"to": [9, 23, 11],
			"faces": {
				"north": {"uv": [0, 0, 16, 16], "texture": "#Voxel-7C7C7C"},
				"east": {"uv": [0, 0, 16, 16], "texture": "#Voxel-7C7C7C"},
				"south": {"uv": [0, 0, 16, 16], "texture": "#Voxel-7C7C7C"},
				"west": {"uv": [0, 0, 16, 16], "texture": "#Voxel-7C7C7C"},
				"up": {"uv": [0, 0, 16, 16], "texture": "#Voxel-7C7C7C"},
				"down": {"uv": [0, 0, 16, 16], "texture": "#Voxel-7C7C7C"}
			}
		},
		{
			"name": "Voxel-7C7C7C",
			"from": [9, 22, 6],
			"to": [10, 23, 10],
			"faces": {
				"north": {"uv": [0, 0, 16, 16], "texture": "#Voxel-7C7C7C"},
				"east": {"uv": [0, 0, 16, 16], "texture": "#Voxel-7C7C7C"},
				"south": {"uv": [0, 0, 16, 16], "texture": "#Voxel-7C7C7C"},
				"west": {"uv": [0, 0, 16, 16], "texture": "#Voxel-7C7C7C"},
				"up": {"uv": [0, 0, 16, 16], "texture": "#Voxel-7C7C7C"},
				"down": {"uv": [0, 0, 16, 16], "texture": "#Voxel-7C7C7C"}
			}
		},
		{
			"name": "Voxel-7C7C7C",
			"from": [6, 22, 6],
			"to": [7, 23, 10],
			"faces": {
				"north": {"uv": [0, 0, 16, 16], "texture": "#Voxel-7C7C7C"},
				"east": {"uv": [0, 0, 16, 16], "texture": "#Voxel-7C7C7C"},
				"south": {"uv": [0, 0, 16, 16], "texture": "#Voxel-7C7C7C"},
				"west": {"uv": [0, 0, 16, 16], "texture": "#Voxel-7C7C7C"},
				"up": {"uv": [0, 0, 16, 16], "texture": "#Voxel-7C7C7C"},
				"down": {"uv": [0, 0, 16, 16], "texture": "#Voxel-7C7C7C"}
			}
		},
		{
			"name": "Voxel-7C7C7C",
			"from": [6, 23, 6],
			"to": [7, 25, 7],
			"faces": {
				"north": {"uv": [0, 0, 16, 16], "texture": "#Voxel-7C7C7C"},
				"east": {"uv": [0, 0, 16, 16], "texture": "#Voxel-7C7C7C"},
				"south": {"uv": [0, 0, 16, 16], "texture": "#Voxel-7C7C7C"},
				"west": {"uv": [0, 0, 16, 16], "texture": "#Voxel-7C7C7C"},
				"up": {"uv": [0, 0, 16, 16], "texture": "#Voxel-7C7C7C"},
				"down": {"uv": [0, 0, 16, 16], "texture": "#Voxel-7C7C7C"}
			}
		},
		{
			"name": "Voxel-7C7C7C",
			"from": [6, 23, 9],
			"to": [7, 25, 10],
			"faces": {
				"north": {"uv": [0, 0, 16, 16], "texture": "#Voxel-7C7C7C"},
				"east": {"uv": [0, 0, 16, 16], "texture": "#Voxel-7C7C7C"},
				"south": {"uv": [0, 0, 16, 16], "texture": "#Voxel-7C7C7C"},
				"west": {"uv": [0, 0, 16, 16], "texture": "#Voxel-7C7C7C"},
				"up": {"uv": [0, 0, 16, 16], "texture": "#Voxel-7C7C7C"},
				"down": {"uv": [0, 0, 16, 16], "texture": "#Voxel-7C7C7C"}
			}
		},
		{
			"name": "Voxel-B70000",
			"from": [6, 25, 9],
			"to": [7, 27, 10],
			"faces": {
				"north": {"uv": [0, 0, 16, 16], "texture": "#Voxel-B70000"},
				"east": {"uv": [0, 0, 16, 16], "texture": "#Voxel-B70000"},
				"south": {"uv": [0, 0, 16, 16], "texture": "#Voxel-B70000"},
				"west": {"uv": [0, 0, 16, 16], "texture": "#Voxel-B70000"},
				"up": {"uv": [0, 0, 16, 16], "texture": "#Voxel-B70000"},
				"down": {"uv": [0, 0, 16, 16], "texture": "#Voxel-B70000"}
			}
		},
		{
			"name": "Voxel-B70000",
			"from": [6, 25, 6],
			"to": [7, 27, 7],
			"faces": {
				"north": {"uv": [0, 0, 16, 16], "texture": "#Voxel-B70000"},
				"east": {"uv": [0, 0, 16, 16], "texture": "#Voxel-B70000"},
				"south": {"uv": [0, 0, 16, 16], "texture": "#Voxel-B70000"},
				"west": {"uv": [0, 0, 16, 16], "texture": "#Voxel-B70000"},
				"up": {"uv": [0, 0, 16, 16], "texture": "#Voxel-B70000"},
				"down": {"uv": [0, 0, 16, 16], "texture": "#Voxel-B70000"}
			}
		},
		{
			"name": "Voxel-7C7C7C",
			"from": [6, 24, 7],
			"to": [7, 28, 9],
			"faces": {
				"north": {"uv": [0, 0, 16, 16], "texture": "#Voxel-7C7C7C"},
				"east": {"uv": [0, 0, 16, 16], "texture": "#Voxel-7C7C7C"},
				"south": {"uv": [0, 0, 16, 16], "texture": "#Voxel-7C7C7C"},
				"west": {"uv": [0, 0, 16, 16], "texture": "#Voxel-7C7C7C"},
				"up": {"uv": [0, 0, 16, 16], "texture": "#Voxel-7C7C7C"},
				"down": {"uv": [0, 0, 16, 16], "texture": "#Voxel-7C7C7C"}
			}
		},
		{
			"name": "Voxel-7C7C7C",
			"from": [6, 27, 9],
			"to": [7, 28, 10],
			"faces": {
				"north": {"uv": [0, 0, 16, 16], "texture": "#Voxel-7C7C7C"},
				"east": {"uv": [0, 0, 16, 16], "texture": "#Voxel-7C7C7C"},
				"south": {"uv": [0, 0, 16, 16], "texture": "#Voxel-7C7C7C"},
				"west": {"uv": [0, 0, 16, 16], "texture": "#Voxel-7C7C7C"},
				"up": {"uv": [0, 0, 16, 16], "texture": "#Voxel-7C7C7C"},
				"down": {"uv": [0, 0, 16, 16], "texture": "#Voxel-7C7C7C"}
			}
		},
		{
			"name": "Voxel-7C7C7C",
			"from": [6, 24, 5],
			"to": [7, 27, 6],
			"faces": {
				"north": {"uv": [0, 0, 16, 16], "texture": "#Voxel-7C7C7C"},
				"east": {"uv": [0, 0, 16, 16], "texture": "#Voxel-7C7C7C"},
				"south": {"uv": [0, 0, 16, 16], "texture": "#Voxel-7C7C7C"},
				"west": {"uv": [0, 0, 16, 16], "texture": "#Voxel-7C7C7C"},
				"up": {"uv": [0, 0, 16, 16], "texture": "#Voxel-7C7C7C"},
				"down": {"uv": [0, 0, 16, 16], "texture": "#Voxel-7C7C7C"}
			}
		},
		{
			"name": "Voxel-7C7C7C",
			"from": [6, 24, 10],
			"to": [7, 27, 11],
			"faces": {
				"north": {"uv": [0, 0, 16, 16], "texture": "#Voxel-7C7C7C"},
				"east": {"uv": [0, 0, 16, 16], "texture": "#Voxel-7C7C7C"},
				"south": {"uv": [0, 0, 16, 16], "texture": "#Voxel-7C7C7C"},
				"west": {"uv": [0, 0, 16, 16], "texture": "#Voxel-7C7C7C"},
				"up": {"uv": [0, 0, 16, 16], "texture": "#Voxel-7C7C7C"},
				"down": {"uv": [0, 0, 16, 16], "texture": "#Voxel-7C7C7C"}
			}
		},
		{
			"name": "Voxel-7C7C7C",
			"from": [7, 23, 11],
			"to": [9, 27, 12],
			"faces": {
				"north": {"uv": [0, 0, 16, 16], "texture": "#Voxel-7C7C7C"},
				"east": {"uv": [0, 0, 16, 16], "texture": "#Voxel-7C7C7C"},
				"south": {"uv": [0, 0, 16, 16], "texture": "#Voxel-7C7C7C"},
				"west": {"uv": [0, 0, 16, 16], "texture": "#Voxel-7C7C7C"},
				"up": {"uv": [0, 0, 16, 16], "texture": "#Voxel-7C7C7C"},
				"down": {"uv": [0, 0, 16, 16], "texture": "#Voxel-7C7C7C"}
			}
		},
		{
			"name": "Voxel-7C7C7C",
			"from": [7, 23, 4],
			"to": [9, 27, 5],
			"faces": {
				"north": {"uv": [0, 0, 16, 16], "texture": "#Voxel-7C7C7C"},
				"east": {"uv": [0, 0, 16, 16], "texture": "#Voxel-7C7C7C"},
				"south": {"uv": [0, 0, 16, 16], "texture": "#Voxel-7C7C7C"},
				"west": {"uv": [0, 0, 16, 16], "texture": "#Voxel-7C7C7C"},
				"up": {"uv": [0, 0, 16, 16], "texture": "#Voxel-7C7C7C"},
				"down": {"uv": [0, 0, 16, 16], "texture": "#Voxel-7C7C7C"}
			}
		},
		{
			"name": "Voxel-7C7C7C",
			"from": [9, 23, 5],
			"to": [10, 27, 11],
			"faces": {
				"north": {"uv": [0, 0, 16, 16], "texture": "#Voxel-7C7C7C"},
				"east": {"uv": [0, 0, 16, 16], "texture": "#Voxel-7C7C7C"},
				"south": {"uv": [0, 0, 16, 16], "texture": "#Voxel-7C7C7C"},
				"west": {"uv": [0, 0, 16, 16], "texture": "#Voxel-7C7C7C"},
				"up": {"uv": [0, 0, 16, 16], "texture": "#Voxel-7C7C7C"},
				"down": {"uv": [0, 0, 16, 16], "texture": "#Voxel-7C7C7C"}
			}
		},
		{
			"name": "Voxel-7C7C7C",
			"from": [9, 27, 6],
			"to": [10, 28, 10],
			"faces": {
				"north": {"uv": [0, 0, 16, 16], "texture": "#Voxel-7C7C7C"},
				"east": {"uv": [0, 0, 16, 16], "texture": "#Voxel-7C7C7C"},
				"south": {"uv": [0, 0, 16, 16], "texture": "#Voxel-7C7C7C"},
				"west": {"uv": [0, 0, 16, 16], "texture": "#Voxel-7C7C7C"},
				"up": {"uv": [0, 0, 16, 16], "texture": "#Voxel-7C7C7C"},
				"down": {"uv": [0, 0, 16, 16], "texture": "#Voxel-7C7C7C"}
			}
		},
		{
			"name": "Voxel-7C7C7C",
			"from": [7, 28, 6],
			"to": [9, 29, 10],
			"faces": {
				"north": {"uv": [0, 0, 16, 16], "texture": "#Voxel-7C7C7C"},
				"east": {"uv": [0, 0, 16, 16], "texture": "#Voxel-7C7C7C"},
				"south": {"uv": [0, 0, 16, 16], "texture": "#Voxel-7C7C7C"},
				"west": {"uv": [0, 0, 16, 16], "texture": "#Voxel-7C7C7C"},
				"up": {"uv": [0, 0, 16, 16], "texture": "#Voxel-7C7C7C"},
				"down": {"uv": [0, 0, 16, 16], "texture": "#Voxel-7C7C7C"}
			}
		},
		{
			"name": "Voxel-7C7C7C",
			"from": [6, 27, 6],
			"to": [7, 28, 10],
			"faces": {
				"north": {"uv": [0, 0, 16, 16], "texture": "#Voxel-7C7C7C"},
				"east": {"uv": [0, 0, 16, 16], "texture": "#Voxel-7C7C7C"},
				"south": {"uv": [0, 0, 16, 16], "texture": "#Voxel-7C7C7C"},
				"west": {"uv": [0, 0, 16, 16], "texture": "#Voxel-7C7C7C"},
				"up": {"uv": [0, 0, 16, 16], "texture": "#Voxel-7C7C7C"},
				"down": {"uv": [0, 0, 16, 16], "texture": "#Voxel-7C7C7C"}
			}
		},
		{
			"name": "Voxel-7C7C7C",
			"from": [7, 27, 5],
			"to": [9, 28, 6],
			"faces": {
				"north": {"uv": [0, 0, 16, 16], "texture": "#Voxel-7C7C7C"},
				"east": {"uv": [0, 0, 16, 16], "texture": "#Voxel-7C7C7C"},
				"south": {"uv": [0, 0, 16, 16], "texture": "#Voxel-7C7C7C"},
				"west": {"uv": [0, 0, 16, 16], "texture": "#Voxel-7C7C7C"},
				"up": {"uv": [0, 0, 16, 16], "texture": "#Voxel-7C7C7C"},
				"down": {"uv": [0, 0, 16, 16], "texture": "#Voxel-7C7C7C"}
			}
		},
		{
			"name": "Voxel-7C7C7C",
			"from": [7, 27, 10],
			"to": [9, 28, 11],
			"faces": {
				"north": {"uv": [0, 0, 16, 16], "texture": "#Voxel-7C7C7C"},
				"east": {"uv": [0, 0, 16, 16], "texture": "#Voxel-7C7C7C"},
				"south": {"uv": [0, 0, 16, 16], "texture": "#Voxel-7C7C7C"},
				"west": {"uv": [0, 0, 16, 16], "texture": "#Voxel-7C7C7C"},
				"up": {"uv": [0, 0, 16, 16], "texture": "#Voxel-7C7C7C"},
				"down": {"uv": [0, 0, 16, 16], "texture": "#Voxel-7C7C7C"}
			}
		},
		{
			"name": "Voxel-7C7C7C",
			"from": [7, 23, 5],
			"to": [8, 24, 6],
			"faces": {
				"north": {"uv": [0, 0, 16, 16], "texture": "#Voxel-7C7C7C"},
				"east": {"uv": [0, 0, 16, 16], "texture": "#Voxel-7C7C7C"},
				"south": {"uv": [0, 0, 16, 16], "texture": "#Voxel-7C7C7C"},
				"west": {"uv": [0, 0, 16, 16], "texture": "#Voxel-7C7C7C"},
				"up": {"uv": [0, 0, 16, 16], "texture": "#Voxel-7C7C7C"},
				"down": {"uv": [0, 0, 16, 16], "texture": "#Voxel-7C7C7C"}
			}
		},
		{
			"name": "Voxel-7C7C7C",
			"from": [7, 23, 10],
			"to": [8, 24, 11],
			"faces": {
				"north": {"uv": [0, 0, 16, 16], "texture": "#Voxel-7C7C7C"},
				"east": {"uv": [0, 0, 16, 16], "texture": "#Voxel-7C7C7C"},
				"south": {"uv": [0, 0, 16, 16], "texture": "#Voxel-7C7C7C"},
				"west": {"uv": [0, 0, 16, 16], "texture": "#Voxel-7C7C7C"},
				"up": {"uv": [0, 0, 16, 16], "texture": "#Voxel-7C7C7C"},
				"down": {"uv": [0, 0, 16, 16], "texture": "#Voxel-7C7C7C"}
			}
		},
		{
			"name": "Voxel-000000",
			"from": [6, 23, 7],
			"to": [7, 24, 9],
			"faces": {
				"north": {"uv": [0, 0, 16, 16], "texture": "#Voxel-000000"},
				"east": {"uv": [0, 0, 16, 16], "texture": "#Voxel-000000"},
				"south": {"uv": [0, 0, 16, 16], "texture": "#Voxel-000000"},
				"west": {"uv": [0, 0, 16, 16], "texture": "#Voxel-000000"},
				"up": {"uv": [0, 0, 16, 16], "texture": "#Voxel-000000"},
				"down": {"uv": [0, 0, 16, 16], "texture": "#Voxel-000000"}
			}
		}
	],
	"display": {
		"gui": {
			"rotation": [0, 60, 0],
			"translation": [0, -4, 0],
			"scale": [0.5, 0.5, 0.5]
		},
		"head": {
			"rotation": [0, -90, 0],
			"translation": [0, -30, 0],
			"scale": [2, 2, 2]
		},
		"fixed": {
			"rotation": [0, -90, 0],
			"translation": [0, -4, 0],
			"scale": [0.5, 0.5, 0.5]
		}
	},
	"groups": [
		{
			"name": "cursed",
			"origin": [8, 8, 8],
			"color": 0,
			"nbt": "{}",
			"armAnimationEnabled": false,
			"children": [0, 1, 2, 3, 4, 5, 6, 7, 8, 9, 10, 11, 12, 13, 14, 15, 16, 17, 18, 19, 20, 21, 22, 23, 24, 25, 26, 27, 28, 29, 30, 31, 32, 33, 34, 35, 36, 37, 38, 39, 40, 41, 42, 43, 44, 45, 46, 47, 48, 49, 50, 51, 52, 53, 54, 55, 56]
		}
	]
}