{
	"credit": "Made with Blockbench",
	"textures": {
		"Voxel-000000": "item/voxel-000000",
		"Voxel-2B2B2B": "item/voxel-2b2b2b",
		"Voxel-666666": "item/voxel-666666",
		"Voxel-7C7C7C": "item/voxel-7c7c7c",
		"particle": "item/particle"
	},
	"elements": [
		{
			"name": "Voxel-666666",
			"from": [8.25, 6, 6],
			"to": [8.75, 13, 11],
			"faces": {
				"north": {"uv": [0, 0, 16, 16], "texture": "#Voxel-7C7C7C"},
				"east": {"uv": [0, 0, 16, 16], "texture": "#Voxel-7C7C7C"},
				"south": {"uv": [0, 0, 16, 16], "texture": "#Voxel-7C7C7C"},
				"west": {"uv": [0, 0, 16, 16], "texture": "#Voxel-7C7C7C"},
				"up": {"uv": [0, 0, 16, 16], "texture": "#Voxel-7C7C7C"},
				"down": {"uv": [0, 0, 16, 16], "texture": "#Voxel-7C7C7C"}
			}
		},
		{
			"name": "Voxel-666667",
			"from": [8, 6, 7],
			"to": [9, 12, 10],
			"faces": {
				"north": {"uv": [0, 0, 16, 16], "texture": "#Voxel-666666"},
				"east": {"uv": [0, 0, 16, 16], "texture": "#Voxel-666666"},
				"south": {"uv": [0, 0, 16, 16], "texture": "#Voxel-666666"},
				"west": {"uv": [0, 0, 16, 16], "texture": "#Voxel-666666"},
				"up": {"uv": [0, 0, 16, 16], "texture": "#Voxel-666666"},
				"down": {"uv": [0, 0, 16, 16], "texture": "#Voxel-666666"}
			}
		},
		{
			"name": "Voxel-666668",
			"from": [8.25, 12.14104, 8.18173],
			"to": [8.75, 17.39104, 9.18173],
			"rotation": {"angle": -22.5, "axis": "x", "origin": [8, 17.14104, 7.93173]},
			"faces": {
				"north": {"uv": [0, 0, 16, 16], "texture": "#Voxel-7C7C7C"},
				"east": {"uv": [0, 0, 16, 16], "texture": "#Voxel-7C7C7C"},
				"south": {"uv": [0, 0, 16, 16], "texture": "#Voxel-7C7C7C"},
				"west": {"uv": [0, 0, 16, 16], "texture": "#Voxel-7C7C7C"},
				"up": {"uv": [0, 0, 16, 16], "texture": "#Voxel-7C7C7C"},
				"down": {"uv": [0, 0, 16, 16], "texture": "#Voxel-7C7C7C"}
			}
		},
		{
			"name": "Voxel-666669",
			"from": [8.25, 12.71507, 7.93245],
			"to": [8.75, 17.96507, 8.93245],
			"rotation": {"angle": 22.5, "axis": "x", "origin": [8, 17.71507, 7.68245]},
			"faces": {
				"north": {"uv": [0, 0, 16, 16], "texture": "#Voxel-7C7C7C"},
				"east": {"uv": [0, 0, 16, 16], "texture": "#Voxel-7C7C7C"},
				"south": {"uv": [0, 0, 16, 16], "texture": "#Voxel-7C7C7C"},
				"west": {"uv": [0, 0, 16, 16], "texture": "#Voxel-7C7C7C"},
				"up": {"uv": [0, 0, 16, 16], "texture": "#Voxel-7C7C7C"},
				"down": {"uv": [0, 0, 16, 16], "texture": "#Voxel-7C7C7C"}
			}
		},
		{
			"name": "Voxel-666666",
			"from": [8.25, 13, 7.75],
			"to": [8.75, 18, 9.25],
			"faces": {
				"north": {"uv": [0, 0, 16, 16], "texture": "#Voxel-7C7C7C"},
				"east": {"uv": [0, 0, 16, 16], "texture": "#Voxel-7C7C7C"},
				"south": {"uv": [0, 0, 16, 16], "texture": "#Voxel-7C7C7C"},
				"west": {"uv": [0, 0, 16, 16], "texture": "#Voxel-7C7C7C"},
				"up": {"uv": [0, 0, 16, 16], "texture": "#Voxel-7C7C7C"},
				"down": {"uv": [0, 0, 16, 16], "texture": "#Voxel-7C7C7C"}
			}
		},
		{
			"name": "Voxel-000000",
			"from": [7.5, 5.5, 5.5],
			"to": [9.5, 6, 11.5],
			"faces": {
				"north": {"uv": [0, 0, 16, 16], "texture": "#Voxel-000000"},
				"east": {"uv": [0, 0, 16, 16], "texture": "#Voxel-000000"},
				"south": {"uv": [0, 0, 16, 16], "texture": "#Voxel-000000"},
				"west": {"uv": [0, 0, 16, 16], "texture": "#Voxel-000000"},
				"up": {"uv": [0, 0, 16, 16], "texture": "#Voxel-000000"},
				"down": {"uv": [0, 0, 16, 16], "texture": "#Voxel-000000"}
			}
		},
		{
			"name": "Voxel-000000",
			"from": [7.25, 0.5, 6.75],
			"to": [9.75, 1, 10.25],
			"faces": {
				"north": {"uv": [0, 0, 16, 16], "texture": "#Voxel-000000"},
				"east": {"uv": [0, 0, 16, 16], "texture": "#Voxel-000000"},
				"south": {"uv": [0, 0, 16, 16], "texture": "#Voxel-000000"},
				"west": {"uv": [0, 0, 16, 16], "texture": "#Voxel-000000"},
				"up": {"uv": [0, 0, 16, 16], "texture": "#Voxel-000000"},
				"down": {"uv": [0, 0, 16, 16], "texture": "#Voxel-000000"}
			}
		},
		{
			"name": "Voxel-2B2B2B",
			"from": [8, 1, 7.5],
			"to": [9, 6, 9.5],
			"faces": {
				"north": {"uv": [0, 0, 16, 16], "texture": "#Voxel-2B2B2B"},
				"east": {"uv": [0, 0, 16, 16], "texture": "#Voxel-2B2B2B"},
				"south": {"uv": [0, 0, 16, 16], "texture": "#Voxel-2B2B2B"},
				"west": {"uv": [0, 0, 16, 16], "texture": "#Voxel-2B2B2B"},
				"up": {"uv": [0, 0, 16, 16], "texture": "#Voxel-2B2B2B"},
				"down": {"uv": [0, 0, 16, 16], "texture": "#Voxel-2B2B2B"}
			}
		}
	],
	"display": {
		"thirdperson_righthand": {
			"translation": [-0.5, 3, 1.5]
		},
		"thirdperson_lefthand": {
			"translation": [0.5, 3, 1.5]
		},
		"firstperson_righthand": {
			"rotation": [-20, 0, 0],
			"translation": [0, 4, 0]
		},
		"firstperson_lefthand": {
			"rotation": [-15, 0, 10],
			"translation": [0, 5, 0]
		},
		"ground": {
			"translation": [0, 4, 0]
		},
		"fixed": {
			"translation": [0, 1, 0]
		}
	},
	"groups": [
		{
			"name": "dagger",
			"origin": [8, 8, 8],
			"color": 0,
			"nbt": "{}",
			"armAnimationEnabled": false,
			"children": [0, 1, 2, 3, 4, 5, 6, 7]
		}
	]
}