{
	"credit": "Made with Blockbench",
	"textures": {
		"Voxel-0F0F0F": "item/voxel-0f0f0f",
		"Voxel-1B1B1B": "item/voxel-1b1b1b",
		"Voxel-55FFFF": "item/voxel-55ffff",
		"Voxel-8EFFFF": "item/voxel-8effff",
		"Voxel-71FFFF": "item/voxel-71ffff",
		"Voxel-FFFFFF": "item/voxel-ffffff",
		"particle": "item/particle"
	},
	"elements": [
		{
			"name": "Voxel-55FFFF",
			"from": [8.25, -6, 7],
			"to": [8.75, 15, 8],
			"faces": {
				"north": {"uv": [0, 0, 16, 16], "texture": "#Voxel-55FFFF"},
				"east": {"uv": [0, 0, 16, 16], "texture": "#Voxel-55FFFF"},
				"south": {"uv": [0, 0, 16, 16], "texture": "#Voxel-55FFFF"},
				"west": {"uv": [0, 0, 16, 16], "texture": "#Voxel-55FFFF"},
				"up": {"uv": [0, 0, 16, 16], "texture": "#Voxel-55FFFF"},
				"down": {"uv": [0, 0, 16, 16], "texture": "#Voxel-55FFFF"}
			}
		},
		{
			"name": "Voxel-55FFFF",
			"from": [8.25, -6, 8],
			"to": [8.75, 4, 9],
			"faces": {
				"north": {"uv": [0, 0, 16, 16], "texture": "#Voxel-71FFFF"},
				"east": {"uv": [0, 0, 16, 16], "texture": "#Voxel-71FFFF"},
				"south": {"uv": [0, 0, 16, 16], "texture": "#Voxel-71FFFF"},
				"west": {"uv": [0, 0, 16, 16], "texture": "#Voxel-71FFFF"},
				"up": {"uv": [0, 0, 16, 16], "texture": "#Voxel-71FFFF"},
				"down": {"uv": [0, 0, 16, 16], "texture": "#Voxel-71FFFF"}
			}
		},
		{
			"name": "Voxel-71FFFF",
			"from": [8.25, 7, 8],
			"to": [8.75, 19, 9],
			"faces": {
				"north": {"uv": [0, 0, 16, 16], "texture": "#Voxel-8EFFFF"},
				"east": {"uv": [0, 0, 16, 16], "texture": "#Voxel-8EFFFF"},
				"south": {"uv": [0, 0, 16, 16], "texture": "#Voxel-8EFFFF"},
				"west": {"uv": [0, 0, 16, 16], "texture": "#Voxel-8EFFFF"},
				"up": {"uv": [0, 0, 16, 16], "texture": "#Voxel-8EFFFF"},
				"down": {"uv": [0, 0, 16, 16], "texture": "#Voxel-8EFFFF"}
			}
		},
		{
			"name": "Voxel-71FFFF",
			"from": [8.25, 14.39104, 10.06147],
			"to": [8.75, 17.14104, 11.06147],
			"rotation": {"angle": 22.5, "axis": "x", "origin": [8, 22.39104, 10.06147]},
			"faces": {
				"north": {"uv": [0, 0, 16, 16], "texture": "#Voxel-8EFFFF"},
				"east": {"uv": [0, 0, 16, 16], "texture": "#Voxel-8EFFFF"},
				"south": {"uv": [0, 0, 16, 16], "texture": "#Voxel-8EFFFF"},
				"west": {"uv": [0, 0, 16, 16], "texture": "#Voxel-8EFFFF"},
				"up": {"uv": [0, 0, 16, 16], "texture": "#Voxel-8EFFFF"},
				"down": {"uv": [0, 0, 16, 16], "texture": "#Voxel-8EFFFF"}
			}
		},
		{
			"name": "Voxel-FFFFFF",
			"from": [8.25, 4, 8],
			"to": [8.75, 7, 9],
			"faces": {
				"north": {"uv": [0, 0, 16, 16], "texture": "#Voxel-FFFFFF"},
				"east": {"uv": [0, 0, 16, 16], "texture": "#Voxel-FFFFFF"},
				"south": {"uv": [0, 0, 16, 16], "texture": "#Voxel-FFFFFF"},
				"west": {"uv": [0, 0, 16, 16], "texture": "#Voxel-FFFFFF"},
				"up": {"uv": [0, 0, 16, 16], "texture": "#Voxel-FFFFFF"},
				"down": {"uv": [0, 0, 16, 16], "texture": "#Voxel-FFFFFF"}
			}
		},
		{
			"name": "Voxel-1B1B1B",
			"from": [8, -12, 7],
			"to": [9, -7, 9],
			"faces": {
				"north": {"uv": [0, 0, 16, 16], "texture": "#Voxel-1B1B1B"},
				"east": {"uv": [0, 0, 16, 16], "texture": "#Voxel-1B1B1B"},
				"south": {"uv": [0, 0, 16, 16], "texture": "#Voxel-1B1B1B"},
				"west": {"uv": [0, 0, 16, 16], "texture": "#Voxel-1B1B1B"},
				"up": {"uv": [0, 0, 16, 16], "texture": "#Voxel-1B1B1B"},
				"down": {"uv": [0, 0, 16, 16], "texture": "#Voxel-1B1B1B"}
			}
		},
		{
			"name": "Voxel-0F0F0F",
			"from": [7.5, -12.5, 6.5],
			"to": [9.5, -12, 9.5],
			"faces": {
				"north": {"uv": [0, 0, 16, 16], "texture": "#Voxel-0F0F0F"},
				"east": {"uv": [0, 0, 16, 16], "texture": "#Voxel-0F0F0F"},
				"south": {"uv": [0, 0, 16, 16], "texture": "#Voxel-0F0F0F"},
				"west": {"uv": [0, 0, 16, 16], "texture": "#Voxel-0F0F0F"},
				"up": {"uv": [0, 0, 16, 16], "texture": "#Voxel-0F0F0F"},
				"down": {"uv": [0, 0, 16, 16], "texture": "#Voxel-0F0F0F"}
			}
		},
		{
			"name": "Voxel-0F0F0F",
			"from": [7.5, -7, 5.5],
			"to": [9.5, -6, 10.5],
			"faces": {
				"north": {"uv": [0, 0, 16, 16], "texture": "#Voxel-0F0F0F"},
				"east": {"uv": [0, 0, 16, 16], "texture": "#Voxel-0F0F0F"},
				"south": {"uv": [0, 0, 16, 16], "texture": "#Voxel-0F0F0F"},
				"west": {"uv": [0, 0, 16, 16], "texture": "#Voxel-0F0F0F"},
				"up": {"uv": [0, 0, 16, 16], "texture": "#Voxel-0F0F0F"},
				"down": {"uv": [0, 0, 16, 16], "texture": "#Voxel-0F0F0F"}
			}
		}
	],
	"display": {
		"thirdperson_righthand": {
			"translation": [0.5, 15.5, 2.5]
		},
		"thirdperson_lefthand": {
			"translation": [0.5, 15, 2.5]
		},
		"firstperson_righthand": {
			"rotation": [-33, 0, 0],
			"translation": [2, 12, -9]
		},
		"firstperson_lefthand": {
			"rotation": [-15, 0, 0],
			"translation": [0, 15, -4]
		},
		"ground": {
			"translation": [0, 15, 0]
		},
		"gui": {
			"rotation": [0, 90, 0],
			"translation": [0, 3, 0],
			"scale": [0.5, 0.5, 0.5]
		},
		"fixed": {
			"rotation": [0, 90, 0],
			"translation": [0, 6, 0]
		}
	},
	"groups": [
		{
			"name": "Katana",
			"origin": [8, 8, 8],
			"color": 0,
			"nbt": "{}",
			"armAnimationEnabled": false,
			"children": [0, 1, 2, 3, 4, 5, 6, 7]
		}
	]
}