{
	"credit": "Made with Blockbench",
	"textures": {
		"Voxel-9E7C00": "item/voxel-9e7c00",
		"Voxel-301900": "item/voxel-301900",
		"Voxel-00B700": "item/voxel-00b700",
		"Voxel-FFFFFF": "item/voxel-ffffff",
		"particle": "item/particle"
	},
	"elements": [
		{
			"name": "Voxel-FFFFFF",
			"from": [10.25, 1, 8.25],
			"to": [10.75, 18, 8.75],
			"faces": {
				"north": {"uv": [0, 0, 16, 16], "texture": "#Voxel-FFFFFF"},
				"east": {"uv": [0, 0, 16, 16], "texture": "#Voxel-FFFFFF"},
				"south": {"uv": [0, 0, 16, 16], "texture": "#Voxel-FFFFFF"},
				"west": {"uv": [0, 0, 16, 16], "texture": "#Voxel-FFFFFF"},
				"up": {"uv": [0, 0, 16, 16], "texture": "#Voxel-FFFFFF"},
				"down": {"uv": [0, 0, 16, 16], "texture": "#Voxel-FFFFFF"}
			}
		},
		{
			"name": "Voxel-00B700",
			"from": [9, 19, 8],
			"to": [10, 19.5, 9],
			"faces": {
				"north": {"uv": [0, 0, 16, 16], "texture": "#Voxel-00B700"},
				"east": {"uv": [0, 0, 16, 16], "texture": "#Voxel-00B700"},
				"south": {"uv": [0, 0, 16, 16], "texture": "#Voxel-00B700"},
				"west": {"uv": [0, 0, 16, 16], "texture": "#Voxel-00B700"},
				"up": {"uv": [0, 0, 16, 16], "texture": "#Voxel-00B700"},
				"down": {"uv": [0, 0, 16, 16], "texture": "#Voxel-00B700"}
			}
		},
		{
			"name": "Voxel-00B700",
			"from": [9, -0.5, 8],
			"to": [10, 0, 9],
			"faces": {
				"north": {"uv": [0, 0, 16, 16], "texture": "#Voxel-00B700"},
				"east": {"uv": [0, 0, 16, 16], "texture": "#Voxel-00B700"},
				"south": {"uv": [0, 0, 16, 16], "texture": "#Voxel-00B700"},
				"west": {"uv": [0, 0, 16, 16], "texture": "#Voxel-00B700"},
				"up": {"uv": [0, 0, 16, 16], "texture": "#Voxel-00B700"},
				"down": {"uv": [0, 0, 16, 16], "texture": "#Voxel-00B700"}
			}
		},
		{
			"name": "Voxel-00B700",
			"from": [5, 9, 7.25],
			"to": [6, 10, 9.75],
			"faces": {
				"north": {"uv": [0, 0, 16, 16], "texture": "#Voxel-00B700"},
				"east": {"uv": [0, 0, 16, 16], "texture": "#Voxel-00B700"},
				"south": {"uv": [0, 0, 16, 16], "texture": "#Voxel-00B700"},
				"west": {"uv": [0, 0, 16, 16], "texture": "#Voxel-00B700"},
				"up": {"uv": [0, 0, 16, 16], "texture": "#Voxel-00B700"},
				"down": {"uv": [0, 0, 16, 16], "texture": "#Voxel-00B700"}
			}
		},
		{
			"name": "Voxel-9E7C00",
			"from": [3.75, 7.25, 7.5],
			"to": [7.5, 11.75, 8],
			"faces": {
				"north": {"uv": [0, 0, 16, 16], "texture": "#Voxel-301900"},
				"east": {"uv": [0, 0, 16, 16], "texture": "#Voxel-301900"},
				"south": {"uv": [0, 0, 16, 16], "texture": "#Voxel-301900"},
				"west": {"uv": [0, 0, 16, 16], "texture": "#Voxel-301900"},
				"up": {"uv": [0, 0, 16, 16], "texture": "#Voxel-301900"},
				"down": {"uv": [0, 0, 16, 16], "texture": "#Voxel-301900"}
			}
		},
		{
			"name": "Voxel-9E7C00",
			"from": [3.75, 7.25, 9],
			"to": [7.5, 11.75, 9.5],
			"faces": {
				"north": {"uv": [0, 0, 16, 16], "texture": "#Voxel-301900"},
				"east": {"uv": [0, 0, 16, 16], "texture": "#Voxel-301900"},
				"south": {"uv": [0, 0, 16, 16], "texture": "#Voxel-301900"},
				"west": {"uv": [0, 0, 16, 16], "texture": "#Voxel-301900"},
				"up": {"uv": [0, 0, 16, 16], "texture": "#Voxel-301900"},
				"down": {"uv": [0, 0, 16, 16], "texture": "#Voxel-301900"}
			}
		},
		{
			"name": "Voxel-9E7C00",
			"from": [3.5, 9, 8],
			"to": [7.25, 10, 9],
			"faces": {
				"north": {"uv": [0, 0, 16, 16], "texture": "#Voxel-9E7C00"},
				"east": {"uv": [0, 0, 16, 16], "texture": "#Voxel-9E7C00"},
				"south": {"uv": [0, 0, 16, 16], "texture": "#Voxel-9E7C00"},
				"west": {"uv": [0, 0, 16, 16], "texture": "#Voxel-9E7C00"},
				"up": {"uv": [0, 0, 16, 16], "texture": "#Voxel-9E7C00"},
				"down": {"uv": [0, 0, 16, 16], "texture": "#Voxel-9E7C00"}
			}
		},
		{
			"name": "Voxel-301900",
			"from": [3.25, 7, 8],
			"to": [8, 8, 9],
			"faces": {
				"north": {"uv": [0, 0, 16, 16], "texture": "#Voxel-9E7C00"},
				"east": {"uv": [0, 0, 16, 16], "texture": "#Voxel-9E7C00"},
				"south": {"uv": [0, 0, 16, 16], "texture": "#Voxel-9E7C00"},
				"west": {"uv": [0, 0, 16, 16], "texture": "#Voxel-9E7C00"},
				"up": {"uv": [0, 0, 16, 16], "texture": "#Voxel-9E7C00"},
				"down": {"uv": [0, 0, 16, 16], "texture": "#Voxel-9E7C00"}
			}
		},
		{
			"name": "Voxel-301900",
			"from": [3.25, 11, 8],
			"to": [8, 12, 9],
			"faces": {
				"north": {"uv": [0, 0, 16, 16], "texture": "#Voxel-9E7C00"},
				"east": {"uv": [0, 0, 16, 16], "texture": "#Voxel-9E7C00"},
				"south": {"uv": [0, 0, 16, 16], "texture": "#Voxel-9E7C00"},
				"west": {"uv": [0, 0, 16, 16], "texture": "#Voxel-9E7C00"},
				"up": {"uv": [0, 0, 16, 16], "texture": "#Voxel-9E7C00"},
				"down": {"uv": [0, 0, 16, 16], "texture": "#Voxel-9E7C00"}
			}
		},
		{
			"name": "Voxel-301901",
			"from": [6.40642, 11.51589, 8],
			"to": [7.40642, 19.51589, 9],
			"rotation": {"angle": -22.5, "axis": "z", "origin": [6.40642, 17.76589, 8]},
			"faces": {
				"north": {"uv": [0, 0, 16, 16], "texture": "#Voxel-301900"},
				"east": {"uv": [0, 0, 16, 16], "texture": "#Voxel-301900"},
				"south": {"uv": [0, 0, 16, 16], "texture": "#Voxel-301900"},
				"west": {"uv": [0, 0, 16, 16], "texture": "#Voxel-301900"},
				"up": {"uv": [0, 0, 16, 16], "texture": "#Voxel-301900"},
				"down": {"uv": [0, 0, 16, 16], "texture": "#Voxel-301900"}
			}
		},
		{
			"name": "Voxel-301900",
			"from": [7, 12, 8],
			"to": [8, 18, 9],
			"faces": {
				"north": {"uv": [0, 0, 16, 16], "texture": "#Voxel-301900"},
				"east": {"uv": [0, 0, 16, 16], "texture": "#Voxel-301900"},
				"south": {"uv": [0, 0, 16, 16], "texture": "#Voxel-301900"},
				"west": {"uv": [0, 0, 16, 16], "texture": "#Voxel-301900"},
				"up": {"uv": [0, 0, 16, 16], "texture": "#Voxel-301900"},
				"down": {"uv": [0, 0, 16, 16], "texture": "#Voxel-301900"}
			}
		},
		{
			"name": "Voxel-301901",
			"from": [7, 0, 8],
			"to": [8, 8, 9],
			"rotation": {"angle": 22.5, "axis": "z", "origin": [8, 0, 9]},
			"faces": {
				"north": {"uv": [0, 0, 16, 16], "texture": "#Voxel-301900"},
				"east": {"uv": [0, 0, 16, 16], "texture": "#Voxel-301900"},
				"south": {"uv": [0, 0, 16, 16], "texture": "#Voxel-301900"},
				"west": {"uv": [0, 0, 16, 16], "texture": "#Voxel-301900"},
				"up": {"uv": [0, 0, 16, 16], "texture": "#Voxel-301900"},
				"down": {"uv": [0, 0, 16, 16], "texture": "#Voxel-301900"}
			}
		},
		{
			"name": "Voxel-301900",
			"from": [7, 18, 8],
			"to": [11, 19, 9],
			"faces": {
				"north": {"uv": [0, 0, 16, 16], "texture": "#Voxel-301900"},
				"east": {"uv": [0, 0, 16, 16], "texture": "#Voxel-301900"},
				"south": {"uv": [0, 0, 16, 16], "texture": "#Voxel-301900"},
				"west": {"uv": [0, 0, 16, 16], "texture": "#Voxel-301900"},
				"up": {"uv": [0, 0, 16, 16], "texture": "#Voxel-301900"},
				"down": {"uv": [0, 0, 16, 16], "texture": "#Voxel-301900"}
			}
		},
		{
			"name": "Voxel-301900",
			"from": [9, 17, 8],
			"to": [10, 18, 9],
			"faces": {
				"north": {"uv": [0, 0, 16, 16], "texture": "#Voxel-9E7C00"},
				"east": {"uv": [0, 0, 16, 16], "texture": "#Voxel-9E7C00"},
				"south": {"uv": [0, 0, 16, 16], "texture": "#Voxel-9E7C00"},
				"west": {"uv": [0, 0, 16, 16], "texture": "#Voxel-9E7C00"},
				"up": {"uv": [0, 0, 16, 16], "texture": "#Voxel-9E7C00"},
				"down": {"uv": [0, 0, 16, 16], "texture": "#Voxel-9E7C00"}
			}
		},
		{
			"name": "Voxel-301900",
			"from": [7, 0, 8],
			"to": [11, 1, 9],
			"faces": {
				"north": {"uv": [0, 0, 16, 16], "texture": "#Voxel-301900"},
				"east": {"uv": [0, 0, 16, 16], "texture": "#Voxel-301900"},
				"south": {"uv": [0, 0, 16, 16], "texture": "#Voxel-301900"},
				"west": {"uv": [0, 0, 16, 16], "texture": "#Voxel-301900"},
				"up": {"uv": [0, 0, 16, 16], "texture": "#Voxel-301900"},
				"down": {"uv": [0, 0, 16, 16], "texture": "#Voxel-301900"}
			}
		},
		{
			"name": "Voxel-301900",
			"from": [9, 1, 8],
			"to": [10, 2, 9],
			"faces": {
				"north": {"uv": [0, 0, 16, 16], "texture": "#Voxel-9E7C00"},
				"east": {"uv": [0, 0, 16, 16], "texture": "#Voxel-9E7C00"},
				"south": {"uv": [0, 0, 16, 16], "texture": "#Voxel-9E7C00"},
				"west": {"uv": [0, 0, 16, 16], "texture": "#Voxel-9E7C00"},
				"up": {"uv": [0, 0, 16, 16], "texture": "#Voxel-9E7C00"},
				"down": {"uv": [0, 0, 16, 16], "texture": "#Voxel-9E7C00"}
			}
		},
		{
			"name": "Voxel-301900",
			"from": [7, 1, 8],
			"to": [8, 7, 9],
			"faces": {
				"north": {"uv": [0, 0, 16, 16], "texture": "#Voxel-301900"},
				"east": {"uv": [0, 0, 16, 16], "texture": "#Voxel-301900"},
				"south": {"uv": [0, 0, 16, 16], "texture": "#Voxel-301900"},
				"west": {"uv": [0, 0, 16, 16], "texture": "#Voxel-301900"},
				"up": {"uv": [0, 0, 16, 16], "texture": "#Voxel-301900"},
				"down": {"uv": [0, 0, 16, 16], "texture": "#Voxel-301900"}
			}
		}
	],
	"display": {
		"thirdperson_righthand": {
			"rotation": [0, -90, 0],
			"translation": [-1, 0.5, 2]
		},
		"thirdperson_lefthand": {
			"rotation": [0, 75, 0],
			"translation": [-2, 0.5, 3]
		},
		"firstperson_righthand": {
			"rotation": [0, -94, -3],
			"translation": [-1.5, 4.5, 0]
		},
		"firstperson_lefthand": {
			"rotation": [5, 100, 0],
			"translation": [-1, 1, 0]
		},
		"ground": {
			"rotation": [75, 0, 0],
			"translation": [0, 4, 0]
		},
		"gui": {
			"rotation": [30, 30, 0],
			"translation": [0, -1.1, 0],
			"scale": [0.75, 0.75, 0.75]
		},
		"fixed": {
			"rotation": [0, 0, -45],
			"translation": [-2, 0, 0]
		}
	},
	"groups": [
		{
			"name": "double",
			"origin": [8, 8, 8],
			"color": 0,
			"nbt": "{}",
			"armAnimationEnabled": false,
			"children": [0, 1, 2, 3, 4, 5, 6, 7, 8, 9, 10, 11, 12, 13, 14, 15, 16]
		}
	]
}