{
	"credit": "Made with Blockbench",
	"textures": {
		"Voxel-939393": "item/voxel-939393",
		"Voxel-723907": "item/voxel-723907",
		"Voxel-763F08": "item/voxel-763f08",
		"Voxel-FFD400": "item/voxel-ffd400",
		"Voxel-FFFFFF": "item/voxel-ffffff",
		"Voxel-000000": "item/voxel-000000",
		"particle": "item/particle"
	},
	"elements": [
		{
			"name": "Voxel-000000",
			"from": [6, 17, 6],
			"to": [12, 23, 10],
			"faces": {
				"north": {"uv": [0, 0, 16, 16], "texture": "#Voxel-000000"},
				"east": {"uv": [0, 0, 16, 16], "texture": "#Voxel-000000"},
				"south": {"uv": [0, 0, 16, 16], "texture": "#Voxel-000000"},
				"west": {"uv": [0, 0, 16, 16], "texture": "#Voxel-000000"},
				"up": {"uv": [0, 0, 16, 16], "texture": "#Voxel-000000"},
				"down": {"uv": [0, 0, 16, 16], "texture": "#Voxel-000000"}
			}
		},
		{
			"name": "Voxel-000000",
			"from": [7, 18, 10],
			"to": [11, 23, 11],
			"faces": {
				"north": {"uv": [0, 0, 16, 16], "texture": "#Voxel-000000"},
				"east": {"uv": [0, 0, 16, 16], "texture": "#Voxel-000000"},
				"south": {"uv": [0, 0, 16, 16], "texture": "#Voxel-000000"},
				"west": {"uv": [0, 0, 16, 16], "texture": "#Voxel-000000"},
				"up": {"uv": [0, 0, 16, 16], "texture": "#Voxel-000000"},
				"down": {"uv": [0, 0, 16, 16], "texture": "#Voxel-000000"}
			}
		},
		{
			"name": "Voxel-111111",
			"from": [7, 18, 5],
			"to": [11, 23, 6],
			"faces": {
				"north": {"uv": [0, 0, 16, 16], "texture": "#Voxel-000000"},
				"east": {"uv": [0, 0, 16, 16], "texture": "#Voxel-000000"},
				"south": {"uv": [0, 0, 16, 16], "texture": "#Voxel-000000"},
				"west": {"uv": [0, 0, 16, 16], "texture": "#Voxel-000000"},
				"up": {"uv": [0, 0, 16, 16], "texture": "#Voxel-000000"},
				"down": {"uv": [0, 0, 16, 16], "texture": "#Voxel-000000"}
			}
		},
		{
			"name": "Voxel-000000",
			"from": [7, 17, 3],
			"to": [11, 18, 13],
			"faces": {
				"north": {"uv": [0, 0, 16, 16], "texture": "#Voxel-000000"},
				"east": {"uv": [0, 0, 16, 16], "texture": "#Voxel-000000"},
				"south": {"uv": [0, 0, 16, 16], "texture": "#Voxel-000000"},
				"west": {"uv": [0, 0, 16, 16], "texture": "#Voxel-000000"},
				"up": {"uv": [0, 0, 16, 16], "texture": "#Voxel-000000"},
				"down": {"uv": [0, 0, 16, 16], "texture": "#Voxel-000000"}
			}
		},
		{
			"name": "Voxel-000000",
			"from": [4, 17, 6],
			"to": [7, 18, 10],
			"faces": {
				"north": {"uv": [0, 0, 16, 16], "texture": "#Voxel-000000"},
				"east": {"uv": [0, 0, 16, 16], "texture": "#Voxel-000000"},
				"south": {"uv": [0, 0, 16, 16], "texture": "#Voxel-000000"},
				"west": {"uv": [0, 0, 16, 16], "texture": "#Voxel-000000"},
				"up": {"uv": [0, 0, 16, 16], "texture": "#Voxel-000000"},
				"down": {"uv": [0, 0, 16, 16], "texture": "#Voxel-000000"}
			}
		},
		{
			"name": "Voxel-111111",
			"from": [11, 17, 6],
			"to": [14, 18, 10],
			"faces": {
				"north": {"uv": [0, 0, 16, 16], "texture": "#Voxel-000000"},
				"east": {"uv": [0, 0, 16, 16], "texture": "#Voxel-000000"},
				"south": {"uv": [0, 0, 16, 16], "texture": "#Voxel-000000"},
				"west": {"uv": [0, 0, 16, 16], "texture": "#Voxel-000000"},
				"up": {"uv": [0, 0, 16, 16], "texture": "#Voxel-000000"},
				"down": {"uv": [0, 0, 16, 16], "texture": "#Voxel-000000"}
			}
		},
		{
			"name": "Voxel-000000",
			"from": [6, 17, 4],
			"to": [7, 18, 6],
			"faces": {
				"north": {"uv": [0, 0, 16, 16], "texture": "#Voxel-000000"},
				"east": {"uv": [0, 0, 16, 16], "texture": "#Voxel-000000"},
				"south": {"uv": [0, 0, 16, 16], "texture": "#Voxel-000000"},
				"west": {"uv": [0, 0, 16, 16], "texture": "#Voxel-000000"},
				"up": {"uv": [0, 0, 16, 16], "texture": "#Voxel-000000"},
				"down": {"uv": [0, 0, 16, 16], "texture": "#Voxel-000000"}
			}
		},
		{
			"name": "Voxel-111111",
			"from": [11, 17, 4],
			"to": [12, 18, 6],
			"faces": {
				"north": {"uv": [0, 0, 16, 16], "texture": "#Voxel-000000"},
				"east": {"uv": [0, 0, 16, 16], "texture": "#Voxel-000000"},
				"south": {"uv": [0, 0, 16, 16], "texture": "#Voxel-000000"},
				"west": {"uv": [0, 0, 16, 16], "texture": "#Voxel-000000"},
				"up": {"uv": [0, 0, 16, 16], "texture": "#Voxel-000000"},
				"down": {"uv": [0, 0, 16, 16], "texture": "#Voxel-000000"}
			}
		},
		{
			"name": "Voxel-111112",
			"from": [11, 17, 10],
			"to": [12, 18, 12],
			"faces": {
				"north": {"uv": [0, 0, 16, 16], "texture": "#Voxel-000000"},
				"east": {"uv": [0, 0, 16, 16], "texture": "#Voxel-000000"},
				"south": {"uv": [0, 0, 16, 16], "texture": "#Voxel-000000"},
				"west": {"uv": [0, 0, 16, 16], "texture": "#Voxel-000000"},
				"up": {"uv": [0, 0, 16, 16], "texture": "#Voxel-000000"},
				"down": {"uv": [0, 0, 16, 16], "texture": "#Voxel-000000"}
			}
		},
		{
			"name": "Voxel-111113",
			"from": [6, 17, 10],
			"to": [7, 18, 12],
			"faces": {
				"north": {"uv": [0, 0, 16, 16], "texture": "#Voxel-000000"},
				"east": {"uv": [0, 0, 16, 16], "texture": "#Voxel-000000"},
				"south": {"uv": [0, 0, 16, 16], "texture": "#Voxel-000000"},
				"west": {"uv": [0, 0, 16, 16], "texture": "#Voxel-000000"},
				"up": {"uv": [0, 0, 16, 16], "texture": "#Voxel-000000"},
				"down": {"uv": [0, 0, 16, 16], "texture": "#Voxel-000000"}
			}
		},
		{
			"name": "Voxel-000000",
			"from": [5, 17, 10],
			"to": [6, 18, 11],
			"faces": {
				"north": {"uv": [0, 0, 16, 16], "texture": "#Voxel-000000"},
				"east": {"uv": [0, 0, 16, 16], "texture": "#Voxel-000000"},
				"south": {"uv": [0, 0, 16, 16], "texture": "#Voxel-000000"},
				"west": {"uv": [0, 0, 16, 16], "texture": "#Voxel-000000"},
				"up": {"uv": [0, 0, 16, 16], "texture": "#Voxel-000000"},
				"down": {"uv": [0, 0, 16, 16], "texture": "#Voxel-000000"}
			}
		},
		{
			"name": "Voxel-111111",
			"from": [5, 17, 5],
			"to": [6, 18, 6],
			"faces": {
				"north": {"uv": [0, 0, 16, 16], "texture": "#Voxel-000000"},
				"east": {"uv": [0, 0, 16, 16], "texture": "#Voxel-000000"},
				"south": {"uv": [0, 0, 16, 16], "texture": "#Voxel-000000"},
				"west": {"uv": [0, 0, 16, 16], "texture": "#Voxel-000000"},
				"up": {"uv": [0, 0, 16, 16], "texture": "#Voxel-000000"},
				"down": {"uv": [0, 0, 16, 16], "texture": "#Voxel-000000"}
			}
		},
		{
			"name": "Voxel-111111",
			"from": [12, 17, 10],
			"to": [13, 18, 11],
			"faces": {
				"north": {"uv": [0, 0, 16, 16], "texture": "#Voxel-000000"},
				"east": {"uv": [0, 0, 16, 16], "texture": "#Voxel-000000"},
				"south": {"uv": [0, 0, 16, 16], "texture": "#Voxel-000000"},
				"west": {"uv": [0, 0, 16, 16], "texture": "#Voxel-000000"},
				"up": {"uv": [0, 0, 16, 16], "texture": "#Voxel-000000"},
				"down": {"uv": [0, 0, 16, 16], "texture": "#Voxel-000000"}
			}
		},
		{
			"name": "Voxel-111112",
			"from": [12, 17, 5],
			"to": [13, 18, 6],
			"faces": {
				"north": {"uv": [0, 0, 16, 16], "texture": "#Voxel-000000"},
				"east": {"uv": [0, 0, 16, 16], "texture": "#Voxel-000000"},
				"south": {"uv": [0, 0, 16, 16], "texture": "#Voxel-000000"},
				"west": {"uv": [0, 0, 16, 16], "texture": "#Voxel-000000"},
				"up": {"uv": [0, 0, 16, 16], "texture": "#Voxel-000000"},
				"down": {"uv": [0, 0, 16, 16], "texture": "#Voxel-000000"}
			}
		},
		{
			"name": "Voxel-000000",
			"from": [5, 15, 9],
			"to": [6, 16, 11],
			"faces": {
				"north": {"uv": [0, 0, 16, 16], "texture": "#Voxel-000000"},
				"east": {"uv": [0, 0, 16, 16], "texture": "#Voxel-000000"},
				"south": {"uv": [0, 0, 16, 16], "texture": "#Voxel-000000"},
				"west": {"uv": [0, 0, 16, 16], "texture": "#Voxel-000000"},
				"up": {"uv": [0, 0, 16, 16], "texture": "#Voxel-000000"},
				"down": {"uv": [0, 0, 16, 16], "texture": "#Voxel-000000"}
			}
		},
		{
			"name": "Voxel-000000",
			"from": [5, 15, 5],
			"to": [6, 16, 7],
			"faces": {
				"north": {"uv": [0, 0, 16, 16], "texture": "#Voxel-000000"},
				"east": {"uv": [0, 0, 16, 16], "texture": "#Voxel-000000"},
				"south": {"uv": [0, 0, 16, 16], "texture": "#Voxel-000000"},
				"west": {"uv": [0, 0, 16, 16], "texture": "#Voxel-000000"},
				"up": {"uv": [0, 0, 16, 16], "texture": "#Voxel-000000"},
				"down": {"uv": [0, 0, 16, 16], "texture": "#Voxel-000000"}
			}
		},
		{
			"name": "Voxel-939393",
			"from": [5, 16, 6],
			"to": [6, 17, 10],
			"faces": {
				"north": {"uv": [0, 0, 16, 16], "texture": "#Voxel-939393"},
				"east": {"uv": [0, 0, 16, 16], "texture": "#Voxel-939393"},
				"south": {"uv": [0, 0, 16, 16], "texture": "#Voxel-939393"},
				"west": {"uv": [0, 0, 16, 16], "texture": "#Voxel-939393"},
				"up": {"uv": [0, 0, 16, 16], "texture": "#Voxel-939393"},
				"down": {"uv": [0, 0, 16, 16], "texture": "#Voxel-939393"}
			}
		},
		{
			"name": "Voxel-939393",
			"from": [12, 16, 6],
			"to": [13, 17, 10],
			"faces": {
				"north": {"uv": [0, 0, 16, 16], "texture": "#Voxel-939393"},
				"east": {"uv": [0, 0, 16, 16], "texture": "#Voxel-939393"},
				"south": {"uv": [0, 0, 16, 16], "texture": "#Voxel-939393"},
				"west": {"uv": [0, 0, 16, 16], "texture": "#Voxel-939393"},
				"up": {"uv": [0, 0, 16, 16], "texture": "#Voxel-939393"},
				"down": {"uv": [0, 0, 16, 16], "texture": "#Voxel-939393"}
			}
		},
		{
			"name": "Voxel-939393",
			"from": [7, 16, 11],
			"to": [11, 17, 12],
			"faces": {
				"north": {"uv": [0, 0, 16, 16], "texture": "#Voxel-939393"},
				"east": {"uv": [0, 0, 16, 16], "texture": "#Voxel-939393"},
				"south": {"uv": [0, 0, 16, 16], "texture": "#Voxel-939393"},
				"west": {"uv": [0, 0, 16, 16], "texture": "#Voxel-939393"},
				"up": {"uv": [0, 0, 16, 16], "texture": "#Voxel-939393"},
				"down": {"uv": [0, 0, 16, 16], "texture": "#Voxel-939393"}
			}
		},
		{
			"name": "Voxel-939393",
			"from": [7, 16, 4],
			"to": [11, 17, 5],
			"faces": {
				"north": {"uv": [0, 0, 16, 16], "texture": "#Voxel-939393"},
				"east": {"uv": [0, 0, 16, 16], "texture": "#Voxel-939393"},
				"south": {"uv": [0, 0, 16, 16], "texture": "#Voxel-939393"},
				"west": {"uv": [0, 0, 16, 16], "texture": "#Voxel-939393"},
				"up": {"uv": [0, 0, 16, 16], "texture": "#Voxel-939393"},
				"down": {"uv": [0, 0, 16, 16], "texture": "#Voxel-939393"}
			}
		},
		{
			"name": "Voxel-939393",
			"from": [6, 12, 11],
			"to": [12, 16, 12],
			"faces": {
				"north": {"uv": [0, 0, 16, 16], "texture": "#Voxel-939393"},
				"east": {"uv": [0, 0, 16, 16], "texture": "#Voxel-939393"},
				"south": {"uv": [0, 0, 16, 16], "texture": "#Voxel-939393"},
				"west": {"uv": [0, 0, 16, 16], "texture": "#Voxel-939393"},
				"up": {"uv": [0, 0, 16, 16], "texture": "#Voxel-939393"},
				"down": {"uv": [0, 0, 16, 16], "texture": "#Voxel-939393"}
			}
		},
		{
			"name": "Voxel-939393",
			"from": [6, 12, 4],
			"to": [12, 16, 5],
			"faces": {
				"north": {"uv": [0, 0, 16, 16], "texture": "#Voxel-939393"},
				"east": {"uv": [0, 0, 16, 16], "texture": "#Voxel-939393"},
				"south": {"uv": [0, 0, 16, 16], "texture": "#Voxel-939393"},
				"west": {"uv": [0, 0, 16, 16], "texture": "#Voxel-939393"},
				"up": {"uv": [0, 0, 16, 16], "texture": "#Voxel-939393"},
				"down": {"uv": [0, 0, 16, 16], "texture": "#Voxel-939393"}
			}
		},
		{
			"name": "Voxel-939393",
			"from": [7, 11, 11],
			"to": [11, 12, 12],
			"faces": {
				"north": {"uv": [0, 0, 16, 16], "texture": "#Voxel-939393"},
				"east": {"uv": [0, 0, 16, 16], "texture": "#Voxel-939393"},
				"south": {"uv": [0, 0, 16, 16], "texture": "#Voxel-939393"},
				"west": {"uv": [0, 0, 16, 16], "texture": "#Voxel-939393"},
				"up": {"uv": [0, 0, 16, 16], "texture": "#Voxel-939393"},
				"down": {"uv": [0, 0, 16, 16], "texture": "#Voxel-939393"}
			}
		},
		{
			"name": "Voxel-939393",
			"from": [7, 11, 4],
			"to": [11, 12, 5],
			"faces": {
				"north": {"uv": [0, 0, 16, 16], "texture": "#Voxel-939393"},
				"east": {"uv": [0, 0, 16, 16], "texture": "#Voxel-939393"},
				"south": {"uv": [0, 0, 16, 16], "texture": "#Voxel-939393"},
				"west": {"uv": [0, 0, 16, 16], "texture": "#Voxel-939393"},
				"up": {"uv": [0, 0, 16, 16], "texture": "#Voxel-939393"},
				"down": {"uv": [0, 0, 16, 16], "texture": "#Voxel-939393"}
			}
		},
		{
			"name": "Voxel-939393",
			"from": [5, 11, 6],
			"to": [6, 12, 10],
			"faces": {
				"north": {"uv": [0, 0, 16, 16], "texture": "#Voxel-939393"},
				"east": {"uv": [0, 0, 16, 16], "texture": "#Voxel-939393"},
				"south": {"uv": [0, 0, 16, 16], "texture": "#Voxel-939393"},
				"west": {"uv": [0, 0, 16, 16], "texture": "#Voxel-939393"},
				"up": {"uv": [0, 0, 16, 16], "texture": "#Voxel-939393"},
				"down": {"uv": [0, 0, 16, 16], "texture": "#Voxel-939393"}
			}
		},
		{
			"name": "Voxel-939393",
			"from": [12, 11, 6],
			"to": [13, 12, 10],
			"faces": {
				"north": {"uv": [0, 0, 16, 16], "texture": "#Voxel-939393"},
				"east": {"uv": [0, 0, 16, 16], "texture": "#Voxel-939393"},
				"south": {"uv": [0, 0, 16, 16], "texture": "#Voxel-939393"},
				"west": {"uv": [0, 0, 16, 16], "texture": "#Voxel-939393"},
				"up": {"uv": [0, 0, 16, 16], "texture": "#Voxel-939393"},
				"down": {"uv": [0, 0, 16, 16], "texture": "#Voxel-939393"}
			}
		},
		{
			"name": "Voxel-939393",
			"from": [13, 13, 7],
			"to": [14, 15, 9],
			"faces": {
				"north": {"uv": [0, 0, 16, 16], "texture": "#Voxel-939393"},
				"east": {"uv": [0, 0, 16, 16], "texture": "#Voxel-939393"},
				"south": {"uv": [0, 0, 16, 16], "texture": "#Voxel-939393"},
				"west": {"uv": [0, 0, 16, 16], "texture": "#Voxel-939393"},
				"up": {"uv": [0, 0, 16, 16], "texture": "#Voxel-939393"},
				"down": {"uv": [0, 0, 16, 16], "texture": "#Voxel-939393"}
			}
		},
		{
			"name": "Voxel-939393",
			"from": [12, 12, 5],
			"to": [13, 16, 11],
			"faces": {
				"north": {"uv": [0, 0, 16, 16], "texture": "#Voxel-939393"},
				"east": {"uv": [0, 0, 16, 16], "texture": "#Voxel-939393"},
				"south": {"uv": [0, 0, 16, 16], "texture": "#Voxel-939393"},
				"west": {"uv": [0, 0, 16, 16], "texture": "#Voxel-939393"},
				"up": {"uv": [0, 0, 16, 16], "texture": "#Voxel-939393"},
				"down": {"uv": [0, 0, 16, 16], "texture": "#Voxel-939393"}
			}
		},
		{
			"name": "Voxel-939393",
			"from": [11, 11, 5],
			"to": [12, 17, 6],
			"faces": {
				"north": {"uv": [0, 0, 16, 16], "texture": "#Voxel-939393"},
				"east": {"uv": [0, 0, 16, 16], "texture": "#Voxel-939393"},
				"south": {"uv": [0, 0, 16, 16], "texture": "#Voxel-939393"},
				"west": {"uv": [0, 0, 16, 16], "texture": "#Voxel-939393"},
				"up": {"uv": [0, 0, 16, 16], "texture": "#Voxel-939393"},
				"down": {"uv": [0, 0, 16, 16], "texture": "#Voxel-939393"}
			}
		},
		{
			"name": "Voxel-939393",
			"from": [6, 11, 5],
			"to": [7, 17, 6],
			"faces": {
				"north": {"uv": [0, 0, 16, 16], "texture": "#Voxel-939393"},
				"east": {"uv": [0, 0, 16, 16], "texture": "#Voxel-939393"},
				"south": {"uv": [0, 0, 16, 16], "texture": "#Voxel-939393"},
				"west": {"uv": [0, 0, 16, 16], "texture": "#Voxel-939393"},
				"up": {"uv": [0, 0, 16, 16], "texture": "#Voxel-939393"},
				"down": {"uv": [0, 0, 16, 16], "texture": "#Voxel-939393"}
			}
		},
		{
			"name": "Voxel-939393",
			"from": [6, 11, 10],
			"to": [7, 17, 11],
			"faces": {
				"north": {"uv": [0, 0, 16, 16], "texture": "#Voxel-939393"},
				"east": {"uv": [0, 0, 16, 16], "texture": "#Voxel-939393"},
				"south": {"uv": [0, 0, 16, 16], "texture": "#Voxel-939393"},
				"west": {"uv": [0, 0, 16, 16], "texture": "#Voxel-939393"},
				"up": {"uv": [0, 0, 16, 16], "texture": "#Voxel-939393"},
				"down": {"uv": [0, 0, 16, 16], "texture": "#Voxel-939393"}
			}
		},
		{
			"name": "Voxel-939393",
			"from": [11, 11, 10],
			"to": [12, 17, 11],
			"faces": {
				"north": {"uv": [0, 0, 16, 16], "texture": "#Voxel-939393"},
				"east": {"uv": [0, 0, 16, 16], "texture": "#Voxel-939393"},
				"south": {"uv": [0, 0, 16, 16], "texture": "#Voxel-939393"},
				"west": {"uv": [0, 0, 16, 16], "texture": "#Voxel-939393"},
				"up": {"uv": [0, 0, 16, 16], "texture": "#Voxel-939393"},
				"down": {"uv": [0, 0, 16, 16], "texture": "#Voxel-939393"}
			}
		},
		{
			"name": "Voxel-763F08",
			"from": [1, 12, 8],
			"to": [5, 13, 9],
			"faces": {
				"north": {"uv": [0, 0, 16, 16], "texture": "#Voxel-763F08"},
				"east": {"uv": [0, 0, 16, 16], "texture": "#Voxel-763F08"},
				"south": {"uv": [0, 0, 16, 16], "texture": "#Voxel-763F08"},
				"west": {"uv": [0, 0, 16, 16], "texture": "#Voxel-763F08"},
				"up": {"uv": [0, 0, 16, 16], "texture": "#Voxel-763F08"},
				"down": {"uv": [0, 0, 16, 16], "texture": "#Voxel-763F08"}
			}
		},
		{
			"name": "Voxel-FFFFFF",
			"from": [4, 12, 5],
			"to": [5, 13, 7],
			"faces": {
				"north": {"uv": [0, 0, 16, 16], "texture": "#Voxel-FFFFFF"},
				"east": {"uv": [0, 0, 16, 16], "texture": "#Voxel-FFFFFF"},
				"south": {"uv": [0, 0, 16, 16], "texture": "#Voxel-FFFFFF"},
				"west": {"uv": [0, 0, 16, 16], "texture": "#Voxel-FFFFFF"},
				"up": {"uv": [0, 0, 16, 16], "texture": "#Voxel-FFFFFF"},
				"down": {"uv": [0, 0, 16, 16], "texture": "#Voxel-FFFFFF"}
			}
		},
		{
			"name": "Voxel-FFFFFF",
			"from": [4, 12, 9],
			"to": [5, 13, 11],
			"faces": {
				"north": {"uv": [0, 0, 16, 16], "texture": "#Voxel-FFFFFF"},
				"east": {"uv": [0, 0, 16, 16], "texture": "#Voxel-FFFFFF"},
				"south": {"uv": [0, 0, 16, 16], "texture": "#Voxel-FFFFFF"},
				"west": {"uv": [0, 0, 16, 16], "texture": "#Voxel-FFFFFF"},
				"up": {"uv": [0, 0, 16, 16], "texture": "#Voxel-FFFFFF"},
				"down": {"uv": [0, 0, 16, 16], "texture": "#Voxel-FFFFFF"}
			}
		},
		{
			"name": "Voxel-FFFFFF",
			"from": [4, 13, 6],
			"to": [5, 14, 10],
			"faces": {
				"north": {"uv": [0, 0, 16, 16], "texture": "#Voxel-FFFFFF"},
				"east": {"uv": [0, 0, 16, 16], "texture": "#Voxel-FFFFFF"},
				"south": {"uv": [0, 0, 16, 16], "texture": "#Voxel-FFFFFF"},
				"west": {"uv": [0, 0, 16, 16], "texture": "#Voxel-FFFFFF"},
				"up": {"uv": [0, 0, 16, 16], "texture": "#Voxel-FFFFFF"},
				"down": {"uv": [0, 0, 16, 16], "texture": "#Voxel-FFFFFF"}
			}
		},
		{
			"name": "Voxel-939393",
			"from": [4, 14, 7],
			"to": [5, 15, 9],
			"faces": {
				"north": {"uv": [0, 0, 16, 16], "texture": "#Voxel-939393"},
				"east": {"uv": [0, 0, 16, 16], "texture": "#Voxel-939393"},
				"south": {"uv": [0, 0, 16, 16], "texture": "#Voxel-939393"},
				"west": {"uv": [0, 0, 16, 16], "texture": "#Voxel-939393"},
				"up": {"uv": [0, 0, 16, 16], "texture": "#Voxel-939393"},
				"down": {"uv": [0, 0, 16, 16], "texture": "#Voxel-939393"}
			}
		},
		{
			"name": "Voxel-939394",
			"from": [5, 15, 7],
			"to": [6, 16, 9],
			"faces": {
				"north": {"uv": [0, 0, 16, 16], "texture": "#Voxel-939393"},
				"east": {"uv": [0, 0, 16, 16], "texture": "#Voxel-939393"},
				"south": {"uv": [0, 0, 16, 16], "texture": "#Voxel-939393"},
				"west": {"uv": [0, 0, 16, 16], "texture": "#Voxel-939393"},
				"up": {"uv": [0, 0, 16, 16], "texture": "#Voxel-939393"},
				"down": {"uv": [0, 0, 16, 16], "texture": "#Voxel-939393"}
			}
		},
		{
			"name": "Voxel-939393",
			"from": [5, 12, 5],
			"to": [6, 15, 11],
			"faces": {
				"north": {"uv": [0, 0, 16, 16], "texture": "#Voxel-939393"},
				"east": {"uv": [0, 0, 16, 16], "texture": "#Voxel-939393"},
				"south": {"uv": [0, 0, 16, 16], "texture": "#Voxel-939393"},
				"west": {"uv": [0, 0, 16, 16], "texture": "#Voxel-939393"},
				"up": {"uv": [0, 0, 16, 16], "texture": "#Voxel-939393"},
				"down": {"uv": [0, 0, 16, 16], "texture": "#Voxel-939393"}
			}
		},
		{
			"name": "Voxel-939393",
			"from": [6, 10, 6],
			"to": [7, 11, 10],
			"faces": {
				"north": {"uv": [0, 0, 16, 16], "texture": "#Voxel-939393"},
				"east": {"uv": [0, 0, 16, 16], "texture": "#Voxel-939393"},
				"south": {"uv": [0, 0, 16, 16], "texture": "#Voxel-939393"},
				"west": {"uv": [0, 0, 16, 16], "texture": "#Voxel-939393"},
				"up": {"uv": [0, 0, 16, 16], "texture": "#Voxel-939393"},
				"down": {"uv": [0, 0, 16, 16], "texture": "#Voxel-939393"}
			}
		},
		{
			"name": "Voxel-939393",
			"from": [11, 9, 6],
			"to": [12, 11, 10],
			"faces": {
				"north": {"uv": [0, 0, 16, 16], "texture": "#Voxel-939393"},
				"east": {"uv": [0, 0, 16, 16], "texture": "#Voxel-939393"},
				"south": {"uv": [0, 0, 16, 16], "texture": "#Voxel-939393"},
				"west": {"uv": [0, 0, 16, 16], "texture": "#Voxel-939393"},
				"up": {"uv": [0, 0, 16, 16], "texture": "#Voxel-939393"},
				"down": {"uv": [0, 0, 16, 16], "texture": "#Voxel-939393"}
			}
		},
		{
			"name": "Voxel-939393",
			"from": [6, 7, 5],
			"to": [7, 10, 11],
			"faces": {
				"north": {"uv": [0, 0, 16, 16], "texture": "#Voxel-939393"},
				"east": {"uv": [0, 0, 16, 16], "texture": "#Voxel-939393"},
				"south": {"uv": [0, 0, 16, 16], "texture": "#Voxel-939393"},
				"west": {"uv": [0, 0, 16, 16], "texture": "#Voxel-939393"},
				"up": {"uv": [0, 0, 16, 16], "texture": "#Voxel-939393"},
				"down": {"uv": [0, 0, 16, 16], "texture": "#Voxel-939393"}
			}
		},
		{
			"name": "Voxel-939393",
			"from": [5, 7, 6],
			"to": [6, 9, 10],
			"faces": {
				"north": {"uv": [0, 0, 16, 16], "texture": "#Voxel-939393"},
				"east": {"uv": [0, 0, 16, 16], "texture": "#Voxel-939393"},
				"south": {"uv": [0, 0, 16, 16], "texture": "#Voxel-939393"},
				"west": {"uv": [0, 0, 16, 16], "texture": "#Voxel-939393"},
				"up": {"uv": [0, 0, 16, 16], "texture": "#Voxel-939393"},
				"down": {"uv": [0, 0, 16, 16], "texture": "#Voxel-939393"}
			}
		},
		{
			"name": "Voxel-723907",
			"from": [1, 4, 11],
			"to": [6, 7, 12],
			"faces": {
				"north": {"uv": [0, 0, 16, 16], "texture": "#Voxel-723907"},
				"east": {"uv": [0, 0, 16, 16], "texture": "#Voxel-723907"},
				"south": {"uv": [0, 0, 16, 16], "texture": "#Voxel-723907"},
				"west": {"uv": [0, 0, 16, 16], "texture": "#Voxel-723907"},
				"up": {"uv": [0, 0, 16, 16], "texture": "#Voxel-723907"},
				"down": {"uv": [0, 0, 16, 16], "texture": "#Voxel-723907"}
			}
		},
		{
			"name": "Voxel-723908",
			"from": [1, 4, 4],
			"to": [6, 7, 5],
			"faces": {
				"north": {"uv": [0, 0, 16, 16], "texture": "#Voxel-723907"},
				"east": {"uv": [0, 0, 16, 16], "texture": "#Voxel-723907"},
				"south": {"uv": [0, 0, 16, 16], "texture": "#Voxel-723907"},
				"west": {"uv": [0, 0, 16, 16], "texture": "#Voxel-723907"},
				"up": {"uv": [0, 0, 16, 16], "texture": "#Voxel-723907"},
				"down": {"uv": [0, 0, 16, 16], "texture": "#Voxel-723907"}
			}
		},
		{
			"name": "Voxel-723907",
			"from": [1, 4, 5],
			"to": [2, 7, 11],
			"faces": {
				"north": {"uv": [0, 0, 16, 16], "texture": "#Voxel-723907"},
				"east": {"uv": [0, 0, 16, 16], "texture": "#Voxel-723907"},
				"south": {"uv": [0, 0, 16, 16], "texture": "#Voxel-723907"},
				"west": {"uv": [0, 0, 16, 16], "texture": "#Voxel-723907"},
				"up": {"uv": [0, 0, 16, 16], "texture": "#Voxel-723907"},
				"down": {"uv": [0, 0, 16, 16], "texture": "#Voxel-723907"}
			}
		},
		{
			"name": "Voxel-FFD400",
			"from": [2, 5, 5],
			"to": [5, 6, 11],
			"faces": {
				"north": {"uv": [0, 0, 16, 16], "texture": "#Voxel-FFD400"},
				"east": {"uv": [0, 0, 16, 16], "texture": "#Voxel-FFD400"},
				"south": {"uv": [0, 0, 16, 16], "texture": "#Voxel-FFD400"},
				"west": {"uv": [0, 0, 16, 16], "texture": "#Voxel-FFD400"},
				"up": {"uv": [0, 0, 16, 16], "texture": "#Voxel-FFD400"},
				"down": {"uv": [0, 0, 16, 16], "texture": "#Voxel-FFD400"}
			}
		},
		{
			"name": "Voxel-FFD400",
			"from": [2, 6, 7],
			"to": [3, 7, 9],
			"faces": {
				"north": {"uv": [0, 0, 16, 16], "texture": "#Voxel-FFD400"},
				"east": {"uv": [0, 0, 16, 16], "texture": "#Voxel-FFD400"},
				"south": {"uv": [0, 0, 16, 16], "texture": "#Voxel-FFD400"},
				"west": {"uv": [0, 0, 16, 16], "texture": "#Voxel-FFD400"},
				"up": {"uv": [0, 0, 16, 16], "texture": "#Voxel-FFD400"},
				"down": {"uv": [0, 0, 16, 16], "texture": "#Voxel-FFD400"}
			}
		},
		{
			"name": "Voxel-FFD400",
			"from": [3, 6, 9],
			"to": [4, 7, 11],
			"faces": {
				"north": {"uv": [0, 0, 16, 16], "texture": "#Voxel-FFD400"},
				"east": {"uv": [0, 0, 16, 16], "texture": "#Voxel-FFD400"},
				"south": {"uv": [0, 0, 16, 16], "texture": "#Voxel-FFD400"},
				"west": {"uv": [0, 0, 16, 16], "texture": "#Voxel-FFD400"},
				"up": {"uv": [0, 0, 16, 16], "texture": "#Voxel-FFD400"},
				"down": {"uv": [0, 0, 16, 16], "texture": "#Voxel-FFD400"}
			}
		},
		{
			"name": "Voxel-FFD400",
			"from": [4, 6, 8],
			"to": [5, 7, 9],
			"faces": {
				"north": {"uv": [0, 0, 16, 16], "texture": "#Voxel-FFD400"},
				"east": {"uv": [0, 0, 16, 16], "texture": "#Voxel-FFD400"},
				"south": {"uv": [0, 0, 16, 16], "texture": "#Voxel-FFD400"},
				"west": {"uv": [0, 0, 16, 16], "texture": "#Voxel-FFD400"},
				"up": {"uv": [0, 0, 16, 16], "texture": "#Voxel-FFD400"},
				"down": {"uv": [0, 0, 16, 16], "texture": "#Voxel-FFD400"}
			}
		},
		{
			"name": "Voxel-FFD400",
			"from": [3, 6, 6],
			"to": [5, 7, 7],
			"faces": {
				"north": {"uv": [0, 0, 16, 16], "texture": "#Voxel-FFD400"},
				"east": {"uv": [0, 0, 16, 16], "texture": "#Voxel-FFD400"},
				"south": {"uv": [0, 0, 16, 16], "texture": "#Voxel-FFD400"},
				"west": {"uv": [0, 0, 16, 16], "texture": "#Voxel-FFD400"},
				"up": {"uv": [0, 0, 16, 16], "texture": "#Voxel-FFD400"},
				"down": {"uv": [0, 0, 16, 16], "texture": "#Voxel-FFD400"}
			}
		},
		{
			"name": "Voxel-FFD400",
			"from": [2, 6, 10],
			"to": [3, 8, 11],
			"faces": {
				"north": {"uv": [0, 0, 16, 16], "texture": "#Voxel-FFD400"},
				"east": {"uv": [0, 0, 16, 16], "texture": "#Voxel-FFD400"},
				"south": {"uv": [0, 0, 16, 16], "texture": "#Voxel-FFD400"},
				"west": {"uv": [0, 0, 16, 16], "texture": "#Voxel-FFD400"},
				"up": {"uv": [0, 0, 16, 16], "texture": "#Voxel-FFD400"},
				"down": {"uv": [0, 0, 16, 16], "texture": "#Voxel-FFD400"}
			}
		},
		{
			"name": "Voxel-FFD401",
			"from": [2, 6, 5],
			"to": [3, 8, 6],
			"faces": {
				"north": {"uv": [0, 0, 16, 16], "texture": "#Voxel-FFD400"},
				"east": {"uv": [0, 0, 16, 16], "texture": "#Voxel-FFD400"},
				"south": {"uv": [0, 0, 16, 16], "texture": "#Voxel-FFD400"},
				"west": {"uv": [0, 0, 16, 16], "texture": "#Voxel-FFD400"},
				"up": {"uv": [0, 0, 16, 16], "texture": "#Voxel-FFD400"},
				"down": {"uv": [0, 0, 16, 16], "texture": "#Voxel-FFD400"}
			}
		},
		{
			"name": "Voxel-FFD402",
			"from": [4, 6, 5],
			"to": [5, 8, 6],
			"faces": {
				"north": {"uv": [0, 0, 16, 16], "texture": "#Voxel-FFD400"},
				"east": {"uv": [0, 0, 16, 16], "texture": "#Voxel-FFD400"},
				"south": {"uv": [0, 0, 16, 16], "texture": "#Voxel-FFD400"},
				"west": {"uv": [0, 0, 16, 16], "texture": "#Voxel-FFD400"},
				"up": {"uv": [0, 0, 16, 16], "texture": "#Voxel-FFD400"},
				"down": {"uv": [0, 0, 16, 16], "texture": "#Voxel-FFD400"}
			}
		},
		{
			"name": "Voxel-FFD403",
			"from": [4, 6, 10],
			"to": [5, 8, 11],
			"faces": {
				"north": {"uv": [0, 0, 16, 16], "texture": "#Voxel-FFD400"},
				"east": {"uv": [0, 0, 16, 16], "texture": "#Voxel-FFD400"},
				"south": {"uv": [0, 0, 16, 16], "texture": "#Voxel-FFD400"},
				"west": {"uv": [0, 0, 16, 16], "texture": "#Voxel-FFD400"},
				"up": {"uv": [0, 0, 16, 16], "texture": "#Voxel-FFD400"},
				"down": {"uv": [0, 0, 16, 16], "texture": "#Voxel-FFD400"}
			}
		},
		{
			"name": "Voxel-FFD404",
			"from": [3, 6, 7],
			"to": [4, 8, 8],
			"faces": {
				"north": {"uv": [0, 0, 16, 16], "texture": "#Voxel-FFD400"},
				"east": {"uv": [0, 0, 16, 16], "texture": "#Voxel-FFD400"},
				"south": {"uv": [0, 0, 16, 16], "texture": "#Voxel-FFD400"},
				"west": {"uv": [0, 0, 16, 16], "texture": "#Voxel-FFD400"},
				"up": {"uv": [0, 0, 16, 16], "texture": "#Voxel-FFD400"},
				"down": {"uv": [0, 0, 16, 16], "texture": "#Voxel-FFD400"}
			}
		},
		{
			"name": "Voxel-723907",
			"from": [5, 6, 5],
			"to": [6, 7, 11],
			"faces": {
				"north": {"uv": [0, 0, 16, 16], "texture": "#Voxel-723907"},
				"east": {"uv": [0, 0, 16, 16], "texture": "#Voxel-723907"},
				"south": {"uv": [0, 0, 16, 16], "texture": "#Voxel-723907"},
				"west": {"uv": [0, 0, 16, 16], "texture": "#Voxel-723907"},
				"up": {"uv": [0, 0, 16, 16], "texture": "#Voxel-723907"},
				"down": {"uv": [0, 0, 16, 16], "texture": "#Voxel-723907"}
			}
		},
		{
			"name": "Voxel-939393",
			"from": [4, 5, 12],
			"to": [7, 8, 15],
			"faces": {
				"north": {"uv": [0, 0, 16, 16], "texture": "#Voxel-939393"},
				"east": {"uv": [0, 0, 16, 16], "texture": "#Voxel-939393"},
				"south": {"uv": [0, 0, 16, 16], "texture": "#Voxel-939393"},
				"west": {"uv": [0, 0, 16, 16], "texture": "#Voxel-939393"},
				"up": {"uv": [0, 0, 16, 16], "texture": "#Voxel-939393"},
				"down": {"uv": [0, 0, 16, 16], "texture": "#Voxel-939393"}
			}
		},
		{
			"name": "Voxel-939393",
			"from": [4, 5, 1],
			"to": [7, 8, 4],
			"faces": {
				"north": {"uv": [0, 0, 16, 16], "texture": "#Voxel-939393"},
				"east": {"uv": [0, 0, 16, 16], "texture": "#Voxel-939393"},
				"south": {"uv": [0, 0, 16, 16], "texture": "#Voxel-939393"},
				"west": {"uv": [0, 0, 16, 16], "texture": "#Voxel-939393"},
				"up": {"uv": [0, 0, 16, 16], "texture": "#Voxel-939393"},
				"down": {"uv": [0, 0, 16, 16], "texture": "#Voxel-939393"}
			}
		},
		{
			"name": "Voxel-939393",
			"from": [3, 5, 13],
			"to": [4, 8, 14],
			"faces": {
				"north": {"uv": [0, 0, 16, 16], "texture": "#Voxel-939393"},
				"east": {"uv": [0, 0, 16, 16], "texture": "#Voxel-939393"},
				"south": {"uv": [0, 0, 16, 16], "texture": "#Voxel-939393"},
				"west": {"uv": [0, 0, 16, 16], "texture": "#Voxel-939393"},
				"up": {"uv": [0, 0, 16, 16], "texture": "#Voxel-939393"},
				"down": {"uv": [0, 0, 16, 16], "texture": "#Voxel-939393"}
			}
		},
		{
			"name": "Voxel-939393",
			"from": [3, 5, 2],
			"to": [4, 8, 3],
			"faces": {
				"north": {"uv": [0, 0, 16, 16], "texture": "#Voxel-939393"},
				"east": {"uv": [0, 0, 16, 16], "texture": "#Voxel-939393"},
				"south": {"uv": [0, 0, 16, 16], "texture": "#Voxel-939393"},
				"west": {"uv": [0, 0, 16, 16], "texture": "#Voxel-939393"},
				"up": {"uv": [0, 0, 16, 16], "texture": "#Voxel-939393"},
				"down": {"uv": [0, 0, 16, 16], "texture": "#Voxel-939393"}
			}
		},
		{
			"name": "Voxel-939393",
			"from": [3, 6, 14],
			"to": [4, 7, 15],
			"faces": {
				"north": {"uv": [0, 0, 16, 16], "texture": "#Voxel-939393"},
				"east": {"uv": [0, 0, 16, 16], "texture": "#Voxel-939393"},
				"south": {"uv": [0, 0, 16, 16], "texture": "#Voxel-939393"},
				"west": {"uv": [0, 0, 16, 16], "texture": "#Voxel-939393"},
				"up": {"uv": [0, 0, 16, 16], "texture": "#Voxel-939393"},
				"down": {"uv": [0, 0, 16, 16], "texture": "#Voxel-939393"}
			}
		},
		{
			"name": "Voxel-939393",
			"from": [3, 6, 12],
			"to": [4, 7, 13],
			"faces": {
				"north": {"uv": [0, 0, 16, 16], "texture": "#Voxel-939393"},
				"east": {"uv": [0, 0, 16, 16], "texture": "#Voxel-939393"},
				"south": {"uv": [0, 0, 16, 16], "texture": "#Voxel-939393"},
				"west": {"uv": [0, 0, 16, 16], "texture": "#Voxel-939393"},
				"up": {"uv": [0, 0, 16, 16], "texture": "#Voxel-939393"},
				"down": {"uv": [0, 0, 16, 16], "texture": "#Voxel-939393"}
			}
		},
		{
			"name": "Voxel-939393",
			"from": [3, 6, 1],
			"to": [4, 7, 2],
			"faces": {
				"north": {"uv": [0, 0, 16, 16], "texture": "#Voxel-939393"},
				"east": {"uv": [0, 0, 16, 16], "texture": "#Voxel-939393"},
				"south": {"uv": [0, 0, 16, 16], "texture": "#Voxel-939393"},
				"west": {"uv": [0, 0, 16, 16], "texture": "#Voxel-939393"},
				"up": {"uv": [0, 0, 16, 16], "texture": "#Voxel-939393"},
				"down": {"uv": [0, 0, 16, 16], "texture": "#Voxel-939393"}
			}
		},
		{
			"name": "Voxel-939393",
			"from": [3, 6, 3],
			"to": [4, 7, 4],
			"faces": {
				"north": {"uv": [0, 0, 16, 16], "texture": "#Voxel-939393"},
				"east": {"uv": [0, 0, 16, 16], "texture": "#Voxel-939393"},
				"south": {"uv": [0, 0, 16, 16], "texture": "#Voxel-939393"},
				"west": {"uv": [0, 0, 16, 16], "texture": "#Voxel-939393"},
				"up": {"uv": [0, 0, 16, 16], "texture": "#Voxel-939393"},
				"down": {"uv": [0, 0, 16, 16], "texture": "#Voxel-939393"}
			}
		},
		{
			"name": "Voxel-939393",
			"from": [6, 7, 11],
			"to": [7, 9, 14],
			"faces": {
				"north": {"uv": [0, 0, 16, 16], "texture": "#Voxel-939393"},
				"east": {"uv": [0, 0, 16, 16], "texture": "#Voxel-939393"},
				"south": {"uv": [0, 0, 16, 16], "texture": "#Voxel-939393"},
				"west": {"uv": [0, 0, 16, 16], "texture": "#Voxel-939393"},
				"up": {"uv": [0, 0, 16, 16], "texture": "#Voxel-939393"},
				"down": {"uv": [0, 0, 16, 16], "texture": "#Voxel-939393"}
			}
		},
		{
			"name": "Voxel-939393",
			"from": [6, 7, 2],
			"to": [7, 9, 5],
			"faces": {
				"north": {"uv": [0, 0, 16, 16], "texture": "#Voxel-939393"},
				"east": {"uv": [0, 0, 16, 16], "texture": "#Voxel-939393"},
				"south": {"uv": [0, 0, 16, 16], "texture": "#Voxel-939393"},
				"west": {"uv": [0, 0, 16, 16], "texture": "#Voxel-939393"},
				"up": {"uv": [0, 0, 16, 16], "texture": "#Voxel-939393"},
				"down": {"uv": [0, 0, 16, 16], "texture": "#Voxel-939393"}
			}
		},
		{
			"name": "Voxel-939393",
			"from": [6, 9, 3],
			"to": [9, 10, 4],
			"faces": {
				"north": {"uv": [0, 0, 16, 16], "texture": "#Voxel-939393"},
				"east": {"uv": [0, 0, 16, 16], "texture": "#Voxel-939393"},
				"south": {"uv": [0, 0, 16, 16], "texture": "#Voxel-939393"},
				"west": {"uv": [0, 0, 16, 16], "texture": "#Voxel-939393"},
				"up": {"uv": [0, 0, 16, 16], "texture": "#Voxel-939393"},
				"down": {"uv": [0, 0, 16, 16], "texture": "#Voxel-939393"}
			}
		},
		{
			"name": "Voxel-939393",
			"from": [7, 9, 4],
			"to": [10, 10, 5],
			"faces": {
				"north": {"uv": [0, 0, 16, 16], "texture": "#Voxel-939393"},
				"east": {"uv": [0, 0, 16, 16], "texture": "#Voxel-939393"},
				"south": {"uv": [0, 0, 16, 16], "texture": "#Voxel-939393"},
				"west": {"uv": [0, 0, 16, 16], "texture": "#Voxel-939393"},
				"up": {"uv": [0, 0, 16, 16], "texture": "#Voxel-939393"},
				"down": {"uv": [0, 0, 16, 16], "texture": "#Voxel-939393"}
			}
		},
		{
			"name": "Voxel-939393",
			"from": [6, 9, 12],
			"to": [9, 10, 13],
			"faces": {
				"north": {"uv": [0, 0, 16, 16], "texture": "#Voxel-939393"},
				"east": {"uv": [0, 0, 16, 16], "texture": "#Voxel-939393"},
				"south": {"uv": [0, 0, 16, 16], "texture": "#Voxel-939393"},
				"west": {"uv": [0, 0, 16, 16], "texture": "#Voxel-939393"},
				"up": {"uv": [0, 0, 16, 16], "texture": "#Voxel-939393"},
				"down": {"uv": [0, 0, 16, 16], "texture": "#Voxel-939393"}
			}
		},
		{
			"name": "Voxel-939393",
			"from": [7, 9, 11],
			"to": [10, 10, 12],
			"faces": {
				"north": {"uv": [0, 0, 16, 16], "texture": "#Voxel-939393"},
				"east": {"uv": [0, 0, 16, 16], "texture": "#Voxel-939393"},
				"south": {"uv": [0, 0, 16, 16], "texture": "#Voxel-939393"},
				"west": {"uv": [0, 0, 16, 16], "texture": "#Voxel-939393"},
				"up": {"uv": [0, 0, 16, 16], "texture": "#Voxel-939393"},
				"down": {"uv": [0, 0, 16, 16], "texture": "#Voxel-939393"}
			}
		},
		{
			"name": "Voxel-939393",
			"from": [8, 5, 13],
			"to": [9, 9, 14],
			"faces": {
				"north": {"uv": [0, 0, 16, 16], "texture": "#Voxel-939393"},
				"east": {"uv": [0, 0, 16, 16], "texture": "#Voxel-939393"},
				"south": {"uv": [0, 0, 16, 16], "texture": "#Voxel-939393"},
				"west": {"uv": [0, 0, 16, 16], "texture": "#Voxel-939393"},
				"up": {"uv": [0, 0, 16, 16], "texture": "#Voxel-939393"},
				"down": {"uv": [0, 0, 16, 16], "texture": "#Voxel-939393"}
			}
		},
		{
			"name": "Voxel-939393",
			"from": [9, 2, 12],
			"to": [10, 9, 13],
			"faces": {
				"north": {"uv": [0, 0, 16, 16], "texture": "#Voxel-939393"},
				"east": {"uv": [0, 0, 16, 16], "texture": "#Voxel-939393"},
				"south": {"uv": [0, 0, 16, 16], "texture": "#Voxel-939393"},
				"west": {"uv": [0, 0, 16, 16], "texture": "#Voxel-939393"},
				"up": {"uv": [0, 0, 16, 16], "texture": "#Voxel-939393"},
				"down": {"uv": [0, 0, 16, 16], "texture": "#Voxel-939393"}
			}
		},
		{
			"name": "Voxel-939393",
			"from": [10, 2, 11],
			"to": [11, 9, 12],
			"faces": {
				"north": {"uv": [0, 0, 16, 16], "texture": "#Voxel-939393"},
				"east": {"uv": [0, 0, 16, 16], "texture": "#Voxel-939393"},
				"south": {"uv": [0, 0, 16, 16], "texture": "#Voxel-939393"},
				"west": {"uv": [0, 0, 16, 16], "texture": "#Voxel-939393"},
				"up": {"uv": [0, 0, 16, 16], "texture": "#Voxel-939393"},
				"down": {"uv": [0, 0, 16, 16], "texture": "#Voxel-939393"}
			}
		},
		{
			"name": "Voxel-939393",
			"from": [11, 2, 10],
			"to": [12, 9, 11],
			"faces": {
				"north": {"uv": [0, 0, 16, 16], "texture": "#Voxel-939393"},
				"east": {"uv": [0, 0, 16, 16], "texture": "#Voxel-939393"},
				"south": {"uv": [0, 0, 16, 16], "texture": "#Voxel-939393"},
				"west": {"uv": [0, 0, 16, 16], "texture": "#Voxel-939393"},
				"up": {"uv": [0, 0, 16, 16], "texture": "#Voxel-939393"},
				"down": {"uv": [0, 0, 16, 16], "texture": "#Voxel-939393"}
			}
		},
		{
			"name": "Voxel-939393",
			"from": [10, 0, 12],
			"to": [11, 7, 13],
			"faces": {
				"north": {"uv": [0, 0, 16, 16], "texture": "#Voxel-939393"},
				"east": {"uv": [0, 0, 16, 16], "texture": "#Voxel-939393"},
				"south": {"uv": [0, 0, 16, 16], "texture": "#Voxel-939393"},
				"west": {"uv": [0, 0, 16, 16], "texture": "#Voxel-939393"},
				"up": {"uv": [0, 0, 16, 16], "texture": "#Voxel-939393"},
				"down": {"uv": [0, 0, 16, 16], "texture": "#Voxel-939393"}
			}
		},
		{
			"name": "Voxel-939393",
			"from": [11, 0, 11],
			"to": [12, 7, 12],
			"faces": {
				"north": {"uv": [0, 0, 16, 16], "texture": "#Voxel-939393"},
				"east": {"uv": [0, 0, 16, 16], "texture": "#Voxel-939393"},
				"south": {"uv": [0, 0, 16, 16], "texture": "#Voxel-939393"},
				"west": {"uv": [0, 0, 16, 16], "texture": "#Voxel-939393"},
				"up": {"uv": [0, 0, 16, 16], "texture": "#Voxel-939393"},
				"down": {"uv": [0, 0, 16, 16], "texture": "#Voxel-939393"}
			}
		},
		{
			"name": "Voxel-939393",
			"from": [12, 0, 10],
			"to": [13, 7, 11],
			"faces": {
				"north": {"uv": [0, 0, 16, 16], "texture": "#Voxel-939393"},
				"east": {"uv": [0, 0, 16, 16], "texture": "#Voxel-939393"},
				"south": {"uv": [0, 0, 16, 16], "texture": "#Voxel-939393"},
				"west": {"uv": [0, 0, 16, 16], "texture": "#Voxel-939393"},
				"up": {"uv": [0, 0, 16, 16], "texture": "#Voxel-939393"},
				"down": {"uv": [0, 0, 16, 16], "texture": "#Voxel-939393"}
			}
		},
		{
			"name": "Voxel-939393",
			"from": [11, 2, 5],
			"to": [12, 9, 6],
			"faces": {
				"north": {"uv": [0, 0, 16, 16], "texture": "#Voxel-939393"},
				"east": {"uv": [0, 0, 16, 16], "texture": "#Voxel-939393"},
				"south": {"uv": [0, 0, 16, 16], "texture": "#Voxel-939393"},
				"west": {"uv": [0, 0, 16, 16], "texture": "#Voxel-939393"},
				"up": {"uv": [0, 0, 16, 16], "texture": "#Voxel-939393"},
				"down": {"uv": [0, 0, 16, 16], "texture": "#Voxel-939393"}
			}
		},
		{
			"name": "Voxel-939393",
			"from": [10, 2, 4],
			"to": [11, 9, 5],
			"faces": {
				"north": {"uv": [0, 0, 16, 16], "texture": "#Voxel-939393"},
				"east": {"uv": [0, 0, 16, 16], "texture": "#Voxel-939393"},
				"south": {"uv": [0, 0, 16, 16], "texture": "#Voxel-939393"},
				"west": {"uv": [0, 0, 16, 16], "texture": "#Voxel-939393"},
				"up": {"uv": [0, 0, 16, 16], "texture": "#Voxel-939393"},
				"down": {"uv": [0, 0, 16, 16], "texture": "#Voxel-939393"}
			}
		},
		{
			"name": "Voxel-939393",
			"from": [9, 2, 3],
			"to": [10, 9, 4],
			"faces": {
				"north": {"uv": [0, 0, 16, 16], "texture": "#Voxel-939393"},
				"east": {"uv": [0, 0, 16, 16], "texture": "#Voxel-939393"},
				"south": {"uv": [0, 0, 16, 16], "texture": "#Voxel-939393"},
				"west": {"uv": [0, 0, 16, 16], "texture": "#Voxel-939393"},
				"up": {"uv": [0, 0, 16, 16], "texture": "#Voxel-939393"},
				"down": {"uv": [0, 0, 16, 16], "texture": "#Voxel-939393"}
			}
		},
		{
			"name": "Voxel-939393",
			"from": [8, 5, 2],
			"to": [9, 9, 3],
			"faces": {
				"north": {"uv": [0, 0, 16, 16], "texture": "#Voxel-939393"},
				"east": {"uv": [0, 0, 16, 16], "texture": "#Voxel-939393"},
				"south": {"uv": [0, 0, 16, 16], "texture": "#Voxel-939393"},
				"west": {"uv": [0, 0, 16, 16], "texture": "#Voxel-939393"},
				"up": {"uv": [0, 0, 16, 16], "texture": "#Voxel-939393"},
				"down": {"uv": [0, 0, 16, 16], "texture": "#Voxel-939393"}
			}
		},
		{
			"name": "Voxel-939393",
			"from": [10, 0, 3],
			"to": [11, 7, 4],
			"faces": {
				"north": {"uv": [0, 0, 16, 16], "texture": "#Voxel-939393"},
				"east": {"uv": [0, 0, 16, 16], "texture": "#Voxel-939393"},
				"south": {"uv": [0, 0, 16, 16], "texture": "#Voxel-939393"},
				"west": {"uv": [0, 0, 16, 16], "texture": "#Voxel-939393"},
				"up": {"uv": [0, 0, 16, 16], "texture": "#Voxel-939393"},
				"down": {"uv": [0, 0, 16, 16], "texture": "#Voxel-939393"}
			}
		},
		{
			"name": "Voxel-939393",
			"from": [11, 0, 4],
			"to": [12, 7, 5],
			"faces": {
				"north": {"uv": [0, 0, 16, 16], "texture": "#Voxel-939393"},
				"east": {"uv": [0, 0, 16, 16], "texture": "#Voxel-939393"},
				"south": {"uv": [0, 0, 16, 16], "texture": "#Voxel-939393"},
				"west": {"uv": [0, 0, 16, 16], "texture": "#Voxel-939393"},
				"up": {"uv": [0, 0, 16, 16], "texture": "#Voxel-939393"},
				"down": {"uv": [0, 0, 16, 16], "texture": "#Voxel-939393"}
			}
		},
		{
			"name": "Voxel-939393",
			"from": [12, 0, 5],
			"to": [13, 7, 6],
			"faces": {
				"north": {"uv": [0, 0, 16, 16], "texture": "#Voxel-939393"},
				"east": {"uv": [0, 0, 16, 16], "texture": "#Voxel-939393"},
				"south": {"uv": [0, 0, 16, 16], "texture": "#Voxel-939393"},
				"west": {"uv": [0, 0, 16, 16], "texture": "#Voxel-939393"},
				"up": {"uv": [0, 0, 16, 16], "texture": "#Voxel-939393"},
				"down": {"uv": [0, 0, 16, 16], "texture": "#Voxel-939393"}
			}
		},
		{
			"name": "Voxel-939393",
			"from": [12, 5, 6],
			"to": [13, 9, 10],
			"faces": {
				"north": {"uv": [0, 0, 16, 16], "texture": "#Voxel-939393"},
				"east": {"uv": [0, 0, 16, 16], "texture": "#Voxel-939393"},
				"south": {"uv": [0, 0, 16, 16], "texture": "#Voxel-939393"},
				"west": {"uv": [0, 0, 16, 16], "texture": "#Voxel-939393"},
				"up": {"uv": [0, 0, 16, 16], "texture": "#Voxel-939393"},
				"down": {"uv": [0, 0, 16, 16], "texture": "#Voxel-939393"}
			}
		},
		{
			"name": "Voxel-939393",
			"from": [13, 1, 6],
			"to": [14, 5, 10],
			"faces": {
				"north": {"uv": [0, 0, 16, 16], "texture": "#Voxel-939393"},
				"east": {"uv": [0, 0, 16, 16], "texture": "#Voxel-939393"},
				"south": {"uv": [0, 0, 16, 16], "texture": "#Voxel-939393"},
				"west": {"uv": [0, 0, 16, 16], "texture": "#Voxel-939393"},
				"up": {"uv": [0, 0, 16, 16], "texture": "#Voxel-939393"},
				"down": {"uv": [0, 0, 16, 16], "texture": "#Voxel-939393"}
			}
		},
		{
			"name": "Voxel-939393",
			"from": [9, 1, 2],
			"to": [10, 5, 3],
			"faces": {
				"north": {"uv": [0, 0, 16, 16], "texture": "#Voxel-939393"},
				"east": {"uv": [0, 0, 16, 16], "texture": "#Voxel-939393"},
				"south": {"uv": [0, 0, 16, 16], "texture": "#Voxel-939393"},
				"west": {"uv": [0, 0, 16, 16], "texture": "#Voxel-939393"},
				"up": {"uv": [0, 0, 16, 16], "texture": "#Voxel-939393"},
				"down": {"uv": [0, 0, 16, 16], "texture": "#Voxel-939393"}
			}
		},
		{
			"name": "Voxel-939393",
			"from": [11, 1, 3],
			"to": [12, 5, 4],
			"faces": {
				"north": {"uv": [0, 0, 16, 16], "texture": "#Voxel-939393"},
				"east": {"uv": [0, 0, 16, 16], "texture": "#Voxel-939393"},
				"south": {"uv": [0, 0, 16, 16], "texture": "#Voxel-939393"},
				"west": {"uv": [0, 0, 16, 16], "texture": "#Voxel-939393"},
				"up": {"uv": [0, 0, 16, 16], "texture": "#Voxel-939393"},
				"down": {"uv": [0, 0, 16, 16], "texture": "#Voxel-939393"}
			}
		},
		{
			"name": "Voxel-939393",
			"from": [12, 1, 4],
			"to": [13, 5, 5],
			"faces": {
				"north": {"uv": [0, 0, 16, 16], "texture": "#Voxel-939393"},
				"east": {"uv": [0, 0, 16, 16], "texture": "#Voxel-939393"},
				"south": {"uv": [0, 0, 16, 16], "texture": "#Voxel-939393"},
				"west": {"uv": [0, 0, 16, 16], "texture": "#Voxel-939393"},
				"up": {"uv": [0, 0, 16, 16], "texture": "#Voxel-939393"},
				"down": {"uv": [0, 0, 16, 16], "texture": "#Voxel-939393"}
			}
		},
		{
			"name": "Voxel-939393",
			"from": [9, 1, 13],
			"to": [10, 5, 14],
			"faces": {
				"north": {"uv": [0, 0, 16, 16], "texture": "#Voxel-939393"},
				"east": {"uv": [0, 0, 16, 16], "texture": "#Voxel-939393"},
				"south": {"uv": [0, 0, 16, 16], "texture": "#Voxel-939393"},
				"west": {"uv": [0, 0, 16, 16], "texture": "#Voxel-939393"},
				"up": {"uv": [0, 0, 16, 16], "texture": "#Voxel-939393"},
				"down": {"uv": [0, 0, 16, 16], "texture": "#Voxel-939393"}
			}
		},
		{
			"name": "Voxel-939393",
			"from": [11, 1, 12],
			"to": [12, 5, 13],
			"faces": {
				"north": {"uv": [0, 0, 16, 16], "texture": "#Voxel-939393"},
				"east": {"uv": [0, 0, 16, 16], "texture": "#Voxel-939393"},
				"south": {"uv": [0, 0, 16, 16], "texture": "#Voxel-939393"},
				"west": {"uv": [0, 0, 16, 16], "texture": "#Voxel-939393"},
				"up": {"uv": [0, 0, 16, 16], "texture": "#Voxel-939393"},
				"down": {"uv": [0, 0, 16, 16], "texture": "#Voxel-939393"}
			}
		},
		{
			"name": "Voxel-939393",
			"from": [12, 1, 11],
			"to": [13, 5, 12],
			"faces": {
				"north": {"uv": [0, 0, 16, 16], "texture": "#Voxel-939393"},
				"east": {"uv": [0, 0, 16, 16], "texture": "#Voxel-939393"},
				"south": {"uv": [0, 0, 16, 16], "texture": "#Voxel-939393"},
				"west": {"uv": [0, 0, 16, 16], "texture": "#Voxel-939393"},
				"up": {"uv": [0, 0, 16, 16], "texture": "#Voxel-939393"},
				"down": {"uv": [0, 0, 16, 16], "texture": "#Voxel-939393"}
			}
		},
		{
			"name": "Voxel-939393",
			"from": [13, 5, 7],
			"to": [14, 7, 9],
			"faces": {
				"north": {"uv": [0, 0, 16, 16], "texture": "#Voxel-939393"},
				"east": {"uv": [0, 0, 16, 16], "texture": "#Voxel-939393"},
				"south": {"uv": [0, 0, 16, 16], "texture": "#Voxel-939393"},
				"west": {"uv": [0, 0, 16, 16], "texture": "#Voxel-939393"},
				"up": {"uv": [0, 0, 16, 16], "texture": "#Voxel-939393"},
				"down": {"uv": [0, 0, 16, 16], "texture": "#Voxel-939393"}
			}
		},
		{
			"name": "Voxel-939393",
			"from": [7, 9, 2],
			"to": [8, 10, 3],
			"faces": {
				"north": {"uv": [0, 0, 16, 16], "texture": "#Voxel-939393"},
				"east": {"uv": [0, 0, 16, 16], "texture": "#Voxel-939393"},
				"south": {"uv": [0, 0, 16, 16], "texture": "#Voxel-939393"},
				"west": {"uv": [0, 0, 16, 16], "texture": "#Voxel-939393"},
				"up": {"uv": [0, 0, 16, 16], "texture": "#Voxel-939393"},
				"down": {"uv": [0, 0, 16, 16], "texture": "#Voxel-939393"}
			}
		},
		{
			"name": "Voxel-939393",
			"from": [7, 6, 1],
			"to": [8, 9, 2],
			"faces": {
				"north": {"uv": [0, 0, 16, 16], "texture": "#Voxel-939393"},
				"east": {"uv": [0, 0, 16, 16], "texture": "#Voxel-939393"},
				"south": {"uv": [0, 0, 16, 16], "texture": "#Voxel-939393"},
				"west": {"uv": [0, 0, 16, 16], "texture": "#Voxel-939393"},
				"up": {"uv": [0, 0, 16, 16], "texture": "#Voxel-939393"},
				"down": {"uv": [0, 0, 16, 16], "texture": "#Voxel-939393"}
			}
		},
		{
			"name": "Voxel-939393",
			"from": [7, 9, 13],
			"to": [8, 10, 14],
			"faces": {
				"north": {"uv": [0, 0, 16, 16], "texture": "#Voxel-939393"},
				"east": {"uv": [0, 0, 16, 16], "texture": "#Voxel-939393"},
				"south": {"uv": [0, 0, 16, 16], "texture": "#Voxel-939393"},
				"west": {"uv": [0, 0, 16, 16], "texture": "#Voxel-939393"},
				"up": {"uv": [0, 0, 16, 16], "texture": "#Voxel-939393"},
				"down": {"uv": [0, 0, 16, 16], "texture": "#Voxel-939393"}
			}
		},
		{
			"name": "Voxel-939393",
			"from": [7, 6, 14],
			"to": [8, 9, 15],
			"faces": {
				"north": {"uv": [0, 0, 16, 16], "texture": "#Voxel-939393"},
				"east": {"uv": [0, 0, 16, 16], "texture": "#Voxel-939393"},
				"south": {"uv": [0, 0, 16, 16], "texture": "#Voxel-939393"},
				"west": {"uv": [0, 0, 16, 16], "texture": "#Voxel-939393"},
				"up": {"uv": [0, 0, 16, 16], "texture": "#Voxel-939393"},
				"down": {"uv": [0, 0, 16, 16], "texture": "#Voxel-939393"}
			}
		},
		{
			"name": "Voxel-939393",
			"from": [8, 7, 1],
			"to": [9, 8, 2],
			"faces": {
				"north": {"uv": [0, 0, 16, 16], "texture": "#Voxel-939393"},
				"east": {"uv": [0, 0, 16, 16], "texture": "#Voxel-939393"},
				"south": {"uv": [0, 0, 16, 16], "texture": "#Voxel-939393"},
				"west": {"uv": [0, 0, 16, 16], "texture": "#Voxel-939393"},
				"up": {"uv": [0, 0, 16, 16], "texture": "#Voxel-939393"},
				"down": {"uv": [0, 0, 16, 16], "texture": "#Voxel-939393"}
			}
		},
		{
			"name": "Voxel-939393",
			"from": [8, 7, 14],
			"to": [9, 8, 15],
			"faces": {
				"north": {"uv": [0, 0, 16, 16], "texture": "#Voxel-939393"},
				"east": {"uv": [0, 0, 16, 16], "texture": "#Voxel-939393"},
				"south": {"uv": [0, 0, 16, 16], "texture": "#Voxel-939393"},
				"west": {"uv": [0, 0, 16, 16], "texture": "#Voxel-939393"},
				"up": {"uv": [0, 0, 16, 16], "texture": "#Voxel-939393"},
				"down": {"uv": [0, 0, 16, 16], "texture": "#Voxel-939393"}
			}
		},
		{
			"name": "Voxel-939393",
			"from": [7, 0, 13],
			"to": [9, 5, 14],
			"faces": {
				"north": {"uv": [0, 0, 16, 16], "texture": "#Voxel-939393"},
				"east": {"uv": [0, 0, 16, 16], "texture": "#Voxel-939393"},
				"south": {"uv": [0, 0, 16, 16], "texture": "#Voxel-939393"},
				"west": {"uv": [0, 0, 16, 16], "texture": "#Voxel-939393"},
				"up": {"uv": [0, 0, 16, 16], "texture": "#Voxel-939393"},
				"down": {"uv": [0, 0, 16, 16], "texture": "#Voxel-939393"}
			}
		},
		{
			"name": "Voxel-939393",
			"from": [7, 0, 2],
			"to": [9, 5, 3],
			"faces": {
				"north": {"uv": [0, 0, 16, 16], "texture": "#Voxel-939393"},
				"east": {"uv": [0, 0, 16, 16], "texture": "#Voxel-939393"},
				"south": {"uv": [0, 0, 16, 16], "texture": "#Voxel-939393"},
				"west": {"uv": [0, 0, 16, 16], "texture": "#Voxel-939393"},
				"up": {"uv": [0, 0, 16, 16], "texture": "#Voxel-939393"},
				"down": {"uv": [0, 0, 16, 16], "texture": "#Voxel-939393"}
			}
		},
		{
			"name": "Voxel-939393",
			"from": [0, 0, 11],
			"to": [7, 2, 14],
			"faces": {
				"north": {"uv": [0, 0, 16, 16], "texture": "#Voxel-939393"},
				"east": {"uv": [0, 0, 16, 16], "texture": "#Voxel-939393"},
				"south": {"uv": [0, 0, 16, 16], "texture": "#Voxel-939393"},
				"west": {"uv": [0, 0, 16, 16], "texture": "#Voxel-939393"},
				"up": {"uv": [0, 0, 16, 16], "texture": "#Voxel-939393"},
				"down": {"uv": [0, 0, 16, 16], "texture": "#Voxel-939393"}
			}
		},
		{
			"name": "Voxel-939393",
			"from": [0, 0, 2],
			"to": [7, 2, 5],
			"faces": {
				"north": {"uv": [0, 0, 16, 16], "texture": "#Voxel-939393"},
				"east": {"uv": [0, 0, 16, 16], "texture": "#Voxel-939393"},
				"south": {"uv": [0, 0, 16, 16], "texture": "#Voxel-939393"},
				"west": {"uv": [0, 0, 16, 16], "texture": "#Voxel-939393"},
				"up": {"uv": [0, 0, 16, 16], "texture": "#Voxel-939393"},
				"down": {"uv": [0, 0, 16, 16], "texture": "#Voxel-939393"}
			}
		},
		{
			"name": "Voxel-939393",
			"from": [0, 2, 11],
			"to": [1, 4, 14],
			"faces": {
				"north": {"uv": [0, 0, 16, 16], "texture": "#Voxel-939393"},
				"east": {"uv": [0, 0, 16, 16], "texture": "#Voxel-939393"},
				"south": {"uv": [0, 0, 16, 16], "texture": "#Voxel-939393"},
				"west": {"uv": [0, 0, 16, 16], "texture": "#Voxel-939393"},
				"up": {"uv": [0, 0, 16, 16], "texture": "#Voxel-939393"},
				"down": {"uv": [0, 0, 16, 16], "texture": "#Voxel-939393"}
			}
		},
		{
			"name": "Voxel-939393",
			"from": [0, 2, 2],
			"to": [1, 4, 5],
			"faces": {
				"north": {"uv": [0, 0, 16, 16], "texture": "#Voxel-939393"},
				"east": {"uv": [0, 0, 16, 16], "texture": "#Voxel-939393"},
				"south": {"uv": [0, 0, 16, 16], "texture": "#Voxel-939393"},
				"west": {"uv": [0, 0, 16, 16], "texture": "#Voxel-939393"},
				"up": {"uv": [0, 0, 16, 16], "texture": "#Voxel-939393"},
				"down": {"uv": [0, 0, 16, 16], "texture": "#Voxel-939393"}
			}
		},
		{
			"name": "Voxel-939393",
			"from": [1, 2, 11],
			"to": [2, 3, 14],
			"faces": {
				"north": {"uv": [0, 0, 16, 16], "texture": "#Voxel-939393"},
				"east": {"uv": [0, 0, 16, 16], "texture": "#Voxel-939393"},
				"south": {"uv": [0, 0, 16, 16], "texture": "#Voxel-939393"},
				"west": {"uv": [0, 0, 16, 16], "texture": "#Voxel-939393"},
				"up": {"uv": [0, 0, 16, 16], "texture": "#Voxel-939393"},
				"down": {"uv": [0, 0, 16, 16], "texture": "#Voxel-939393"}
			}
		},
		{
			"name": "Voxel-939393",
			"from": [1, 2, 2],
			"to": [2, 3, 5],
			"faces": {
				"north": {"uv": [0, 0, 16, 16], "texture": "#Voxel-939393"},
				"east": {"uv": [0, 0, 16, 16], "texture": "#Voxel-939393"},
				"south": {"uv": [0, 0, 16, 16], "texture": "#Voxel-939393"},
				"west": {"uv": [0, 0, 16, 16], "texture": "#Voxel-939393"},
				"up": {"uv": [0, 0, 16, 16], "texture": "#Voxel-939393"},
				"down": {"uv": [0, 0, 16, 16], "texture": "#Voxel-939393"}
			}
		},
		{
			"name": "Voxel-939393",
			"from": [6, 2, 13],
			"to": [7, 4, 14],
			"faces": {
				"north": {"uv": [0, 0, 16, 16], "texture": "#Voxel-939393"},
				"east": {"uv": [0, 0, 16, 16], "texture": "#Voxel-939393"},
				"south": {"uv": [0, 0, 16, 16], "texture": "#Voxel-939393"},
				"west": {"uv": [0, 0, 16, 16], "texture": "#Voxel-939393"},
				"up": {"uv": [0, 0, 16, 16], "texture": "#Voxel-939393"},
				"down": {"uv": [0, 0, 16, 16], "texture": "#Voxel-939393"}
			}
		},
		{
			"name": "Voxel-939393",
			"from": [6, 2, 2],
			"to": [7, 4, 3],
			"faces": {
				"north": {"uv": [0, 0, 16, 16], "texture": "#Voxel-939393"},
				"east": {"uv": [0, 0, 16, 16], "texture": "#Voxel-939393"},
				"south": {"uv": [0, 0, 16, 16], "texture": "#Voxel-939393"},
				"west": {"uv": [0, 0, 16, 16], "texture": "#Voxel-939393"},
				"up": {"uv": [0, 0, 16, 16], "texture": "#Voxel-939393"},
				"down": {"uv": [0, 0, 16, 16], "texture": "#Voxel-939393"}
			}
		},
		{
			"name": "Voxel-939393",
			"from": [5, 2, 11],
			"to": [6, 3, 14],
			"faces": {
				"north": {"uv": [0, 0, 16, 16], "texture": "#Voxel-939393"},
				"east": {"uv": [0, 0, 16, 16], "texture": "#Voxel-939393"},
				"south": {"uv": [0, 0, 16, 16], "texture": "#Voxel-939393"},
				"west": {"uv": [0, 0, 16, 16], "texture": "#Voxel-939393"},
				"up": {"uv": [0, 0, 16, 16], "texture": "#Voxel-939393"},
				"down": {"uv": [0, 0, 16, 16], "texture": "#Voxel-939393"}
			}
		},
		{
			"name": "Voxel-939393",
			"from": [5, 2, 2],
			"to": [6, 3, 5],
			"faces": {
				"north": {"uv": [0, 0, 16, 16], "texture": "#Voxel-939393"},
				"east": {"uv": [0, 0, 16, 16], "texture": "#Voxel-939393"},
				"south": {"uv": [0, 0, 16, 16], "texture": "#Voxel-939393"},
				"west": {"uv": [0, 0, 16, 16], "texture": "#Voxel-939393"},
				"up": {"uv": [0, 0, 16, 16], "texture": "#Voxel-939393"},
				"down": {"uv": [0, 0, 16, 16], "texture": "#Voxel-939393"}
			}
		},
		{
			"name": "Voxel-939393",
			"from": [4, 0, 5],
			"to": [5, 2, 6],
			"faces": {
				"north": {"uv": [0, 0, 16, 16], "texture": "#Voxel-939393"},
				"east": {"uv": [0, 0, 16, 16], "texture": "#Voxel-939393"},
				"south": {"uv": [0, 0, 16, 16], "texture": "#Voxel-939393"},
				"west": {"uv": [0, 0, 16, 16], "texture": "#Voxel-939393"},
				"up": {"uv": [0, 0, 16, 16], "texture": "#Voxel-939393"},
				"down": {"uv": [0, 0, 16, 16], "texture": "#Voxel-939393"}
			}
		},
		{
			"name": "Voxel-939393",
			"from": [4, 0, 10],
			"to": [5, 2, 11],
			"faces": {
				"north": {"uv": [0, 0, 16, 16], "texture": "#Voxel-939393"},
				"east": {"uv": [0, 0, 16, 16], "texture": "#Voxel-939393"},
				"south": {"uv": [0, 0, 16, 16], "texture": "#Voxel-939393"},
				"west": {"uv": [0, 0, 16, 16], "texture": "#Voxel-939393"},
				"up": {"uv": [0, 0, 16, 16], "texture": "#Voxel-939393"},
				"down": {"uv": [0, 0, 16, 16], "texture": "#Voxel-939393"}
			}
		},
		{
			"name": "Voxel-939393",
			"from": [5, 3, 3],
			"to": [6, 4, 13],
			"faces": {
				"north": {"uv": [0, 0, 16, 16], "texture": "#Voxel-939393"},
				"east": {"uv": [0, 0, 16, 16], "texture": "#Voxel-939393"},
				"south": {"uv": [0, 0, 16, 16], "texture": "#Voxel-939393"},
				"west": {"uv": [0, 0, 16, 16], "texture": "#Voxel-939393"},
				"up": {"uv": [0, 0, 16, 16], "texture": "#Voxel-939393"},
				"down": {"uv": [0, 0, 16, 16], "texture": "#Voxel-939393"}
			}
		},
		{
			"name": "Voxel-939393",
			"from": [5, 0, 5],
			"to": [6, 3, 11],
			"faces": {
				"north": {"uv": [0, 0, 16, 16], "texture": "#Voxel-939393"},
				"east": {"uv": [0, 0, 16, 16], "texture": "#Voxel-939393"},
				"south": {"uv": [0, 0, 16, 16], "texture": "#Voxel-939393"},
				"west": {"uv": [0, 0, 16, 16], "texture": "#Voxel-939393"},
				"up": {"uv": [0, 0, 16, 16], "texture": "#Voxel-939393"},
				"down": {"uv": [0, 0, 16, 16], "texture": "#Voxel-939393"}
			}
		},
		{
			"name": "Voxel-939393",
			"from": [6, 4, 3],
			"to": [7, 5, 4],
			"faces": {
				"north": {"uv": [0, 0, 16, 16], "texture": "#Voxel-939393"},
				"east": {"uv": [0, 0, 16, 16], "texture": "#Voxel-939393"},
				"south": {"uv": [0, 0, 16, 16], "texture": "#Voxel-939393"},
				"west": {"uv": [0, 0, 16, 16], "texture": "#Voxel-939393"},
				"up": {"uv": [0, 0, 16, 16], "texture": "#Voxel-939393"},
				"down": {"uv": [0, 0, 16, 16], "texture": "#Voxel-939393"}
			}
		},
		{
			"name": "Voxel-939393",
			"from": [6, 4, 12],
			"to": [7, 5, 13],
			"faces": {
				"north": {"uv": [0, 0, 16, 16], "texture": "#Voxel-939393"},
				"east": {"uv": [0, 0, 16, 16], "texture": "#Voxel-939393"},
				"south": {"uv": [0, 0, 16, 16], "texture": "#Voxel-939393"},
				"west": {"uv": [0, 0, 16, 16], "texture": "#Voxel-939393"},
				"up": {"uv": [0, 0, 16, 16], "texture": "#Voxel-939393"},
				"down": {"uv": [0, 0, 16, 16], "texture": "#Voxel-939393"}
			}
		},
		{
			"name": "Voxel-939393",
			"from": [6, 0, 3],
			"to": [11, 1, 13],
			"faces": {
				"north": {"uv": [0, 0, 16, 16], "texture": "#Voxel-939393"},
				"east": {"uv": [0, 0, 16, 16], "texture": "#Voxel-939393"},
				"south": {"uv": [0, 0, 16, 16], "texture": "#Voxel-939393"},
				"west": {"uv": [0, 0, 16, 16], "texture": "#Voxel-939393"},
				"up": {"uv": [0, 0, 16, 16], "texture": "#Voxel-939393"},
				"down": {"uv": [0, 0, 16, 16], "texture": "#Voxel-939393"}
			}
		},
		{
			"name": "Voxel-939393",
			"from": [11, 0, 5],
			"to": [13, 1, 11],
			"faces": {
				"north": {"uv": [0, 0, 16, 16], "texture": "#Voxel-939393"},
				"east": {"uv": [0, 0, 16, 16], "texture": "#Voxel-939393"},
				"south": {"uv": [0, 0, 16, 16], "texture": "#Voxel-939393"},
				"west": {"uv": [0, 0, 16, 16], "texture": "#Voxel-939393"},
				"up": {"uv": [0, 0, 16, 16], "texture": "#Voxel-939393"},
				"down": {"uv": [0, 0, 16, 16], "texture": "#Voxel-939393"}
			}
		},
		{
			"name": "Voxel-939393",
			"from": [8, 13, 12],
			"to": [10, 15, 13],
			"faces": {
				"north": {"uv": [0, 0, 16, 16], "texture": "#Voxel-939393"},
				"east": {"uv": [0, 0, 16, 16], "texture": "#Voxel-939393"},
				"south": {"uv": [0, 0, 16, 16], "texture": "#Voxel-939393"},
				"west": {"uv": [0, 0, 16, 16], "texture": "#Voxel-939393"},
				"up": {"uv": [0, 0, 16, 16], "texture": "#Voxel-939393"},
				"down": {"uv": [0, 0, 16, 16], "texture": "#Voxel-939393"}
			}
		},
		{
			"name": "Voxel-939393",
			"from": [8, 13, 3],
			"to": [10, 15, 4],
			"faces": {
				"north": {"uv": [0, 0, 16, 16], "texture": "#Voxel-939393"},
				"east": {"uv": [0, 0, 16, 16], "texture": "#Voxel-939393"},
				"south": {"uv": [0, 0, 16, 16], "texture": "#Voxel-939393"},
				"west": {"uv": [0, 0, 16, 16], "texture": "#Voxel-939393"},
				"up": {"uv": [0, 0, 16, 16], "texture": "#Voxel-939393"},
				"down": {"uv": [0, 0, 16, 16], "texture": "#Voxel-939393"}
			}
		},
		{
			"name": "Voxel-939393",
			"from": [7, 9, 10],
			"to": [11, 11, 11],
			"faces": {
				"north": {"uv": [0, 0, 16, 16], "texture": "#Voxel-939393"},
				"east": {"uv": [0, 0, 16, 16], "texture": "#Voxel-939393"},
				"south": {"uv": [0, 0, 16, 16], "texture": "#Voxel-939393"},
				"west": {"uv": [0, 0, 16, 16], "texture": "#Voxel-939393"},
				"up": {"uv": [0, 0, 16, 16], "texture": "#Voxel-939393"},
				"down": {"uv": [0, 0, 16, 16], "texture": "#Voxel-939393"}
			}
		},
		{
			"name": "Voxel-939393",
			"from": [7, 9, 5],
			"to": [11, 11, 6],
			"faces": {
				"north": {"uv": [0, 0, 16, 16], "texture": "#Voxel-939393"},
				"east": {"uv": [0, 0, 16, 16], "texture": "#Voxel-939393"},
				"south": {"uv": [0, 0, 16, 16], "texture": "#Voxel-939393"},
				"west": {"uv": [0, 0, 16, 16], "texture": "#Voxel-939393"},
				"up": {"uv": [0, 0, 16, 16], "texture": "#Voxel-939393"},
				"down": {"uv": [0, 0, 16, 16], "texture": "#Voxel-939393"}
			}
		},
		{
			"name": "Voxel-723907",
			"from": [2, 4, 5],
			"to": [5, 5, 11],
			"faces": {
				"north": {"uv": [0, 0, 16, 16], "texture": "#Voxel-723907"},
				"east": {"uv": [0, 0, 16, 16], "texture": "#Voxel-723907"},
				"south": {"uv": [0, 0, 16, 16], "texture": "#Voxel-723907"},
				"west": {"uv": [0, 0, 16, 16], "texture": "#Voxel-723907"},
				"up": {"uv": [0, 0, 16, 16], "texture": "#Voxel-723907"},
				"down": {"uv": [0, 0, 16, 16], "texture": "#Voxel-723907"}
			}
		}
	],
	"display": {
		"gui": {
			"rotation": [35, 60, 0],
			"translation": [0, -1, 0],
			"scale": [0.5, 0.5, 0.5]
		},
		"head": {
			"rotation": [0, -90, 0],
			"translation": [0, -28.5, 0],
			"scale": [2, 2, 2]
		},
		"fixed": {
			"rotation": [0, -90, 0],
			"scale": [0.5, 0.5, 0.5]
		}
	},
	"groups": [
		{
			"name": "Economic",
			"origin": [8, 8, 8],
			"color": 0,
			"nbt": "{}",
			"armAnimationEnabled": false,
			"children": [0, 1, 2, 3, 4, 5, 6, 7, 8, 9, 10, 11, 12, 13, 14, 15, 16, 17, 18, 19, 20, 21, 22, 23, 24, 25, 26, 27, 28, 29, 30, 31, 32, 33, 34, 35, 36, 37, 38, 39, 40, 41, 42, 43, 44, 45, 46, 47, 48, 49, 50, 51, 52, 53, 54, 55, 56, 57, 58, 59, 60, 61, 62, 63, 64, 65, 66, 67, 68, 69, 70, 71, 72, 73, 74, 75, 76, 77, 78, 79, 80, 81, 82, 83, 84, 85, 86, 87, 88, 89, 90, 91, 92, 93, 94, 95, 96, 97, 98, 99, 100, 101, 102, 103, 104, 105, 106, 107, 108, 109, 110, 111, 112, 113, 114, 115, 116, 117, 118, 119, 120, 121, 122, 123, 124]
		}
	]
}