{
	"credit": "Made with Blockbench",
	"parent": "elite_goblin",
	"texture_size": [64, 64],
	"textures": {
		"0": "item/haedelg2",
		"particle": "item/haedelg2"
	},
	"elements": [
		{
			"from": [14, 30, 8],
			"to": [16, 31, 9],
			"faces": {
				"north": {"uv": [0.25, 7, 0.75, 7.25], "texture": "#0"},
				"east": {"uv": [0, 7, 0.25, 7.25], "texture": "#0"},
				"south": {"uv": [1, 7, 1.5, 7.25], "texture": "#0"},
				"west": {"uv": [0.75, 7, 1, 7.25], "texture": "#0"},
				"up": {"uv": [0.75, 7, 0.25, 6.75], "texture": "#0"},
				"down": {"uv": [1.25, 6.75, 0.75, 7], "texture": "#0"}
			}
		},
		{
			"from": [0, 30, 8],
			"to": [2, 31, 9],
			"faces": {
				"north": {"uv": [6, 1.25, 6.5, 1.5], "texture": "#0"},
				"east": {"uv": [5.75, 1.25, 6, 1.5], "texture": "#0"},
				"south": {"uv": [6.75, 1.25, 7.25, 1.5], "texture": "#0"},
				"west": {"uv": [6.5, 1.25, 6.75, 1.5], "texture": "#0"},
				"up": {"uv": [6.5, 1.25, 6, 1], "texture": "#0"},
				"down": {"uv": [7, 1, 6.5, 1.25], "texture": "#0"}
			}
		},
		{
			"from": [2, 26, 8],
			"to": [4, 29, 9],
			"faces": {
				"north": {"uv": [3.25, 8.25, 3.75, 9], "texture": "#0"},
				"east": {"uv": [3, 8.25, 3.25, 9], "texture": "#0"},
				"south": {"uv": [4, 8.25, 4.5, 9], "texture": "#0"},
				"west": {"uv": [3.75, 8.25, 4, 9], "texture": "#0"},
				"up": {"uv": [3.75, 8.25, 3.25, 8], "texture": "#0"},
				"down": {"uv": [4.25, 8, 3.75, 8.25], "texture": "#0"}
			}
		},
		{
			"from": [1, 27, 8],
			"to": [3, 30, 9],
			"faces": {
				"north": {"uv": [6, 0.25, 6.5, 1], "texture": "#0"},
				"east": {"uv": [5.75, 0.25, 6, 1], "texture": "#0"},
				"south": {"uv": [6.75, 0.25, 7.25, 1], "texture": "#0"},
				"west": {"uv": [6.5, 0.25, 6.75, 1], "texture": "#0"},
				"up": {"uv": [6.5, 0.25, 6, 0], "texture": "#0"},
				"down": {"uv": [7, 0, 6.5, 0.25], "texture": "#0"}
			}
		},
		{
			"from": [12, 26, 8],
			"to": [14, 29, 9],
			"faces": {
				"north": {"uv": [0.25, 6, 0.75, 6.75], "texture": "#0"},
				"east": {"uv": [0, 6, 0.25, 6.75], "texture": "#0"},
				"south": {"uv": [1, 6, 1.5, 6.75], "texture": "#0"},
				"west": {"uv": [0.75, 6, 1, 6.75], "texture": "#0"},
				"up": {"uv": [0.75, 6, 0.25, 5.75], "texture": "#0"},
				"down": {"uv": [1.25, 5.75, 0.75, 6], "texture": "#0"}
			}
		},
		{
			"from": [13, 27, 8],
			"to": [15, 30, 9],
			"faces": {
				"north": {"uv": [4, 3.5, 4.5, 4.25], "texture": "#0"},
				"east": {"uv": [3.75, 3.5, 4, 4.25], "texture": "#0"},
				"south": {"uv": [4.75, 3.5, 5.25, 4.25], "texture": "#0"},
				"west": {"uv": [4.5, 3.5, 4.75, 4.25], "texture": "#0"},
				"up": {"uv": [4.5, 3.5, 4, 3.25], "texture": "#0"},
				"down": {"uv": [5, 3.25, 4.5, 3.5], "texture": "#0"}
			}
		},
		{
			"from": [6, 23, 5],
			"to": [10, 24, 11],
			"faces": {
				"north": {"uv": [7.25, 1.5, 8.25, 1.75], "texture": "#0"},
				"east": {"uv": [5.75, 1.5, 7.25, 1.75], "texture": "#0"},
				"south": {"uv": [9.75, 1.5, 10.75, 1.75], "texture": "#0"},
				"west": {"uv": [8.25, 1.5, 9.75, 1.75], "texture": "#0"},
				"up": {"uv": [8.25, 1.5, 7.25, 0], "texture": "#0"},
				"down": {"uv": [9.25, 0, 8.25, 1.5], "texture": "#0"}
			}
		},
		{
			"from": [4, 24, 5],
			"to": [12, 30, 12],
			"faces": {
				"north": {"uv": [1.75, 1.75, 3.75, 3.25], "texture": "#0"},
				"east": {"uv": [0, 1.75, 1.75, 3.25], "texture": "#0"},
				"south": {"uv": [5.5, 1.75, 7.5, 3.25], "texture": "#0"},
				"west": {"uv": [3.75, 1.75, 5.5, 3.25], "texture": "#0"},
				"up": {"uv": [3.75, 1.75, 1.75, 0], "texture": "#0"},
				"down": {"uv": [5.75, 0, 3.75, 1.75], "texture": "#0"}
			}
		},
		{
			"from": [4, 24, 4],
			"to": [12, 27, 5],
			"faces": {
				"north": {"uv": [7.75, 4.25, 9.75, 5], "texture": "#0"},
				"east": {"uv": [7.5, 4.25, 7.75, 5], "texture": "#0"},
				"south": {"uv": [10, 4.25, 12, 5], "texture": "#0"},
				"west": {"uv": [9.75, 4.25, 10, 5], "texture": "#0"},
				"up": {"uv": [9.75, 4.25, 7.75, 4], "texture": "#0"},
				"down": {"uv": [11.75, 4, 9.75, 4.25], "texture": "#0"}
			}
		},
		{
			"from": [9, 27, 4],
			"to": [11, 29, 5],
			"faces": {
				"north": {"uv": [3.25, 6.75, 3.75, 7.25], "texture": "#0"},
				"east": {"uv": [3, 6.75, 3.25, 7.25], "texture": "#0"},
				"south": {"uv": [4, 6.75, 4.5, 7.25], "texture": "#0"},
				"west": {"uv": [3.75, 6.75, 4, 7.25], "texture": "#0"},
				"up": {"uv": [3.75, 6.75, 3.25, 6.5], "texture": "#0"},
				"down": {"uv": [4.25, 6.5, 3.75, 6.75], "texture": "#0"}
			}
		},
		{
			"from": [5, 27, 4],
			"to": [7, 29, 5],
			"faces": {
				"north": {"uv": [4, 4.5, 4.5, 5], "texture": "#0"},
				"east": {"uv": [3.75, 4.5, 4, 5], "texture": "#0"},
				"south": {"uv": [4.75, 4.5, 5.25, 5], "texture": "#0"},
				"west": {"uv": [4.5, 4.5, 4.75, 5], "texture": "#0"},
				"up": {"uv": [4.5, 4.5, 4, 4.25], "texture": "#0"},
				"down": {"uv": [5, 4.25, 4.5, 4.5], "texture": "#0"}
			}
		},
		{
			"from": [5, 24, 3],
			"to": [11, 26, 4],
			"faces": {
				"north": {"uv": [9.5, 0.25, 11, 0.75], "texture": "#0"},
				"east": {"uv": [9.25, 0.25, 9.5, 0.75], "texture": "#0"},
				"south": {"uv": [11.25, 0.25, 12.75, 0.75], "texture": "#0"},
				"west": {"uv": [11, 0.25, 11.25, 0.75], "texture": "#0"},
				"up": {"uv": [11, 0.25, 9.5, 0], "texture": "#0"},
				"down": {"uv": [12.5, 0, 11, 0.25], "texture": "#0"}
			}
		}
	],
	"display": {
		"head": {
			"translation": [0, -34, -0.5],
			"scale": [1.8, 1.8, 1.8]
		}
	},
	"groups": [
		{
			"name": "elitegoblin",
			"origin": [8, 8, 8],
			"color": 0,
			"nbt": "{}",
			"armAnimationEnabled": false,
			"children": [
				{
					"name": "head",
					"origin": [8, 8, 8],
					"color": 0,
					"nbt": "{}",
					"armAnimationEnabled": false,
					"children": [0, 1, 2, 3, 4, 5, 6, 7, 8, 9, 10, 11]
				}
			]
		}
	]
}