{
	"credit": "Made with Blockbench",
	"textures": {
		"4": "item/voxel-939393",
		"Voxel-473410": "item/voxel-473410",
		"particle": "item/particle"
	},
	"elements": [
		{
			"name": "Voxel-AAAAAA",
			"from": [8, 21, -2],
			"to": [9, 22, 3],
			"faces": {
				"north": {"uv": [0, 0, 16, 16], "texture": "#4"},
				"east": {"uv": [0, 0, 16, 16], "texture": "#4"},
				"south": {"uv": [0, 0, 0, 0], "texture": "#4"},
				"west": {"uv": [0, 0, 16, 16], "texture": "#4"},
				"up": {"uv": [0, 0, 16, 16], "texture": "#4"},
				"down": {"uv": [0, 0, 16, 16], "texture": "#4"}
			}
		},
		{
			"name": "Voxel-AAAAAA",
			"from": [8, 22, 0],
			"to": [9, 23, 2],
			"faces": {
				"north": {"uv": [0, 0, 16, 16], "texture": "#4"},
				"east": {"uv": [0, 0, 16, 16], "texture": "#4"},
				"south": {"uv": [0, 0, 0, 0], "texture": "#4"},
				"west": {"uv": [0, 0, 16, 16], "texture": "#4"},
				"up": {"uv": [0, 0, 16, 16], "texture": "#4"},
				"down": {"uv": [0, 0, 0, 0], "texture": "#4"}
			}
		},
		{
			"name": "Voxel-AAAAAA",
			"from": [8, 22, 2],
			"to": [9, 24, 13],
			"faces": {
				"north": {"uv": [0, 0, 0, 0], "texture": "#4"},
				"east": {"uv": [0, 0, 16, 16], "texture": "#4"},
				"south": {"uv": [0, 0, 0, 0], "texture": "#4"},
				"west": {"uv": [0, 0, 16, 16], "texture": "#4"},
				"up": {"uv": [0, 0, 0, 0], "texture": "#4"},
				"down": {"uv": [0, 0, 0, 0], "texture": "#4"}
			}
		},
		{
			"name": "Voxel-AAAAAA",
			"from": [8, 24, 4],
			"to": [9, 25, 11],
			"faces": {
				"north": {"uv": [0, 0, 16, 16], "texture": "#4"},
				"east": {"uv": [0, 0, 16, 16], "texture": "#4"},
				"south": {"uv": [0, 0, 0, 0], "texture": "#4"},
				"west": {"uv": [0, 0, 16, 16], "texture": "#4"},
				"up": {"uv": [0, 0, 16, 16], "texture": "#4"},
				"down": {"uv": [0, 0, 0, 0], "texture": "#4"}
			}
		},
		{
			"name": "Voxel-AAAAAA",
			"from": [8, 19, 13],
			"to": [9, 23, 15],
			"faces": {
				"north": {"uv": [0, 0, 0, 0], "texture": "#4"},
				"east": {"uv": [0, 0, 16, 16], "texture": "#4"},
				"south": {"uv": [0, 0, 0, 0], "texture": "#4"},
				"west": {"uv": [0, 0, 16, 16], "texture": "#4"},
				"up": {"uv": [0, 0, 16, 16], "texture": "#4"},
				"down": {"uv": [0, 0, 0, 0], "texture": "#4"}
			}
		},
		{
			"name": "Voxel-AAAAAA",
			"from": [8, 21, 6],
			"to": [9, 22, 13],
			"faces": {
				"north": {"uv": [0, 0, 16, 16], "texture": "#4"},
				"east": {"uv": [0, 0, 16, 16], "texture": "#4"},
				"south": {"uv": [0, 0, 0, 0], "texture": "#4"},
				"west": {"uv": [0, 0, 16, 16], "texture": "#4"},
				"up": {"uv": [0, 0, 0, 0], "texture": "#4"},
				"down": {"uv": [0, 0, 16, 16], "texture": "#4"}
			}
		},
		{
			"name": "Voxel-AAAAAA",
			"from": [8, 20, 10],
			"to": [9, 21, 13],
			"faces": {
				"north": {"uv": [0, 0, 16, 16], "texture": "#4"},
				"east": {"uv": [0, 0, 16, 16], "texture": "#4"},
				"south": {"uv": [0, 0, 0, 0], "texture": "#4"},
				"west": {"uv": [0, 0, 16, 16], "texture": "#4"},
				"up": {"uv": [0, 0, 0, 0], "texture": "#4"},
				"down": {"uv": [0, 0, 16, 16], "texture": "#4"}
			}
		},
		{
			"name": "Voxel-AAAAAA",
			"from": [8, 19, 12],
			"to": [9, 20, 13],
			"faces": {
				"north": {"uv": [0, 0, 16, 16], "texture": "#4"},
				"east": {"uv": [0, 0, 16, 16], "texture": "#4"},
				"south": {"uv": [0, 0, 0, 0], "texture": "#4"},
				"west": {"uv": [0, 0, 16, 16], "texture": "#4"},
				"up": {"uv": [0, 0, 0, 0], "texture": "#4"},
				"down": {"uv": [0, 0, 0, 0], "texture": "#4"}
			}
		},
		{
			"name": "Voxel-AAAAAA",
			"from": [8, 21, 15],
			"to": [9, 22, 16],
			"faces": {
				"north": {"uv": [0, 0, 0, 0], "texture": "#4"},
				"east": {"uv": [0, 0, 16, 16], "texture": "#4"},
				"south": {"uv": [0, 0, 0, 0], "texture": "#4"},
				"west": {"uv": [0, 0, 16, 16], "texture": "#4"},
				"up": {"uv": [0, 0, 0, 0], "texture": "#4"},
				"down": {"uv": [0, 0, 0, 0], "texture": "#4"}
			}
		},
		{
			"name": "Voxel-AAAAAA",
			"from": [8, 17, 15],
			"to": [9, 21, 18],
			"faces": {
				"north": {"uv": [0, 0, 0, 0], "texture": "#4"},
				"east": {"uv": [0, 0, 16, 16], "texture": "#4"},
				"south": {"uv": [0, 0, 0, 0], "texture": "#4"},
				"west": {"uv": [0, 0, 16, 16], "texture": "#4"},
				"up": {"uv": [0, 0, 0, 0], "texture": "#4"},
				"down": {"uv": [0, 0, 0, 0], "texture": "#4"}
			}
		},
		{
			"name": "Voxel-AAAAAA",
			"from": [8, 15, 17],
			"to": [9, 16, 18],
			"faces": {
				"north": {"uv": [0, 0, 16, 16], "texture": "#4"},
				"east": {"uv": [0, 0, 16, 16], "texture": "#4"},
				"south": {"uv": [0, 0, 16, 16], "texture": "#4"},
				"west": {"uv": [0, 0, 16, 16], "texture": "#4"},
				"up": {"uv": [0, 0, 0, 0], "texture": "#4"},
				"down": {"uv": [0, 0, 16, 16], "texture": "#4"}
			}
		},
		{
			"name": "Voxel-AAAAAA",
			"from": [8, 16, 16],
			"to": [9, 17, 19],
			"faces": {
				"north": {"uv": [0, 0, 16, 16], "texture": "#4"},
				"east": {"uv": [0, 0, 16, 16], "texture": "#4"},
				"south": {"uv": [0, 0, 0, 0], "texture": "#4"},
				"west": {"uv": [0, 0, 16, 16], "texture": "#4"},
				"up": {"uv": [0, 0, 0, 0], "texture": "#4"},
				"down": {"uv": [0, 0, 16, 16], "texture": "#4"}
			}
		},
		{
			"name": "Voxel-AAAAAA",
			"from": [8, 17, 18],
			"to": [9, 18, 19],
			"faces": {
				"north": {"uv": [0, 0, 0, 0], "texture": "#4"},
				"east": {"uv": [0, 0, 16, 16], "texture": "#4"},
				"south": {"uv": [0, 0, 16, 16], "texture": "#4"},
				"west": {"uv": [0, 0, 16, 16], "texture": "#4"},
				"up": {"uv": [0, 0, 0, 0], "texture": "#4"},
				"down": {"uv": [0, 0, 0, 0], "texture": "#4"}
			}
		},
		{
			"name": "Voxel-AAAAAA",
			"from": [8, 18, 17],
			"to": [9, 20, 20],
			"faces": {
				"north": {"uv": [0, 0, 0, 0], "texture": "#4"},
				"east": {"uv": [0, 0, 16, 16], "texture": "#4"},
				"south": {"uv": [0, 0, 16, 16], "texture": "#4"},
				"west": {"uv": [0, 0, 16, 16], "texture": "#4"},
				"up": {"uv": [0, 0, 0, 0], "texture": "#4"},
				"down": {"uv": [0, 0, 16, 16], "texture": "#4"}
			}
		},
		{
			"name": "Voxel-473410",
			"from": [7, 22, 16],
			"to": [10, 23, 17],
			"faces": {
				"north": {"uv": [0, 0, 16, 16], "texture": "#Voxel-473410"},
				"east": {"uv": [0, 0, 0, 0], "texture": "#Voxel-473410"},
				"south": {"uv": [0, 0, 16, 16], "texture": "#Voxel-473410"},
				"west": {"uv": [0, 0, 16, 16], "texture": "#Voxel-473410"},
				"up": {"uv": [0, 0, 16, 16], "texture": "#Voxel-473410"},
				"down": {"uv": [0, 0, 16, 16], "texture": "#Voxel-473410"}
			}
		},
		{
			"name": "Voxel-473410",
			"from": [8, 22, 17],
			"to": [9, 23, 18],
			"faces": {
				"north": {"uv": [0, 0, 0, 0], "texture": "#Voxel-473410"},
				"east": {"uv": [0, 0, 16, 16], "texture": "#Voxel-473410"},
				"south": {"uv": [0, 0, 16, 16], "texture": "#Voxel-473410"},
				"west": {"uv": [0, 0, 16, 16], "texture": "#Voxel-473410"},
				"up": {"uv": [0, 0, 16, 16], "texture": "#Voxel-473410"},
				"down": {"uv": [0, 0, 16, 16], "texture": "#Voxel-473410"}
			}
		},
		{
			"name": "Voxel-473410",
			"from": [8, 22, 15],
			"to": [9, 23, 16],
			"faces": {
				"north": {"uv": [0, 0, 0, 0], "texture": "#Voxel-473410"},
				"east": {"uv": [0, 0, 16, 16], "texture": "#Voxel-473410"},
				"south": {"uv": [0, 0, 0, 0], "texture": "#Voxel-473410"},
				"west": {"uv": [0, 0, 16, 16], "texture": "#Voxel-473410"},
				"up": {"uv": [0, 0, 16, 16], "texture": "#Voxel-473410"},
				"down": {"uv": [0, 0, 0, 0], "texture": "#Voxel-473410"}
			}
		},
		{
			"name": "Voxel-473410",
			"from": [8, 21, 16],
			"to": [9, 24, 17],
			"faces": {
				"north": {"uv": [0, 0, 0, 0], "texture": "#Voxel-473410"},
				"east": {"uv": [0, 0, 16, 16], "texture": "#Voxel-473410"},
				"south": {"uv": [0, 0, 16, 16], "texture": "#Voxel-473410"},
				"west": {"uv": [0, 0, 16, 16], "texture": "#Voxel-473410"},
				"up": {"uv": [0, 0, 0, 0], "texture": "#Voxel-473410"},
				"down": {"uv": [0, 0, 0, 0], "texture": "#Voxel-473410"}
			}
		},
		{
			"name": "Voxel-473410",
			"from": [6, 16, 13],
			"to": [11, 17, 14],
			"faces": {
				"north": {"uv": [0, 0, 16, 16], "texture": "#Voxel-473410"},
				"east": {"uv": [0, 0, 16, 16], "texture": "#Voxel-473410"},
				"south": {"uv": [0, 0, 16, 16], "texture": "#Voxel-473410"},
				"west": {"uv": [0, 0, 0, 0], "texture": "#Voxel-473410"},
				"up": {"uv": [0, 0, 16, 16], "texture": "#Voxel-473410"},
				"down": {"uv": [0, 0, 16, 16], "texture": "#Voxel-473410"}
			}
		},
		{
			"name": "Voxel-473410",
			"from": [7, 16, 12],
			"to": [10, 17, 15],
			"faces": {
				"north": {"uv": [0, 0, 0, 0], "texture": "#Voxel-473410"},
				"east": {"uv": [0, 0, 16, 16], "texture": "#Voxel-473410"},
				"south": {"uv": [0, 0, 16, 16], "texture": "#Voxel-473410"},
				"west": {"uv": [0, 0, 0, 0], "texture": "#Voxel-473410"},
				"up": {"uv": [0, 0, 16, 16], "texture": "#Voxel-473410"},
				"down": {"uv": [0, 0, 16, 16], "texture": "#Voxel-473410"}
			}
		},
		{
			"name": "Voxel-473410",
			"from": [7, 15, 10],
			"to": [10, 16, 14],
			"faces": {
				"north": {"uv": [0, 0, 0, 0], "texture": "#Voxel-473410"},
				"east": {"uv": [0, 0, 16, 16], "texture": "#Voxel-473410"},
				"south": {"uv": [0, 0, 16, 16], "texture": "#Voxel-473410"},
				"west": {"uv": [0, 0, 0, 0], "texture": "#Voxel-473410"},
				"up": {"uv": [0, 0, 0, 0], "texture": "#Voxel-473410"},
				"down": {"uv": [0, 0, 16, 16], "texture": "#Voxel-473410"}
			}
		},
		{
			"name": "Voxel-473410",
			"from": [9, 17, 13],
			"to": [10, 19, 14],
			"faces": {
				"north": {"uv": [0, 0, 16, 16], "texture": "#Voxel-473410"},
				"east": {"uv": [0, 0, 16, 16], "texture": "#Voxel-473410"},
				"south": {"uv": [0, 0, 16, 16], "texture": "#Voxel-473410"},
				"west": {"uv": [0, 0, 0, 0], "texture": "#Voxel-473410"},
				"up": {"uv": [0, 0, 0, 0], "texture": "#Voxel-473410"},
				"down": {"uv": [0, 0, 0, 0], "texture": "#Voxel-473410"}
			}
		},
		{
			"name": "Voxel-473410",
			"from": [8, 17, 12],
			"to": [9, 19, 13],
			"faces": {
				"north": {"uv": [0, 0, 16, 16], "texture": "#Voxel-473410"},
				"east": {"uv": [0, 0, 16, 16], "texture": "#Voxel-473410"},
				"south": {"uv": [0, 0, 0, 0], "texture": "#Voxel-473410"},
				"west": {"uv": [0, 0, 16, 16], "texture": "#Voxel-473410"},
				"up": {"uv": [0, 0, 0, 0], "texture": "#Voxel-473410"},
				"down": {"uv": [0, 0, 0, 0], "texture": "#Voxel-473410"}
			}
		},
		{
			"name": "Voxel-473410",
			"from": [7, 17, 13],
			"to": [8, 19, 14],
			"faces": {
				"north": {"uv": [0, 0, 16, 16], "texture": "#Voxel-473410"},
				"east": {"uv": [0, 0, 0, 0], "texture": "#Voxel-473410"},
				"south": {"uv": [0, 0, 16, 16], "texture": "#Voxel-473410"},
				"west": {"uv": [0, 0, 16, 16], "texture": "#Voxel-473410"},
				"up": {"uv": [0, 0, 0, 0], "texture": "#Voxel-473410"},
				"down": {"uv": [0, 0, 0, 0], "texture": "#Voxel-473410"}
			}
		},
		{
			"name": "Voxel-473410",
			"from": [8, 17, 14],
			"to": [9, 19, 15],
			"faces": {
				"north": {"uv": [0, 0, 0, 0], "texture": "#Voxel-473410"},
				"east": {"uv": [0, 0, 16, 16], "texture": "#Voxel-473410"},
				"south": {"uv": [0, 0, 0, 0], "texture": "#Voxel-473410"},
				"west": {"uv": [0, 0, 16, 16], "texture": "#Voxel-473410"},
				"up": {"uv": [0, 0, 0, 0], "texture": "#Voxel-473410"},
				"down": {"uv": [0, 0, 0, 0], "texture": "#Voxel-473410"}
			}
		},
		{
			"name": "Voxel-473410",
			"from": [8, 13, 8],
			"to": [9, 15, 13],
			"faces": {
				"north": {"uv": [0, 0, 0, 0], "texture": "#Voxel-473410"},
				"east": {"uv": [0, 0, 16, 16], "texture": "#Voxel-473410"},
				"south": {"uv": [0, 0, 16, 16], "texture": "#Voxel-473410"},
				"west": {"uv": [0, 0, 16, 16], "texture": "#Voxel-473410"},
				"up": {"uv": [0, 0, 0, 0], "texture": "#Voxel-473410"},
				"down": {"uv": [0, 0, 16, 16], "texture": "#Voxel-473410"}
			}
		},
		{
			"name": "Voxel-473410",
			"from": [8, 15, 9],
			"to": [9, 16, 10],
			"faces": {
				"north": {"uv": [0, 0, 16, 16], "texture": "#Voxel-473410"},
				"east": {"uv": [0, 0, 16, 16], "texture": "#Voxel-473410"},
				"south": {"uv": [0, 0, 0, 0], "texture": "#Voxel-473410"},
				"west": {"uv": [0, 0, 16, 16], "texture": "#Voxel-473410"},
				"up": {"uv": [0, 0, 16, 16], "texture": "#Voxel-473410"},
				"down": {"uv": [0, 0, 0, 0], "texture": "#Voxel-473410"}
			}
		},
		{
			"name": "Voxel-473410",
			"from": [8, 16, 10],
			"to": [9, 17, 12],
			"faces": {
				"north": {"uv": [0, 0, 16, 16], "texture": "#Voxel-473410"},
				"east": {"uv": [0, 0, 16, 16], "texture": "#Voxel-473410"},
				"south": {"uv": [0, 0, 0, 0], "texture": "#Voxel-473410"},
				"west": {"uv": [0, 0, 16, 16], "texture": "#Voxel-473410"},
				"up": {"uv": [0, 0, 16, 16], "texture": "#Voxel-473410"},
				"down": {"uv": [0, 0, 0, 0], "texture": "#Voxel-473410"}
			}
		},
		{
			"name": "Voxel-473410",
			"from": [9, 11, 9],
			"to": [10, 15, 11],
			"faces": {
				"north": {"uv": [0, 0, 0, 0], "texture": "#Voxel-473410"},
				"east": {"uv": [0, 0, 16, 16], "texture": "#Voxel-473410"},
				"south": {"uv": [0, 0, 16, 16], "texture": "#Voxel-473410"},
				"west": {"uv": [0, 0, 0, 0], "texture": "#Voxel-473410"},
				"up": {"uv": [0, 0, 0, 0], "texture": "#Voxel-473410"},
				"down": {"uv": [0, 0, 16, 16], "texture": "#Voxel-473410"}
			}
		},
		{
			"name": "Voxel-473410",
			"from": [7, 11, 9],
			"to": [8, 15, 11],
			"faces": {
				"north": {"uv": [0, 0, 0, 0], "texture": "#Voxel-473410"},
				"east": {"uv": [0, 0, 0, 0], "texture": "#Voxel-473410"},
				"south": {"uv": [0, 0, 16, 16], "texture": "#Voxel-473410"},
				"west": {"uv": [0, 0, 16, 16], "texture": "#Voxel-473410"},
				"up": {"uv": [0, 0, 0, 0], "texture": "#Voxel-473410"},
				"down": {"uv": [0, 0, 16, 16], "texture": "#Voxel-473410"}
			}
		},
		{
			"name": "Voxel-473410",
			"from": [8, 7, 9],
			"to": [9, 9, 10],
			"faces": {
				"north": {"uv": [0, 0, 0, 0], "texture": "#Voxel-473410"},
				"east": {"uv": [0, 0, 16, 16], "texture": "#Voxel-473410"},
				"south": {"uv": [0, 0, 16, 16], "texture": "#Voxel-473410"},
				"west": {"uv": [0, 0, 16, 16], "texture": "#Voxel-473410"},
				"up": {"uv": [0, 0, 0, 0], "texture": "#Voxel-473410"},
				"down": {"uv": [0, 0, 16, 16], "texture": "#Voxel-473410"}
			}
		},
		{
			"name": "Voxel-473410",
			"from": [8, 9, 10],
			"to": [9, 11, 11],
			"faces": {
				"north": {"uv": [0, 0, 0, 0], "texture": "#Voxel-473410"},
				"east": {"uv": [0, 0, 16, 16], "texture": "#Voxel-473410"},
				"south": {"uv": [0, 0, 16, 16], "texture": "#Voxel-473410"},
				"west": {"uv": [0, 0, 16, 16], "texture": "#Voxel-473410"},
				"up": {"uv": [0, 0, 0, 0], "texture": "#Voxel-473410"},
				"down": {"uv": [0, 0, 16, 16], "texture": "#Voxel-473410"}
			}
		},
		{
			"name": "Voxel-473410",
			"from": [8, 11, 11],
			"to": [9, 13, 12],
			"faces": {
				"north": {"uv": [0, 0, 0, 0], "texture": "#Voxel-473410"},
				"east": {"uv": [0, 0, 16, 16], "texture": "#Voxel-473410"},
				"south": {"uv": [0, 0, 16, 16], "texture": "#Voxel-473410"},
				"west": {"uv": [0, 0, 16, 16], "texture": "#Voxel-473410"},
				"up": {"uv": [0, 0, 0, 0], "texture": "#Voxel-473410"},
				"down": {"uv": [0, 0, 16, 16], "texture": "#Voxel-473410"}
			}
		},
		{
			"name": "Voxel-473410",
			"from": [8, 1, 7],
			"to": [9, 10, 8],
			"faces": {
				"north": {"uv": [0, 0, 16, 16], "texture": "#Voxel-473410"},
				"east": {"uv": [0, 0, 16, 16], "texture": "#Voxel-473410"},
				"south": {"uv": [0, 0, 0, 0], "texture": "#Voxel-473410"},
				"west": {"uv": [0, 0, 16, 16], "texture": "#Voxel-473410"},
				"up": {"uv": [0, 0, 0, 0], "texture": "#Voxel-473410"},
				"down": {"uv": [0, 0, 0, 0], "texture": "#Voxel-473410"}
			}
		},
		{
			"name": "Voxel-473410",
			"from": [8, 10, 8],
			"to": [9, 12, 9],
			"faces": {
				"north": {"uv": [0, 0, 16, 16], "texture": "#Voxel-473410"},
				"east": {"uv": [0, 0, 16, 16], "texture": "#Voxel-473410"},
				"south": {"uv": [0, 0, 0, 0], "texture": "#Voxel-473410"},
				"west": {"uv": [0, 0, 16, 16], "texture": "#Voxel-473410"},
				"up": {"uv": [0, 0, 0, 0], "texture": "#Voxel-473410"},
				"down": {"uv": [0, 0, 0, 0], "texture": "#Voxel-473410"}
			}
		},
		{
			"name": "Voxel-473410",
			"from": [9, 9, 9],
			"to": [10, 11, 10],
			"faces": {
				"north": {"uv": [0, 0, 16, 16], "texture": "#Voxel-473410"},
				"east": {"uv": [0, 0, 16, 16], "texture": "#Voxel-473410"},
				"south": {"uv": [0, 0, 16, 16], "texture": "#Voxel-473410"},
				"west": {"uv": [0, 0, 0, 0], "texture": "#Voxel-473410"},
				"up": {"uv": [0, 0, 0, 0], "texture": "#Voxel-473410"},
				"down": {"uv": [0, 0, 0, 0], "texture": "#Voxel-473410"}
			}
		},
		{
			"name": "Voxel-473410",
			"from": [7, 9, 9],
			"to": [8, 11, 10],
			"faces": {
				"north": {"uv": [0, 0, 16, 16], "texture": "#Voxel-473410"},
				"east": {"uv": [0, 0, 0, 0], "texture": "#Voxel-473410"},
				"south": {"uv": [0, 0, 16, 16], "texture": "#Voxel-473410"},
				"west": {"uv": [0, 0, 16, 16], "texture": "#Voxel-473410"},
				"up": {"uv": [0, 0, 0, 0], "texture": "#Voxel-473410"},
				"down": {"uv": [0, 0, 0, 0], "texture": "#Voxel-473410"}
			}
		},
		{
			"name": "Voxel-473410",
			"from": [7, 7, 8],
			"to": [8, 10, 9],
			"faces": {
				"north": {"uv": [0, 0, 16, 16], "texture": "#Voxel-473410"},
				"east": {"uv": [0, 0, 0, 0], "texture": "#Voxel-473410"},
				"south": {"uv": [0, 0, 0, 0], "texture": "#Voxel-473410"},
				"west": {"uv": [0, 0, 16, 16], "texture": "#Voxel-473410"},
				"up": {"uv": [0, 0, 16, 16], "texture": "#Voxel-473410"},
				"down": {"uv": [0, 0, 0, 0], "texture": "#Voxel-473410"}
			}
		},
		{
			"name": "Voxel-473410",
			"from": [9, 7, 8],
			"to": [10, 10, 9],
			"faces": {
				"north": {"uv": [0, 0, 16, 16], "texture": "#Voxel-473410"},
				"east": {"uv": [0, 0, 16, 16], "texture": "#Voxel-473410"},
				"south": {"uv": [0, 0, 0, 0], "texture": "#Voxel-473410"},
				"west": {"uv": [0, 0, 0, 0], "texture": "#Voxel-473410"},
				"up": {"uv": [0, 0, 16, 16], "texture": "#Voxel-473410"},
				"down": {"uv": [0, 0, 0, 0], "texture": "#Voxel-473410"}
			}
		},
		{
			"name": "Voxel-473410",
			"from": [9, 3, 7],
			"to": [10, 8, 8],
			"faces": {
				"north": {"uv": [0, 0, 16, 16], "texture": "#Voxel-473410"},
				"east": {"uv": [0, 0, 16, 16], "texture": "#Voxel-473410"},
				"south": {"uv": [0, 0, 0, 0], "texture": "#Voxel-473410"},
				"west": {"uv": [0, 0, 0, 0], "texture": "#Voxel-473410"},
				"up": {"uv": [0, 0, 16, 16], "texture": "#Voxel-473410"},
				"down": {"uv": [0, 0, 0, 0], "texture": "#Voxel-473410"}
			}
		},
		{
			"name": "Voxel-473410",
			"from": [8, 0, 6],
			"to": [9, 8, 7],
			"faces": {
				"north": {"uv": [0, 0, 16, 16], "texture": "#Voxel-473410"},
				"east": {"uv": [0, 0, 16, 16], "texture": "#Voxel-473410"},
				"south": {"uv": [0, 0, 0, 0], "texture": "#Voxel-473410"},
				"west": {"uv": [0, 0, 16, 16], "texture": "#Voxel-473410"},
				"up": {"uv": [0, 0, 16, 16], "texture": "#Voxel-473410"},
				"down": {"uv": [0, 0, 0, 0], "texture": "#Voxel-473410"}
			}
		},
		{
			"name": "Voxel-473410",
			"from": [7, 3, 7],
			"to": [8, 8, 8],
			"faces": {
				"north": {"uv": [0, 0, 16, 16], "texture": "#Voxel-473410"},
				"east": {"uv": [0, 0, 0, 0], "texture": "#Voxel-473410"},
				"south": {"uv": [0, 0, 0, 0], "texture": "#Voxel-473410"},
				"west": {"uv": [0, 0, 16, 16], "texture": "#Voxel-473410"},
				"up": {"uv": [0, 0, 16, 16], "texture": "#Voxel-473410"},
				"down": {"uv": [0, 0, 0, 0], "texture": "#Voxel-473410"}
			}
		},
		{
			"name": "Voxel-473410",
			"from": [7, 4, 8],
			"to": [8, 5, 9],
			"faces": {
				"north": {"uv": [0, 0, 0, 0], "texture": "#Voxel-473410"},
				"east": {"uv": [0, 0, 0, 0], "texture": "#Voxel-473410"},
				"south": {"uv": [0, 0, 16, 16], "texture": "#Voxel-473410"},
				"west": {"uv": [0, 0, 16, 16], "texture": "#Voxel-473410"},
				"up": {"uv": [0, 0, 16, 16], "texture": "#Voxel-473410"},
				"down": {"uv": [0, 0, 16, 16], "texture": "#Voxel-473410"}
			}
		},
		{
			"name": "Voxel-473410",
			"from": [8, 4, 9],
			"to": [9, 5, 10],
			"faces": {
				"north": {"uv": [0, 0, 0, 0], "texture": "#Voxel-473410"},
				"east": {"uv": [0, 0, 16, 16], "texture": "#Voxel-473410"},
				"south": {"uv": [0, 0, 16, 16], "texture": "#Voxel-473410"},
				"west": {"uv": [0, 0, 16, 16], "texture": "#Voxel-473410"},
				"up": {"uv": [0, 0, 16, 16], "texture": "#Voxel-473410"},
				"down": {"uv": [0, 0, 16, 16], "texture": "#Voxel-473410"}
			}
		},
		{
			"name": "Voxel-473410",
			"from": [9, 4, 8],
			"to": [10, 5, 9],
			"faces": {
				"north": {"uv": [0, 0, 0, 0], "texture": "#Voxel-473410"},
				"east": {"uv": [0, 0, 16, 16], "texture": "#Voxel-473410"},
				"south": {"uv": [0, 0, 16, 16], "texture": "#Voxel-473410"},
				"west": {"uv": [0, 0, 0, 0], "texture": "#Voxel-473410"},
				"up": {"uv": [0, 0, 16, 16], "texture": "#Voxel-473410"},
				"down": {"uv": [0, 0, 16, 16], "texture": "#Voxel-473410"}
			}
		},
		{
			"name": "Voxel-473410",
			"from": [8, 3, 8],
			"to": [9, 7, 9],
			"faces": {
				"north": {"uv": [0, 0, 0, 0], "texture": "#Voxel-473410"},
				"east": {"uv": [0, 0, 16, 16], "texture": "#Voxel-473410"},
				"south": {"uv": [0, 0, 16, 16], "texture": "#Voxel-473410"},
				"west": {"uv": [0, 0, 16, 16], "texture": "#Voxel-473410"},
				"up": {"uv": [0, 0, 0, 0], "texture": "#Voxel-473410"},
				"down": {"uv": [0, 0, 16, 16], "texture": "#Voxel-473410"}
			}
		},
		{
			"name": "Voxel-473410",
			"from": [9, 1, 6],
			"to": [10, 4, 7],
			"faces": {
				"north": {"uv": [0, 0, 16, 16], "texture": "#Voxel-473410"},
				"east": {"uv": [0, 0, 16, 16], "texture": "#Voxel-473410"},
				"south": {"uv": [0, 0, 0, 0], "texture": "#Voxel-473410"},
				"west": {"uv": [0, 0, 0, 0], "texture": "#Voxel-473410"},
				"up": {"uv": [0, 0, 16, 16], "texture": "#Voxel-473410"},
				"down": {"uv": [0, 0, 0, 0], "texture": "#Voxel-473410"}
			}
		},
		{
			"name": "Voxel-473410",
			"from": [8, 1, 5],
			"to": [9, 4, 6],
			"faces": {
				"north": {"uv": [0, 0, 16, 16], "texture": "#Voxel-473410"},
				"east": {"uv": [0, 0, 16, 16], "texture": "#Voxel-473410"},
				"south": {"uv": [0, 0, 0, 0], "texture": "#Voxel-473410"},
				"west": {"uv": [0, 0, 16, 16], "texture": "#Voxel-473410"},
				"up": {"uv": [0, 0, 16, 16], "texture": "#Voxel-473410"},
				"down": {"uv": [0, 0, 0, 0], "texture": "#Voxel-473410"}
			}
		},
		{
			"name": "Voxel-473410",
			"from": [7, 1, 6],
			"to": [8, 4, 7],
			"faces": {
				"north": {"uv": [0, 0, 16, 16], "texture": "#Voxel-473410"},
				"east": {"uv": [0, 0, 0, 0], "texture": "#Voxel-473410"},
				"south": {"uv": [0, 0, 0, 0], "texture": "#Voxel-473410"},
				"west": {"uv": [0, 0, 16, 16], "texture": "#Voxel-473410"},
				"up": {"uv": [0, 0, 16, 16], "texture": "#Voxel-473410"},
				"down": {"uv": [0, 0, 0, 0], "texture": "#Voxel-473410"}
			}
		},
		{
			"name": "Voxel-473410",
			"from": [7, 0, 5],
			"to": [8, 2, 6],
			"faces": {
				"north": {"uv": [0, 0, 16, 16], "texture": "#Voxel-473410"},
				"east": {"uv": [0, 0, 0, 0], "texture": "#Voxel-473410"},
				"south": {"uv": [0, 0, 0, 0], "texture": "#Voxel-473410"},
				"west": {"uv": [0, 0, 16, 16], "texture": "#Voxel-473410"},
				"up": {"uv": [0, 0, 16, 16], "texture": "#Voxel-473410"},
				"down": {"uv": [0, 0, 0, 0], "texture": "#Voxel-473410"}
			}
		},
		{
			"name": "Voxel-473410",
			"from": [9, 0, 5],
			"to": [10, 2, 6],
			"faces": {
				"north": {"uv": [0, 0, 16, 16], "texture": "#Voxel-473410"},
				"east": {"uv": [0, 0, 16, 16], "texture": "#Voxel-473410"},
				"south": {"uv": [0, 0, 0, 0], "texture": "#Voxel-473410"},
				"west": {"uv": [0, 0, 0, 0], "texture": "#Voxel-473410"},
				"up": {"uv": [0, 0, 16, 16], "texture": "#Voxel-473410"},
				"down": {"uv": [0, 0, 0, 0], "texture": "#Voxel-473410"}
			}
		},
		{
			"name": "Voxel-473410",
			"from": [9, 0, 3],
			"to": [10, 1, 5],
			"faces": {
				"north": {"uv": [0, 0, 16, 16], "texture": "#Voxel-473410"},
				"east": {"uv": [0, 0, 16, 16], "texture": "#Voxel-473410"},
				"south": {"uv": [0, 0, 0, 0], "texture": "#Voxel-473410"},
				"west": {"uv": [0, 0, 0, 0], "texture": "#Voxel-473410"},
				"up": {"uv": [0, 0, 16, 16], "texture": "#Voxel-473410"},
				"down": {"uv": [0, 0, 0, 0], "texture": "#Voxel-473410"}
			}
		},
		{
			"name": "Voxel-473410",
			"from": [8, 1, 3],
			"to": [9, 2, 5],
			"faces": {
				"north": {"uv": [0, 0, 16, 16], "texture": "#Voxel-473410"},
				"east": {"uv": [0, 0, 16, 16], "texture": "#Voxel-473410"},
				"south": {"uv": [0, 0, 0, 0], "texture": "#Voxel-473410"},
				"west": {"uv": [0, 0, 16, 16], "texture": "#Voxel-473410"},
				"up": {"uv": [0, 0, 16, 16], "texture": "#Voxel-473410"},
				"down": {"uv": [0, 0, 0, 0], "texture": "#Voxel-473410"}
			}
		},
		{
			"name": "Voxel-473410",
			"from": [7, 0, 3],
			"to": [8, 1, 5],
			"faces": {
				"north": {"uv": [0, 0, 16, 16], "texture": "#Voxel-473410"},
				"east": {"uv": [0, 0, 0, 0], "texture": "#Voxel-473410"},
				"south": {"uv": [0, 0, 0, 0], "texture": "#Voxel-473410"},
				"west": {"uv": [0, 0, 16, 16], "texture": "#Voxel-473410"},
				"up": {"uv": [0, 0, 16, 16], "texture": "#Voxel-473410"},
				"down": {"uv": [0, 0, 0, 0], "texture": "#Voxel-473410"}
			}
		},
		{
			"name": "Voxel-473410",
			"from": [8, 0, 2],
			"to": [9, 1, 7],
			"faces": {
				"north": {"uv": [0, 0, 16, 16], "texture": "#Voxel-473410"},
				"east": {"uv": [0, 0, 16, 16], "texture": "#Voxel-473410"},
				"south": {"uv": [0, 0, 0, 0], "texture": "#Voxel-473410"},
				"west": {"uv": [0, 0, 16, 16], "texture": "#Voxel-473410"},
				"up": {"uv": [0, 0, 16, 16], "texture": "#Voxel-473410"},
				"down": {"uv": [0, 0, 0, 0], "texture": "#Voxel-473410"}
			}
		},
		{
			"name": "Voxel-473410",
			"from": [8, -3, 2],
			"to": [9, 0, 5],
			"faces": {
				"north": {"uv": [0, 0, 0, 0], "texture": "#Voxel-473410"},
				"east": {"uv": [0, 0, 16, 16], "texture": "#Voxel-473410"},
				"south": {"uv": [0, 0, 16, 16], "texture": "#Voxel-473410"},
				"west": {"uv": [0, 0, 16, 16], "texture": "#Voxel-473410"},
				"up": {"uv": [0, 0, 0, 0], "texture": "#Voxel-473410"},
				"down": {"uv": [0, 0, 16, 16], "texture": "#Voxel-473410"}
			}
		},
		{
			"name": "Voxel-473410",
			"from": [8, -1, 5],
			"to": [9, 0, 6],
			"faces": {
				"north": {"uv": [0, 0, 0, 0], "texture": "#Voxel-473410"},
				"east": {"uv": [0, 0, 16, 16], "texture": "#Voxel-473410"},
				"south": {"uv": [0, 0, 16, 16], "texture": "#Voxel-473410"},
				"west": {"uv": [0, 0, 16, 16], "texture": "#Voxel-473410"},
				"up": {"uv": [0, 0, 0, 0], "texture": "#Voxel-473410"},
				"down": {"uv": [0, 0, 16, 16], "texture": "#Voxel-473410"}
			}
		},
		{
			"name": "Voxel-473410",
			"from": [7, -3, 3],
			"to": [8, 0, 4],
			"faces": {
				"north": {"uv": [0, 0, 0, 0], "texture": "#Voxel-473410"},
				"east": {"uv": [0, 0, 0, 0], "texture": "#Voxel-473410"},
				"south": {"uv": [0, 0, 16, 16], "texture": "#Voxel-473410"},
				"west": {"uv": [0, 0, 16, 16], "texture": "#Voxel-473410"},
				"up": {"uv": [0, 0, 0, 0], "texture": "#Voxel-473410"},
				"down": {"uv": [0, 0, 16, 16], "texture": "#Voxel-473410"}
			}
		},
		{
			"name": "Voxel-473410",
			"from": [9, -3, 3],
			"to": [10, 0, 4],
			"faces": {
				"north": {"uv": [0, 0, 0, 0], "texture": "#Voxel-473410"},
				"east": {"uv": [0, 0, 16, 16], "texture": "#Voxel-473410"},
				"south": {"uv": [0, 0, 16, 16], "texture": "#Voxel-473410"},
				"west": {"uv": [0, 0, 0, 0], "texture": "#Voxel-473410"},
				"up": {"uv": [0, 0, 0, 0], "texture": "#Voxel-473410"},
				"down": {"uv": [0, 0, 16, 16], "texture": "#Voxel-473410"}
			}
		},
		{
			"name": "Voxel-473410",
			"from": [8, -5, 0],
			"to": [9, -2, 3],
			"faces": {
				"north": {"uv": [0, 0, 0, 0], "texture": "#Voxel-473410"},
				"east": {"uv": [0, 0, 16, 16], "texture": "#Voxel-473410"},
				"south": {"uv": [0, 0, 16, 16], "texture": "#Voxel-473410"},
				"west": {"uv": [0, 0, 16, 16], "texture": "#Voxel-473410"},
				"up": {"uv": [0, 0, 0, 0], "texture": "#Voxel-473410"},
				"down": {"uv": [0, 0, 16, 16], "texture": "#Voxel-473410"}
			}
		},
		{
			"name": "Voxel-473410",
			"from": [7, -5, 1],
			"to": [8, -2, 2],
			"faces": {
				"north": {"uv": [0, 0, 16, 16], "texture": "#Voxel-473410"},
				"east": {"uv": [0, 0, 0, 0], "texture": "#Voxel-473410"},
				"south": {"uv": [0, 0, 16, 16], "texture": "#Voxel-473410"},
				"west": {"uv": [0, 0, 16, 16], "texture": "#Voxel-473410"},
				"up": {"uv": [0, 0, 0, 0], "texture": "#Voxel-473410"},
				"down": {"uv": [0, 0, 16, 16], "texture": "#Voxel-473410"}
			}
		},
		{
			"name": "Voxel-473410",
			"from": [9, -5, 1],
			"to": [10, -2, 2],
			"faces": {
				"north": {"uv": [0, 0, 16, 16], "texture": "#Voxel-473410"},
				"east": {"uv": [0, 0, 16, 16], "texture": "#Voxel-473410"},
				"south": {"uv": [0, 0, 16, 16], "texture": "#Voxel-473410"},
				"west": {"uv": [0, 0, 0, 0], "texture": "#Voxel-473410"},
				"up": {"uv": [0, 0, 0, 0], "texture": "#Voxel-473410"},
				"down": {"uv": [0, 0, 16, 16], "texture": "#Voxel-473410"}
			}
		},
		{
			"name": "Voxel-473410",
			"from": [8, -5, 0],
			"to": [9, -2, 1],
			"faces": {
				"north": {"uv": [0, 0, 16, 16], "texture": "#Voxel-473410"},
				"east": {"uv": [0, 0, 16, 16], "texture": "#Voxel-473410"},
				"south": {"uv": [0, 0, 0, 0], "texture": "#Voxel-473410"},
				"west": {"uv": [0, 0, 16, 16], "texture": "#Voxel-473410"},
				"up": {"uv": [0, 0, 0, 0], "texture": "#Voxel-473410"},
				"down": {"uv": [0, 0, 16, 16], "texture": "#Voxel-473410"}
			}
		},
		{
			"name": "Voxel-473410",
			"from": [8, -6, 1],
			"to": [9, -1, 2],
			"faces": {
				"north": {"uv": [0, 0, 16, 16], "texture": "#Voxel-473410"},
				"east": {"uv": [0, 0, 16, 16], "texture": "#Voxel-473410"},
				"south": {"uv": [0, 0, 16, 16], "texture": "#Voxel-473410"},
				"west": {"uv": [0, 0, 16, 16], "texture": "#Voxel-473410"},
				"up": {"uv": [0, 0, 0, 0], "texture": "#Voxel-473410"},
				"down": {"uv": [0, 0, 16, 16], "texture": "#Voxel-473410"}
			}
		},
		{
			"name": "Voxel-473410",
			"from": [8, -4, 3],
			"to": [9, -2, 4],
			"faces": {
				"north": {"uv": [0, 0, 0, 0], "texture": "#Voxel-473410"},
				"east": {"uv": [0, 0, 16, 16], "texture": "#Voxel-473410"},
				"south": {"uv": [0, 0, 16, 16], "texture": "#Voxel-473410"},
				"west": {"uv": [0, 0, 16, 16], "texture": "#Voxel-473410"},
				"up": {"uv": [0, 0, 0, 0], "texture": "#Voxel-473410"},
				"down": {"uv": [0, 0, 16, 16], "texture": "#Voxel-473410"}
			}
		},
		{
			"name": "Voxel-473410",
			"from": [7, -4, 2],
			"to": [8, -2, 3],
			"faces": {
				"north": {"uv": [0, 0, 0, 0], "texture": "#Voxel-473410"},
				"east": {"uv": [0, 0, 0, 0], "texture": "#Voxel-473410"},
				"south": {"uv": [0, 0, 16, 16], "texture": "#Voxel-473410"},
				"west": {"uv": [0, 0, 16, 16], "texture": "#Voxel-473410"},
				"up": {"uv": [0, 0, 0, 0], "texture": "#Voxel-473410"},
				"down": {"uv": [0, 0, 16, 16], "texture": "#Voxel-473410"}
			}
		},
		{
			"name": "Voxel-473410",
			"from": [9, -4, 2],
			"to": [10, -2, 3],
			"faces": {
				"north": {"uv": [0, 0, 0, 0], "texture": "#Voxel-473410"},
				"east": {"uv": [0, 0, 16, 16], "texture": "#Voxel-473410"},
				"south": {"uv": [0, 0, 16, 16], "texture": "#Voxel-473410"},
				"west": {"uv": [0, 0, 0, 0], "texture": "#Voxel-473410"},
				"up": {"uv": [0, 0, 0, 0], "texture": "#Voxel-473410"},
				"down": {"uv": [0, 0, 16, 16], "texture": "#Voxel-473410"}
			}
		}
	],
	"display": {
		"thirdperson_righthand": {
			"rotation": [0, 90, 0]
		},
		"thirdperson_lefthand": {
			"rotation": [0, 90, 0]
		},
		"firstperson_righthand": {
			"rotation": [-15, 60, -15],
			"translation": [7, 0, -10]
		},
		"firstperson_lefthand": {
			"rotation": [0, 59.5, -20],
			"translation": [5, 0, -10]
		},
		"ground": {
			"rotation": [0, 0, 90]
		},
		"gui": {
			"rotation": [0, 90, 0],
			"translation": [0, -0.75, 0],
			"scale": [0.5, 0.5, 0.5]
		}
	},
	"groups": [
		{
			"name": "execute",
			"origin": [8, 8, 8],
			"color": 0,
			"nbt": "{}",
			"armAnimationEnabled": false,
			"children": [0, 1, 2, 3, 4, 5, 6, 7, 8, 9, 10, 11, 12, 13, 14, 15, 16, 17, 18, 19, 20, 21, 22, 23, 24, 25, 26, 27, 28, 29, 30, 31, 32, 33, 34, 35, 36, 37, 38, 39, 40, 41, 42, 43, 44, 45, 46, 47, 48, 49, 50, 51, 52, 53, 54, 55, 56, 57, 58, 59, 60, 61, 62, 63, 64, 65, 66]
		}
	]
}