{
	"credit": "Made with Blockbench",
	"textures": {
		"Voxel-FF7500": "item/voxel-ff7500",
		"Voxel-FFAC00": "item/voxel-ffac00",
		"Voxel-442200": "item/voxel-442200",
		"particle": "item/particle"
	},
	"elements": [
		{
			"name": "Voxel-442200",
			"from": [7, 0, 7],
			"to": [10, 1, 10],
			"faces": {
				"north": {"uv": [0, 0, 16, 16], "texture": "#Voxel-442200"},
				"east": {"uv": [0, 0, 16, 16], "texture": "#Voxel-442200"},
				"south": {"uv": [0, 0, 16, 16], "texture": "#Voxel-442200"},
				"west": {"uv": [0, 0, 16, 16], "texture": "#Voxel-442200"},
				"up": {"uv": [0, 0, 16, 16], "texture": "#Voxel-442200"},
				"down": {"uv": [0, 0, 16, 16], "texture": "#Voxel-442200"}
			}
		},
		{
			"name": "Voxel-442201",
			"from": [7, 10, 7],
			"to": [10, 11, 10],
			"faces": {
				"north": {"uv": [0, 0, 16, 16], "texture": "#Voxel-442200"},
				"east": {"uv": [0, 0, 16, 16], "texture": "#Voxel-442200"},
				"south": {"uv": [0, 0, 16, 16], "texture": "#Voxel-442200"},
				"west": {"uv": [0, 0, 16, 16], "texture": "#Voxel-442200"},
				"up": {"uv": [0, 0, 16, 16], "texture": "#Voxel-442200"},
				"down": {"uv": [0, 0, 16, 16], "texture": "#Voxel-442200"}
			}
		},
		{
			"name": "Voxel-442200",
			"from": [6, 0, 8],
			"to": [7, 1, 9],
			"faces": {
				"north": {"uv": [0, 0, 16, 16], "texture": "#Voxel-442200"},
				"east": {"uv": [0, 0, 16, 16], "texture": "#Voxel-442200"},
				"south": {"uv": [0, 0, 16, 16], "texture": "#Voxel-442200"},
				"west": {"uv": [0, 0, 16, 16], "texture": "#Voxel-442200"},
				"up": {"uv": [0, 0, 16, 16], "texture": "#Voxel-442200"},
				"down": {"uv": [0, 0, 16, 16], "texture": "#Voxel-442200"}
			}
		},
		{
			"name": "Voxel-442200",
			"from": [8, 0, 6],
			"to": [9, 1, 7],
			"faces": {
				"north": {"uv": [0, 0, 16, 16], "texture": "#Voxel-442200"},
				"east": {"uv": [0, 0, 16, 16], "texture": "#Voxel-442200"},
				"south": {"uv": [0, 0, 16, 16], "texture": "#Voxel-442200"},
				"west": {"uv": [0, 0, 16, 16], "texture": "#Voxel-442200"},
				"up": {"uv": [0, 0, 16, 16], "texture": "#Voxel-442200"},
				"down": {"uv": [0, 0, 16, 16], "texture": "#Voxel-442200"}
			}
		},
		{
			"name": "Voxel-442200",
			"from": [10, 0, 8],
			"to": [11, 1, 9],
			"faces": {
				"north": {"uv": [0, 0, 16, 16], "texture": "#Voxel-442200"},
				"east": {"uv": [0, 0, 16, 16], "texture": "#Voxel-442200"},
				"south": {"uv": [0, 0, 16, 16], "texture": "#Voxel-442200"},
				"west": {"uv": [0, 0, 16, 16], "texture": "#Voxel-442200"},
				"up": {"uv": [0, 0, 16, 16], "texture": "#Voxel-442200"},
				"down": {"uv": [0, 0, 16, 16], "texture": "#Voxel-442200"}
			}
		},
		{
			"name": "Voxel-442200",
			"from": [8, 0, 10],
			"to": [9, 1, 11],
			"faces": {
				"north": {"uv": [0, 0, 16, 16], "texture": "#Voxel-442200"},
				"east": {"uv": [0, 0, 16, 16], "texture": "#Voxel-442200"},
				"south": {"uv": [0, 0, 16, 16], "texture": "#Voxel-442200"},
				"west": {"uv": [0, 0, 16, 16], "texture": "#Voxel-442200"},
				"up": {"uv": [0, 0, 16, 16], "texture": "#Voxel-442200"},
				"down": {"uv": [0, 0, 16, 16], "texture": "#Voxel-442200"}
			}
		},
		{
			"name": "Voxel-442201",
			"from": [10, 10, 8],
			"to": [11, 11, 9],
			"faces": {
				"north": {"uv": [0, 0, 16, 16], "texture": "#Voxel-442200"},
				"east": {"uv": [0, 0, 16, 16], "texture": "#Voxel-442200"},
				"south": {"uv": [0, 0, 16, 16], "texture": "#Voxel-442200"},
				"west": {"uv": [0, 0, 16, 16], "texture": "#Voxel-442200"},
				"up": {"uv": [0, 0, 16, 16], "texture": "#Voxel-442200"},
				"down": {"uv": [0, 0, 16, 16], "texture": "#Voxel-442200"}
			}
		},
		{
			"name": "Voxel-442201",
			"from": [8, 10, 10],
			"to": [9, 11, 11],
			"faces": {
				"north": {"uv": [0, 0, 16, 16], "texture": "#Voxel-442200"},
				"east": {"uv": [0, 0, 16, 16], "texture": "#Voxel-442200"},
				"south": {"uv": [0, 0, 16, 16], "texture": "#Voxel-442200"},
				"west": {"uv": [0, 0, 16, 16], "texture": "#Voxel-442200"},
				"up": {"uv": [0, 0, 16, 16], "texture": "#Voxel-442200"},
				"down": {"uv": [0, 0, 16, 16], "texture": "#Voxel-442200"}
			}
		},
		{
			"name": "Voxel-442201",
			"from": [6, 10, 8],
			"to": [7, 11, 9],
			"faces": {
				"north": {"uv": [0, 0, 16, 16], "texture": "#Voxel-442200"},
				"east": {"uv": [0, 0, 16, 16], "texture": "#Voxel-442200"},
				"south": {"uv": [0, 0, 16, 16], "texture": "#Voxel-442200"},
				"west": {"uv": [0, 0, 16, 16], "texture": "#Voxel-442200"},
				"up": {"uv": [0, 0, 16, 16], "texture": "#Voxel-442200"},
				"down": {"uv": [0, 0, 16, 16], "texture": "#Voxel-442200"}
			}
		},
		{
			"name": "Voxel-442201",
			"from": [8, 10, 6],
			"to": [9, 11, 7],
			"faces": {
				"north": {"uv": [0, 0, 16, 16], "texture": "#Voxel-442200"},
				"east": {"uv": [0, 0, 16, 16], "texture": "#Voxel-442200"},
				"south": {"uv": [0, 0, 16, 16], "texture": "#Voxel-442200"},
				"west": {"uv": [0, 0, 16, 16], "texture": "#Voxel-442200"},
				"up": {"uv": [0, 0, 16, 16], "texture": "#Voxel-442200"},
				"down": {"uv": [0, 0, 16, 16], "texture": "#Voxel-442200"}
			}
		},
		{
			"name": "Voxel-442200",
			"from": [8, 1, 7],
			"to": [9, 10, 10],
			"faces": {
				"north": {"uv": [0, 0, 16, 16], "texture": "#Voxel-442200"},
				"east": {"uv": [0, 0, 16, 16], "texture": "#Voxel-442200"},
				"south": {"uv": [0, 0, 16, 16], "texture": "#Voxel-442200"},
				"west": {"uv": [0, 0, 16, 16], "texture": "#Voxel-442200"},
				"up": {"uv": [0, 0, 16, 16], "texture": "#Voxel-442200"},
				"down": {"uv": [0, 0, 16, 16], "texture": "#Voxel-442200"}
			}
		},
		{
			"name": "Voxel-442200",
			"from": [7, 1, 8],
			"to": [10, 10, 9],
			"faces": {
				"north": {"uv": [0, 0, 16, 16], "texture": "#Voxel-442200"},
				"east": {"uv": [0, 0, 16, 16], "texture": "#Voxel-442200"},
				"south": {"uv": [0, 0, 16, 16], "texture": "#Voxel-442200"},
				"west": {"uv": [0, 0, 16, 16], "texture": "#Voxel-442200"},
				"up": {"uv": [0, 0, 16, 16], "texture": "#Voxel-442200"},
				"down": {"uv": [0, 0, 16, 16], "texture": "#Voxel-442200"}
			}
		},
		{
			"name": "Voxel-442200",
			"from": [10, 11, 6],
			"to": [11, 13, 7],
			"faces": {
				"north": {"uv": [0, 0, 16, 16], "texture": "#Voxel-442200"},
				"east": {"uv": [0, 0, 16, 16], "texture": "#Voxel-442200"},
				"south": {"uv": [0, 0, 16, 16], "texture": "#Voxel-442200"},
				"west": {"uv": [0, 0, 16, 16], "texture": "#Voxel-442200"},
				"up": {"uv": [0, 0, 16, 16], "texture": "#Voxel-442200"},
				"down": {"uv": [0, 0, 16, 16], "texture": "#Voxel-442200"}
			}
		},
		{
			"name": "Voxel-442200",
			"from": [10, 11, 10],
			"to": [11, 13, 11],
			"faces": {
				"north": {"uv": [0, 0, 16, 16], "texture": "#Voxel-442200"},
				"east": {"uv": [0, 0, 16, 16], "texture": "#Voxel-442200"},
				"south": {"uv": [0, 0, 16, 16], "texture": "#Voxel-442200"},
				"west": {"uv": [0, 0, 16, 16], "texture": "#Voxel-442200"},
				"up": {"uv": [0, 0, 16, 16], "texture": "#Voxel-442200"},
				"down": {"uv": [0, 0, 16, 16], "texture": "#Voxel-442200"}
			}
		},
		{
			"name": "Voxel-442200",
			"from": [6, 11, 10],
			"to": [7, 13, 11],
			"faces": {
				"north": {"uv": [0, 0, 16, 16], "texture": "#Voxel-442200"},
				"east": {"uv": [0, 0, 16, 16], "texture": "#Voxel-442200"},
				"south": {"uv": [0, 0, 16, 16], "texture": "#Voxel-442200"},
				"west": {"uv": [0, 0, 16, 16], "texture": "#Voxel-442200"},
				"up": {"uv": [0, 0, 16, 16], "texture": "#Voxel-442200"},
				"down": {"uv": [0, 0, 16, 16], "texture": "#Voxel-442200"}
			}
		},
		{
			"name": "Voxel-442200",
			"from": [6, 11, 6],
			"to": [7, 13, 7],
			"faces": {
				"north": {"uv": [0, 0, 16, 16], "texture": "#Voxel-442200"},
				"east": {"uv": [0, 0, 16, 16], "texture": "#Voxel-442200"},
				"south": {"uv": [0, 0, 16, 16], "texture": "#Voxel-442200"},
				"west": {"uv": [0, 0, 16, 16], "texture": "#Voxel-442200"},
				"up": {"uv": [0, 0, 16, 16], "texture": "#Voxel-442200"},
				"down": {"uv": [0, 0, 16, 16], "texture": "#Voxel-442200"}
			}
		},
		{
			"name": "Voxel-442200",
			"from": [5, 11, 7],
			"to": [6, 13, 10],
			"faces": {
				"north": {"uv": [0, 0, 16, 16], "texture": "#Voxel-442200"},
				"east": {"uv": [0, 0, 16, 16], "texture": "#Voxel-442200"},
				"south": {"uv": [0, 0, 16, 16], "texture": "#Voxel-442200"},
				"west": {"uv": [0, 0, 16, 16], "texture": "#Voxel-442200"},
				"up": {"uv": [0, 0, 16, 16], "texture": "#Voxel-442200"},
				"down": {"uv": [0, 0, 16, 16], "texture": "#Voxel-442200"}
			}
		},
		{
			"name": "Voxel-442200",
			"from": [7, 11, 5],
			"to": [10, 13, 6],
			"faces": {
				"north": {"uv": [0, 0, 16, 16], "texture": "#Voxel-442200"},
				"east": {"uv": [0, 0, 16, 16], "texture": "#Voxel-442200"},
				"south": {"uv": [0, 0, 16, 16], "texture": "#Voxel-442200"},
				"west": {"uv": [0, 0, 16, 16], "texture": "#Voxel-442200"},
				"up": {"uv": [0, 0, 16, 16], "texture": "#Voxel-442200"},
				"down": {"uv": [0, 0, 16, 16], "texture": "#Voxel-442200"}
			}
		},
		{
			"name": "Voxel-442200",
			"from": [11, 11, 7],
			"to": [12, 13, 10],
			"faces": {
				"north": {"uv": [0, 0, 16, 16], "texture": "#Voxel-442200"},
				"east": {"uv": [0, 0, 16, 16], "texture": "#Voxel-442200"},
				"south": {"uv": [0, 0, 16, 16], "texture": "#Voxel-442200"},
				"west": {"uv": [0, 0, 16, 16], "texture": "#Voxel-442200"},
				"up": {"uv": [0, 0, 16, 16], "texture": "#Voxel-442200"},
				"down": {"uv": [0, 0, 16, 16], "texture": "#Voxel-442200"}
			}
		},
		{
			"name": "Voxel-442200",
			"from": [7, 11, 11],
			"to": [10, 13, 12],
			"faces": {
				"north": {"uv": [0, 0, 16, 16], "texture": "#Voxel-442200"},
				"east": {"uv": [0, 0, 16, 16], "texture": "#Voxel-442200"},
				"south": {"uv": [0, 0, 16, 16], "texture": "#Voxel-442200"},
				"west": {"uv": [0, 0, 16, 16], "texture": "#Voxel-442200"},
				"up": {"uv": [0, 0, 16, 16], "texture": "#Voxel-442200"},
				"down": {"uv": [0, 0, 16, 16], "texture": "#Voxel-442200"}
			}
		},
		{
			"name": "Voxel-442200",
			"from": [7, 12, 4],
			"to": [10, 13, 5],
			"faces": {
				"north": {"uv": [0, 0, 16, 16], "texture": "#Voxel-442200"},
				"east": {"uv": [0, 0, 16, 16], "texture": "#Voxel-442200"},
				"south": {"uv": [0, 0, 16, 16], "texture": "#Voxel-442200"},
				"west": {"uv": [0, 0, 16, 16], "texture": "#Voxel-442200"},
				"up": {"uv": [0, 0, 16, 16], "texture": "#Voxel-442200"},
				"down": {"uv": [0, 0, 16, 16], "texture": "#Voxel-442200"}
			}
		},
		{
			"name": "Voxel-442200",
			"from": [7, 12, 12],
			"to": [10, 13, 13],
			"faces": {
				"north": {"uv": [0, 0, 16, 16], "texture": "#Voxel-442200"},
				"east": {"uv": [0, 0, 16, 16], "texture": "#Voxel-442200"},
				"south": {"uv": [0, 0, 16, 16], "texture": "#Voxel-442200"},
				"west": {"uv": [0, 0, 16, 16], "texture": "#Voxel-442200"},
				"up": {"uv": [0, 0, 16, 16], "texture": "#Voxel-442200"},
				"down": {"uv": [0, 0, 16, 16], "texture": "#Voxel-442200"}
			}
		},
		{
			"name": "Voxel-442200",
			"from": [7, 13, 13],
			"to": [10, 17, 14],
			"faces": {
				"north": {"uv": [0, 0, 16, 16], "texture": "#Voxel-442200"},
				"east": {"uv": [0, 0, 16, 16], "texture": "#Voxel-442200"},
				"south": {"uv": [0, 0, 16, 16], "texture": "#Voxel-442200"},
				"west": {"uv": [0, 0, 16, 16], "texture": "#Voxel-442200"},
				"up": {"uv": [0, 0, 16, 16], "texture": "#Voxel-442200"},
				"down": {"uv": [0, 0, 16, 16], "texture": "#Voxel-442200"}
			}
		},
		{
			"name": "Voxel-442200",
			"from": [7, 13, 3],
			"to": [10, 17, 4],
			"faces": {
				"north": {"uv": [0, 0, 16, 16], "texture": "#Voxel-442200"},
				"east": {"uv": [0, 0, 16, 16], "texture": "#Voxel-442200"},
				"south": {"uv": [0, 0, 16, 16], "texture": "#Voxel-442200"},
				"west": {"uv": [0, 0, 16, 16], "texture": "#Voxel-442200"},
				"up": {"uv": [0, 0, 16, 16], "texture": "#Voxel-442200"},
				"down": {"uv": [0, 0, 16, 16], "texture": "#Voxel-442200"}
			}
		},
		{
			"name": "Voxel-442200",
			"from": [8, 17, 3],
			"to": [9, 18, 4],
			"faces": {
				"north": {"uv": [0, 0, 16, 16], "texture": "#Voxel-442200"},
				"east": {"uv": [0, 0, 16, 16], "texture": "#Voxel-442200"},
				"south": {"uv": [0, 0, 16, 16], "texture": "#Voxel-442200"},
				"west": {"uv": [0, 0, 16, 16], "texture": "#Voxel-442200"},
				"up": {"uv": [0, 0, 16, 16], "texture": "#Voxel-442200"},
				"down": {"uv": [0, 0, 16, 16], "texture": "#Voxel-442200"}
			}
		},
		{
			"name": "Voxel-442200",
			"from": [8, 17, 13],
			"to": [9, 18, 14],
			"faces": {
				"north": {"uv": [0, 0, 16, 16], "texture": "#Voxel-442200"},
				"east": {"uv": [0, 0, 16, 16], "texture": "#Voxel-442200"},
				"south": {"uv": [0, 0, 16, 16], "texture": "#Voxel-442200"},
				"west": {"uv": [0, 0, 16, 16], "texture": "#Voxel-442200"},
				"up": {"uv": [0, 0, 16, 16], "texture": "#Voxel-442200"},
				"down": {"uv": [0, 0, 16, 16], "texture": "#Voxel-442200"}
			}
		},
		{
			"name": "Voxel-442200",
			"from": [8, 13, 12],
			"to": [9, 14, 13],
			"faces": {
				"north": {"uv": [0, 0, 16, 16], "texture": "#Voxel-442200"},
				"east": {"uv": [0, 0, 16, 16], "texture": "#Voxel-442200"},
				"south": {"uv": [0, 0, 16, 16], "texture": "#Voxel-442200"},
				"west": {"uv": [0, 0, 16, 16], "texture": "#Voxel-442200"},
				"up": {"uv": [0, 0, 16, 16], "texture": "#Voxel-442200"},
				"down": {"uv": [0, 0, 16, 16], "texture": "#Voxel-442200"}
			}
		},
		{
			"name": "Voxel-442200",
			"from": [8, 13, 4],
			"to": [9, 14, 5],
			"faces": {
				"north": {"uv": [0, 0, 16, 16], "texture": "#Voxel-442200"},
				"east": {"uv": [0, 0, 16, 16], "texture": "#Voxel-442200"},
				"south": {"uv": [0, 0, 16, 16], "texture": "#Voxel-442200"},
				"west": {"uv": [0, 0, 16, 16], "texture": "#Voxel-442200"},
				"up": {"uv": [0, 0, 16, 16], "texture": "#Voxel-442200"},
				"down": {"uv": [0, 0, 16, 16], "texture": "#Voxel-442200"}
			}
		},
		{
			"name": "Voxel-FF7500",
			"from": [9, 13, 7],
			"to": [10, 14, 10],
			"faces": {
				"north": {"uv": [0, 0, 16, 16], "texture": "#Voxel-FF7500"},
				"east": {"uv": [0, 0, 16, 16], "texture": "#Voxel-FF7500"},
				"south": {"uv": [0, 0, 16, 16], "texture": "#Voxel-FF7500"},
				"west": {"uv": [0, 0, 16, 16], "texture": "#Voxel-FF7500"},
				"up": {"uv": [0, 0, 16, 16], "texture": "#Voxel-FF7500"},
				"down": {"uv": [0, 0, 16, 16], "texture": "#Voxel-FF7500"}
			}
		},
		{
			"name": "Voxel-FF7500",
			"from": [10, 14, 7],
			"to": [11, 15, 10],
			"faces": {
				"north": {"uv": [0, 0, 16, 16], "texture": "#Voxel-FF7500"},
				"east": {"uv": [0, 0, 16, 16], "texture": "#Voxel-FF7500"},
				"south": {"uv": [0, 0, 16, 16], "texture": "#Voxel-FF7500"},
				"west": {"uv": [0, 0, 16, 16], "texture": "#Voxel-FF7500"},
				"up": {"uv": [0, 0, 16, 16], "texture": "#Voxel-FF7500"},
				"down": {"uv": [0, 0, 16, 16], "texture": "#Voxel-FF7500"}
			}
		},
		{
			"name": "Voxel-FF7500",
			"from": [11, 15, 7],
			"to": [12, 16, 10],
			"faces": {
				"north": {"uv": [0, 0, 16, 16], "texture": "#Voxel-FF7500"},
				"east": {"uv": [0, 0, 16, 16], "texture": "#Voxel-FF7500"},
				"south": {"uv": [0, 0, 16, 16], "texture": "#Voxel-FF7500"},
				"west": {"uv": [0, 0, 16, 16], "texture": "#Voxel-FF7500"},
				"up": {"uv": [0, 0, 16, 16], "texture": "#Voxel-FF7500"},
				"down": {"uv": [0, 0, 16, 16], "texture": "#Voxel-FF7500"}
			}
		},
		{
			"name": "Voxel-FF7500",
			"from": [6, 18, 7],
			"to": [9, 19, 10],
			"faces": {
				"north": {"uv": [0, 0, 16, 16], "texture": "#Voxel-FF7500"},
				"east": {"uv": [0, 0, 16, 16], "texture": "#Voxel-FF7500"},
				"south": {"uv": [0, 0, 16, 16], "texture": "#Voxel-FF7500"},
				"west": {"uv": [0, 0, 16, 16], "texture": "#Voxel-FF7500"},
				"up": {"uv": [0, 0, 16, 16], "texture": "#Voxel-FF7500"},
				"down": {"uv": [0, 0, 16, 16], "texture": "#Voxel-FF7500"}
			}
		},
		{
			"name": "Voxel-FF7500",
			"from": [6, 14, 7],
			"to": [7, 15, 10],
			"faces": {
				"north": {"uv": [0, 0, 16, 16], "texture": "#Voxel-FF7500"},
				"east": {"uv": [0, 0, 16, 16], "texture": "#Voxel-FF7500"},
				"south": {"uv": [0, 0, 16, 16], "texture": "#Voxel-FF7500"},
				"west": {"uv": [0, 0, 16, 16], "texture": "#Voxel-FF7500"},
				"up": {"uv": [0, 0, 16, 16], "texture": "#Voxel-FF7500"},
				"down": {"uv": [0, 0, 16, 16], "texture": "#Voxel-FF7500"}
			}
		},
		{
			"name": "Voxel-FF7500",
			"from": [11, 16, 7],
			"to": [12, 17, 9],
			"faces": {
				"north": {"uv": [0, 0, 16, 16], "texture": "#Voxel-FF7500"},
				"east": {"uv": [0, 0, 16, 16], "texture": "#Voxel-FF7500"},
				"south": {"uv": [0, 0, 16, 16], "texture": "#Voxel-FF7500"},
				"west": {"uv": [0, 0, 16, 16], "texture": "#Voxel-FF7500"},
				"up": {"uv": [0, 0, 16, 16], "texture": "#Voxel-FF7500"},
				"down": {"uv": [0, 0, 16, 16], "texture": "#Voxel-FF7500"}
			}
		},
		{
			"name": "Voxel-FF7500",
			"from": [9, 18, 8],
			"to": [10, 19, 10],
			"faces": {
				"north": {"uv": [0, 0, 16, 16], "texture": "#Voxel-FF7500"},
				"east": {"uv": [0, 0, 16, 16], "texture": "#Voxel-FF7500"},
				"south": {"uv": [0, 0, 16, 16], "texture": "#Voxel-FF7500"},
				"west": {"uv": [0, 0, 16, 16], "texture": "#Voxel-FF7500"},
				"up": {"uv": [0, 0, 16, 16], "texture": "#Voxel-FF7500"},
				"down": {"uv": [0, 0, 16, 16], "texture": "#Voxel-FF7500"}
			}
		},
		{
			"name": "Voxel-FF7500",
			"from": [4, 17, 10],
			"to": [7, 18, 11],
			"faces": {
				"north": {"uv": [0, 0, 16, 16], "texture": "#Voxel-FF7500"},
				"east": {"uv": [0, 0, 16, 16], "texture": "#Voxel-FF7500"},
				"south": {"uv": [0, 0, 16, 16], "texture": "#Voxel-FF7500"},
				"west": {"uv": [0, 0, 16, 16], "texture": "#Voxel-FF7500"},
				"up": {"uv": [0, 0, 16, 16], "texture": "#Voxel-FF7500"},
				"down": {"uv": [0, 0, 16, 16], "texture": "#Voxel-FF7500"}
			}
		},
		{
			"name": "Voxel-FF7500",
			"from": [7, 15, 11],
			"to": [9, 16, 12],
			"faces": {
				"north": {"uv": [0, 0, 16, 16], "texture": "#Voxel-FF7500"},
				"east": {"uv": [0, 0, 16, 16], "texture": "#Voxel-FF7500"},
				"south": {"uv": [0, 0, 16, 16], "texture": "#Voxel-FF7500"},
				"west": {"uv": [0, 0, 16, 16], "texture": "#Voxel-FF7500"},
				"up": {"uv": [0, 0, 16, 16], "texture": "#Voxel-FF7500"},
				"down": {"uv": [0, 0, 16, 16], "texture": "#Voxel-FF7500"}
			}
		},
		{
			"name": "Voxel-FF7500",
			"from": [3, 17, 8],
			"to": [6, 18, 9],
			"faces": {
				"north": {"uv": [0, 0, 16, 16], "texture": "#Voxel-FF7500"},
				"east": {"uv": [0, 0, 16, 16], "texture": "#Voxel-FF7500"},
				"south": {"uv": [0, 0, 16, 16], "texture": "#Voxel-FF7500"},
				"west": {"uv": [0, 0, 16, 16], "texture": "#Voxel-FF7500"},
				"up": {"uv": [0, 0, 16, 16], "texture": "#Voxel-FF7500"},
				"down": {"uv": [0, 0, 16, 16], "texture": "#Voxel-FF7500"}
			}
		},
		{
			"name": "Voxel-FF7500",
			"from": [4, 19, 8],
			"to": [5, 20, 9],
			"faces": {
				"north": {"uv": [0, 0, 16, 16], "texture": "#Voxel-FF7500"},
				"east": {"uv": [0, 0, 16, 16], "texture": "#Voxel-FF7500"},
				"south": {"uv": [0, 0, 16, 16], "texture": "#Voxel-FF7500"},
				"west": {"uv": [0, 0, 16, 16], "texture": "#Voxel-FF7500"},
				"up": {"uv": [0, 0, 16, 16], "texture": "#Voxel-FF7500"},
				"down": {"uv": [0, 0, 16, 16], "texture": "#Voxel-FF7500"}
			}
		},
		{
			"name": "Voxel-FF7500",
			"from": [4, 18, 7],
			"to": [6, 19, 8],
			"faces": {
				"north": {"uv": [0, 0, 16, 16], "texture": "#Voxel-FF7500"},
				"east": {"uv": [0, 0, 16, 16], "texture": "#Voxel-FF7500"},
				"south": {"uv": [0, 0, 16, 16], "texture": "#Voxel-FF7500"},
				"west": {"uv": [0, 0, 16, 16], "texture": "#Voxel-FF7500"},
				"up": {"uv": [0, 0, 16, 16], "texture": "#Voxel-FF7500"},
				"down": {"uv": [0, 0, 16, 16], "texture": "#Voxel-FF7500"}
			}
		},
		{
			"name": "Voxel-FF7500",
			"from": [8, 17, 6],
			"to": [10, 18, 7],
			"faces": {
				"north": {"uv": [0, 0, 16, 16], "texture": "#Voxel-FF7500"},
				"east": {"uv": [0, 0, 16, 16], "texture": "#Voxel-FF7500"},
				"south": {"uv": [0, 0, 16, 16], "texture": "#Voxel-FF7500"},
				"west": {"uv": [0, 0, 16, 16], "texture": "#Voxel-FF7500"},
				"up": {"uv": [0, 0, 16, 16], "texture": "#Voxel-FF7500"},
				"down": {"uv": [0, 0, 16, 16], "texture": "#Voxel-FF7500"}
			}
		},
		{
			"name": "Voxel-FF7500",
			"from": [5, 17, 6],
			"to": [7, 18, 7],
			"faces": {
				"north": {"uv": [0, 0, 16, 16], "texture": "#Voxel-FF7500"},
				"east": {"uv": [0, 0, 16, 16], "texture": "#Voxel-FF7500"},
				"south": {"uv": [0, 0, 16, 16], "texture": "#Voxel-FF7500"},
				"west": {"uv": [0, 0, 16, 16], "texture": "#Voxel-FF7500"},
				"up": {"uv": [0, 0, 16, 16], "texture": "#Voxel-FF7500"},
				"down": {"uv": [0, 0, 16, 16], "texture": "#Voxel-FF7500"}
			}
		},
		{
			"name": "Voxel-FFAC00",
			"from": [3, 19, 8],
			"to": [4, 20, 9],
			"faces": {
				"north": {"uv": [0, 0, 16, 16], "texture": "#Voxel-FFAC00"},
				"east": {"uv": [0, 0, 16, 16], "texture": "#Voxel-FFAC00"},
				"south": {"uv": [0, 0, 16, 16], "texture": "#Voxel-FFAC00"},
				"west": {"uv": [0, 0, 16, 16], "texture": "#Voxel-FFAC00"},
				"up": {"uv": [0, 0, 16, 16], "texture": "#Voxel-FFAC00"},
				"down": {"uv": [0, 0, 16, 16], "texture": "#Voxel-FFAC00"}
			}
		},
		{
			"name": "Voxel-FFAC00",
			"from": [4, 17, 6],
			"to": [5, 18, 7],
			"faces": {
				"north": {"uv": [0, 0, 16, 16], "texture": "#Voxel-FFAC00"},
				"east": {"uv": [0, 0, 16, 16], "texture": "#Voxel-FFAC00"},
				"south": {"uv": [0, 0, 16, 16], "texture": "#Voxel-FFAC00"},
				"west": {"uv": [0, 0, 16, 16], "texture": "#Voxel-FFAC00"},
				"up": {"uv": [0, 0, 16, 16], "texture": "#Voxel-FFAC00"},
				"down": {"uv": [0, 0, 16, 16], "texture": "#Voxel-FFAC00"}
			}
		},
		{
			"name": "Voxel-FFAC00",
			"from": [7, 17, 6],
			"to": [8, 18, 7],
			"faces": {
				"north": {"uv": [0, 0, 16, 16], "texture": "#Voxel-FFAC00"},
				"east": {"uv": [0, 0, 16, 16], "texture": "#Voxel-FFAC00"},
				"south": {"uv": [0, 0, 16, 16], "texture": "#Voxel-FFAC00"},
				"west": {"uv": [0, 0, 16, 16], "texture": "#Voxel-FFAC00"},
				"up": {"uv": [0, 0, 16, 16], "texture": "#Voxel-FFAC00"},
				"down": {"uv": [0, 0, 16, 16], "texture": "#Voxel-FFAC00"}
			}
		},
		{
			"name": "Voxel-FFAC00",
			"from": [11, 16, 9],
			"to": [12, 17, 10],
			"faces": {
				"north": {"uv": [0, 0, 16, 16], "texture": "#Voxel-FFAC00"},
				"east": {"uv": [0, 0, 16, 16], "texture": "#Voxel-FFAC00"},
				"south": {"uv": [0, 0, 16, 16], "texture": "#Voxel-FFAC00"},
				"west": {"uv": [0, 0, 16, 16], "texture": "#Voxel-FFAC00"},
				"up": {"uv": [0, 0, 16, 16], "texture": "#Voxel-FFAC00"},
				"down": {"uv": [0, 0, 16, 16], "texture": "#Voxel-FFAC00"}
			}
		},
		{
			"name": "Voxel-FFAC00",
			"from": [9, 18, 7],
			"to": [10, 19, 8],
			"faces": {
				"north": {"uv": [0, 0, 16, 16], "texture": "#Voxel-FFAC00"},
				"east": {"uv": [0, 0, 16, 16], "texture": "#Voxel-FFAC00"},
				"south": {"uv": [0, 0, 16, 16], "texture": "#Voxel-FFAC00"},
				"west": {"uv": [0, 0, 16, 16], "texture": "#Voxel-FFAC00"},
				"up": {"uv": [0, 0, 16, 16], "texture": "#Voxel-FFAC00"},
				"down": {"uv": [0, 0, 16, 16], "texture": "#Voxel-FFAC00"}
			}
		},
		{
			"name": "Voxel-FFAC00",
			"from": [10, 17, 7],
			"to": [11, 18, 10],
			"faces": {
				"north": {"uv": [0, 0, 16, 16], "texture": "#Voxel-FFAC00"},
				"east": {"uv": [0, 0, 16, 16], "texture": "#Voxel-FFAC00"},
				"south": {"uv": [0, 0, 16, 16], "texture": "#Voxel-FFAC00"},
				"west": {"uv": [0, 0, 16, 16], "texture": "#Voxel-FFAC00"},
				"up": {"uv": [0, 0, 16, 16], "texture": "#Voxel-FFAC00"},
				"down": {"uv": [0, 0, 16, 16], "texture": "#Voxel-FFAC00"}
			}
		},
		{
			"name": "Voxel-FFAC00",
			"from": [8, 15, 5],
			"to": [10, 17, 6],
			"faces": {
				"north": {"uv": [0, 0, 16, 16], "texture": "#Voxel-FFAC00"},
				"east": {"uv": [0, 0, 16, 16], "texture": "#Voxel-FFAC00"},
				"south": {"uv": [0, 0, 16, 16], "texture": "#Voxel-FFAC00"},
				"west": {"uv": [0, 0, 16, 16], "texture": "#Voxel-FFAC00"},
				"up": {"uv": [0, 0, 16, 16], "texture": "#Voxel-FFAC00"},
				"down": {"uv": [0, 0, 16, 16], "texture": "#Voxel-FFAC00"}
			}
		},
		{
			"name": "Voxel-FFAC00",
			"from": [7, 16, 5],
			"to": [8, 17, 6],
			"faces": {
				"north": {"uv": [0, 0, 16, 16], "texture": "#Voxel-FFAC00"},
				"east": {"uv": [0, 0, 16, 16], "texture": "#Voxel-FFAC00"},
				"south": {"uv": [0, 0, 16, 16], "texture": "#Voxel-FFAC00"},
				"west": {"uv": [0, 0, 16, 16], "texture": "#Voxel-FFAC00"},
				"up": {"uv": [0, 0, 16, 16], "texture": "#Voxel-FFAC00"},
				"down": {"uv": [0, 0, 16, 16], "texture": "#Voxel-FFAC00"}
			}
		},
		{
			"name": "Voxel-FF7500",
			"from": [7, 13, 7],
			"to": [10, 14, 8],
			"faces": {
				"north": {"uv": [0, 0, 16, 16], "texture": "#Voxel-FF7500"},
				"east": {"uv": [0, 0, 16, 16], "texture": "#Voxel-FF7500"},
				"south": {"uv": [0, 0, 16, 16], "texture": "#Voxel-FF7500"},
				"west": {"uv": [0, 0, 16, 16], "texture": "#Voxel-FF7500"},
				"up": {"uv": [0, 0, 16, 16], "texture": "#Voxel-FF7500"},
				"down": {"uv": [0, 0, 16, 16], "texture": "#Voxel-FF7500"}
			}
		},
		{
			"name": "Voxel-FF7500",
			"from": [7, 14, 6],
			"to": [10, 15, 7],
			"faces": {
				"north": {"uv": [0, 0, 16, 16], "texture": "#Voxel-FF7500"},
				"east": {"uv": [0, 0, 16, 16], "texture": "#Voxel-FF7500"},
				"south": {"uv": [0, 0, 16, 16], "texture": "#Voxel-FF7500"},
				"west": {"uv": [0, 0, 16, 16], "texture": "#Voxel-FF7500"},
				"up": {"uv": [0, 0, 16, 16], "texture": "#Voxel-FF7500"},
				"down": {"uv": [0, 0, 16, 16], "texture": "#Voxel-FF7500"}
			}
		},
		{
			"name": "Voxel-FFAC00",
			"from": [7, 13, 8],
			"to": [9, 14, 10],
			"faces": {
				"north": {"uv": [0, 0, 16, 16], "texture": "#Voxel-FFAC00"},
				"east": {"uv": [0, 0, 16, 16], "texture": "#Voxel-FFAC00"},
				"south": {"uv": [0, 0, 16, 16], "texture": "#Voxel-FFAC00"},
				"west": {"uv": [0, 0, 16, 16], "texture": "#Voxel-FFAC00"},
				"up": {"uv": [0, 0, 16, 16], "texture": "#Voxel-FFAC00"},
				"down": {"uv": [0, 0, 16, 16], "texture": "#Voxel-FFAC00"}
			}
		},
		{
			"name": "Voxel-FFAC00",
			"from": [4, 18, 9],
			"to": [6, 19, 10],
			"faces": {
				"north": {"uv": [0, 0, 16, 16], "texture": "#Voxel-FFAC00"},
				"east": {"uv": [0, 0, 16, 16], "texture": "#Voxel-FFAC00"},
				"south": {"uv": [0, 0, 16, 16], "texture": "#Voxel-FFAC00"},
				"west": {"uv": [0, 0, 16, 16], "texture": "#Voxel-FFAC00"},
				"up": {"uv": [0, 0, 16, 16], "texture": "#Voxel-FFAC00"},
				"down": {"uv": [0, 0, 16, 16], "texture": "#Voxel-FFAC00"}
			}
		},
		{
			"name": "Voxel-FFAC00",
			"from": [5, 15, 9],
			"to": [6, 17, 10],
			"faces": {
				"north": {"uv": [0, 0, 16, 16], "texture": "#Voxel-FFAC00"},
				"east": {"uv": [0, 0, 16, 16], "texture": "#Voxel-FFAC00"},
				"south": {"uv": [0, 0, 16, 16], "texture": "#Voxel-FFAC00"},
				"west": {"uv": [0, 0, 16, 16], "texture": "#Voxel-FFAC00"},
				"up": {"uv": [0, 0, 16, 16], "texture": "#Voxel-FFAC00"},
				"down": {"uv": [0, 0, 16, 16], "texture": "#Voxel-FFAC00"}
			}
		},
		{
			"name": "Voxel-FFAC00",
			"from": [5, 15, 8],
			"to": [6, 16, 9],
			"faces": {
				"north": {"uv": [0, 0, 16, 16], "texture": "#Voxel-FFAC00"},
				"east": {"uv": [0, 0, 16, 16], "texture": "#Voxel-FFAC00"},
				"south": {"uv": [0, 0, 16, 16], "texture": "#Voxel-FFAC00"},
				"west": {"uv": [0, 0, 16, 16], "texture": "#Voxel-FFAC00"},
				"up": {"uv": [0, 0, 16, 16], "texture": "#Voxel-FFAC00"},
				"down": {"uv": [0, 0, 16, 16], "texture": "#Voxel-FFAC00"}
			}
		},
		{
			"name": "Voxel-FFAC00",
			"from": [6, 16, 10],
			"to": [7, 17, 11],
			"faces": {
				"north": {"uv": [0, 0, 16, 16], "texture": "#Voxel-FFAC00"},
				"east": {"uv": [0, 0, 16, 16], "texture": "#Voxel-FFAC00"},
				"south": {"uv": [0, 0, 16, 16], "texture": "#Voxel-FFAC00"},
				"west": {"uv": [0, 0, 16, 16], "texture": "#Voxel-FFAC00"},
				"up": {"uv": [0, 0, 16, 16], "texture": "#Voxel-FFAC00"},
				"down": {"uv": [0, 0, 16, 16], "texture": "#Voxel-FFAC00"}
			}
		},
		{
			"name": "Voxel-FFAC00",
			"from": [7, 17, 10],
			"to": [9, 18, 11],
			"faces": {
				"north": {"uv": [0, 0, 16, 16], "texture": "#Voxel-FFAC00"},
				"east": {"uv": [0, 0, 16, 16], "texture": "#Voxel-FFAC00"},
				"south": {"uv": [0, 0, 16, 16], "texture": "#Voxel-FFAC00"},
				"west": {"uv": [0, 0, 16, 16], "texture": "#Voxel-FFAC00"},
				"up": {"uv": [0, 0, 16, 16], "texture": "#Voxel-FFAC00"},
				"down": {"uv": [0, 0, 16, 16], "texture": "#Voxel-FFAC00"}
			}
		},
		{
			"name": "Voxel-FF7500",
			"from": [6, 15, 10],
			"to": [7, 16, 11],
			"faces": {
				"north": {"uv": [0, 0, 16, 16], "texture": "#Voxel-FF7500"},
				"east": {"uv": [0, 0, 16, 16], "texture": "#Voxel-FF7500"},
				"south": {"uv": [0, 0, 16, 16], "texture": "#Voxel-FF7500"},
				"west": {"uv": [0, 0, 16, 16], "texture": "#Voxel-FF7500"},
				"up": {"uv": [0, 0, 16, 16], "texture": "#Voxel-FF7500"},
				"down": {"uv": [0, 0, 16, 16], "texture": "#Voxel-FF7500"}
			}
		},
		{
			"name": "Voxel-FF7500",
			"from": [7, 14, 10],
			"to": [8, 15, 11],
			"faces": {
				"north": {"uv": [0, 0, 16, 16], "texture": "#Voxel-FF7500"},
				"east": {"uv": [0, 0, 16, 16], "texture": "#Voxel-FF7500"},
				"south": {"uv": [0, 0, 16, 16], "texture": "#Voxel-FF7500"},
				"west": {"uv": [0, 0, 16, 16], "texture": "#Voxel-FF7500"},
				"up": {"uv": [0, 0, 16, 16], "texture": "#Voxel-FF7500"},
				"down": {"uv": [0, 0, 16, 16], "texture": "#Voxel-FF7500"}
			}
		},
		{
			"name": "Voxel-FF7500",
			"from": [6, 17, 7],
			"to": [7, 18, 10],
			"faces": {
				"north": {"uv": [0, 0, 16, 16], "texture": "#Voxel-FF7500"},
				"east": {"uv": [0, 0, 16, 16], "texture": "#Voxel-FF7500"},
				"south": {"uv": [0, 0, 16, 16], "texture": "#Voxel-FF7500"},
				"west": {"uv": [0, 0, 16, 16], "texture": "#Voxel-FF7500"},
				"up": {"uv": [0, 0, 16, 16], "texture": "#Voxel-FF7500"},
				"down": {"uv": [0, 0, 16, 16], "texture": "#Voxel-FF7500"}
			}
		},
		{
			"name": "Voxel-FF7500",
			"from": [5, 15, 7],
			"to": [6, 17, 8],
			"faces": {
				"north": {"uv": [0, 0, 16, 16], "texture": "#Voxel-FF7500"},
				"east": {"uv": [0, 0, 16, 16], "texture": "#Voxel-FF7500"},
				"south": {"uv": [0, 0, 16, 16], "texture": "#Voxel-FF7500"},
				"west": {"uv": [0, 0, 16, 16], "texture": "#Voxel-FF7500"},
				"up": {"uv": [0, 0, 16, 16], "texture": "#Voxel-FF7500"},
				"down": {"uv": [0, 0, 16, 16], "texture": "#Voxel-FF7500"}
			}
		},
		{
			"name": "Voxel-FFAC00",
			"from": [6, 16, 6],
			"to": [7, 17, 7],
			"faces": {
				"north": {"uv": [0, 0, 16, 16], "texture": "#Voxel-FFAC00"},
				"east": {"uv": [0, 0, 16, 16], "texture": "#Voxel-FFAC00"},
				"south": {"uv": [0, 0, 16, 16], "texture": "#Voxel-FFAC00"},
				"west": {"uv": [0, 0, 16, 16], "texture": "#Voxel-FFAC00"},
				"up": {"uv": [0, 0, 16, 16], "texture": "#Voxel-FFAC00"},
				"down": {"uv": [0, 0, 16, 16], "texture": "#Voxel-FFAC00"}
			}
		},
		{
			"name": "Voxel-FF7500",
			"from": [6, 15, 6],
			"to": [7, 16, 7],
			"faces": {
				"north": {"uv": [0, 0, 16, 16], "texture": "#Voxel-FF7500"},
				"east": {"uv": [0, 0, 16, 16], "texture": "#Voxel-FF7500"},
				"south": {"uv": [0, 0, 16, 16], "texture": "#Voxel-FF7500"},
				"west": {"uv": [0, 0, 16, 16], "texture": "#Voxel-FF7500"},
				"up": {"uv": [0, 0, 16, 16], "texture": "#Voxel-FF7500"},
				"down": {"uv": [0, 0, 16, 16], "texture": "#Voxel-FF7500"}
			}
		},
		{
			"name": "Voxel-FF7500",
			"from": [7, 15, 5],
			"to": [8, 16, 6],
			"faces": {
				"north": {"uv": [0, 0, 16, 16], "texture": "#Voxel-FF7500"},
				"east": {"uv": [0, 0, 16, 16], "texture": "#Voxel-FF7500"},
				"south": {"uv": [0, 0, 16, 16], "texture": "#Voxel-FF7500"},
				"west": {"uv": [0, 0, 16, 16], "texture": "#Voxel-FF7500"},
				"up": {"uv": [0, 0, 16, 16], "texture": "#Voxel-FF7500"},
				"down": {"uv": [0, 0, 16, 16], "texture": "#Voxel-FF7500"}
			}
		},
		{
			"name": "Voxel-FF7500",
			"from": [5, 16, 8],
			"to": [6, 17, 9],
			"faces": {
				"north": {"uv": [0, 0, 16, 16], "texture": "#Voxel-FF7500"},
				"east": {"uv": [0, 0, 16, 16], "texture": "#Voxel-FF7500"},
				"south": {"uv": [0, 0, 16, 16], "texture": "#Voxel-FF7500"},
				"west": {"uv": [0, 0, 16, 16], "texture": "#Voxel-FF7500"},
				"up": {"uv": [0, 0, 16, 16], "texture": "#Voxel-FF7500"},
				"down": {"uv": [0, 0, 16, 16], "texture": "#Voxel-FF7500"}
			}
		},
		{
			"name": "Voxel-442200",
			"from": [9, 11, 6],
			"to": [10, 12, 7],
			"faces": {
				"north": {"uv": [0, 0, 16, 16], "texture": "#Voxel-442200"},
				"east": {"uv": [0, 0, 16, 16], "texture": "#Voxel-442200"},
				"south": {"uv": [0, 0, 16, 16], "texture": "#Voxel-442200"},
				"west": {"uv": [0, 0, 16, 16], "texture": "#Voxel-442200"},
				"up": {"uv": [0, 0, 16, 16], "texture": "#Voxel-442200"},
				"down": {"uv": [0, 0, 16, 16], "texture": "#Voxel-442200"}
			}
		},
		{
			"name": "Voxel-442200",
			"from": [7, 11, 6],
			"to": [8, 12, 7],
			"faces": {
				"north": {"uv": [0, 0, 16, 16], "texture": "#Voxel-442200"},
				"east": {"uv": [0, 0, 16, 16], "texture": "#Voxel-442200"},
				"south": {"uv": [0, 0, 16, 16], "texture": "#Voxel-442200"},
				"west": {"uv": [0, 0, 16, 16], "texture": "#Voxel-442200"},
				"up": {"uv": [0, 0, 16, 16], "texture": "#Voxel-442200"},
				"down": {"uv": [0, 0, 16, 16], "texture": "#Voxel-442200"}
			}
		},
		{
			"name": "Voxel-442200",
			"from": [6, 11, 7],
			"to": [7, 12, 8],
			"faces": {
				"north": {"uv": [0, 0, 16, 16], "texture": "#Voxel-442200"},
				"east": {"uv": [0, 0, 16, 16], "texture": "#Voxel-442200"},
				"south": {"uv": [0, 0, 16, 16], "texture": "#Voxel-442200"},
				"west": {"uv": [0, 0, 16, 16], "texture": "#Voxel-442200"},
				"up": {"uv": [0, 0, 16, 16], "texture": "#Voxel-442200"},
				"down": {"uv": [0, 0, 16, 16], "texture": "#Voxel-442200"}
			}
		},
		{
			"name": "Voxel-442200",
			"from": [6, 11, 9],
			"to": [7, 12, 10],
			"faces": {
				"north": {"uv": [0, 0, 16, 16], "texture": "#Voxel-442200"},
				"east": {"uv": [0, 0, 16, 16], "texture": "#Voxel-442200"},
				"south": {"uv": [0, 0, 16, 16], "texture": "#Voxel-442200"},
				"west": {"uv": [0, 0, 16, 16], "texture": "#Voxel-442200"},
				"up": {"uv": [0, 0, 16, 16], "texture": "#Voxel-442200"},
				"down": {"uv": [0, 0, 16, 16], "texture": "#Voxel-442200"}
			}
		},
		{
			"name": "Voxel-442200",
			"from": [7, 11, 10],
			"to": [8, 12, 11],
			"faces": {
				"north": {"uv": [0, 0, 16, 16], "texture": "#Voxel-442200"},
				"east": {"uv": [0, 0, 16, 16], "texture": "#Voxel-442200"},
				"south": {"uv": [0, 0, 16, 16], "texture": "#Voxel-442200"},
				"west": {"uv": [0, 0, 16, 16], "texture": "#Voxel-442200"},
				"up": {"uv": [0, 0, 16, 16], "texture": "#Voxel-442200"},
				"down": {"uv": [0, 0, 16, 16], "texture": "#Voxel-442200"}
			}
		},
		{
			"name": "Voxel-442200",
			"from": [9, 11, 10],
			"to": [10, 12, 11],
			"faces": {
				"north": {"uv": [0, 0, 16, 16], "texture": "#Voxel-442200"},
				"east": {"uv": [0, 0, 16, 16], "texture": "#Voxel-442200"},
				"south": {"uv": [0, 0, 16, 16], "texture": "#Voxel-442200"},
				"west": {"uv": [0, 0, 16, 16], "texture": "#Voxel-442200"},
				"up": {"uv": [0, 0, 16, 16], "texture": "#Voxel-442200"},
				"down": {"uv": [0, 0, 16, 16], "texture": "#Voxel-442200"}
			}
		},
		{
			"name": "Voxel-442200",
			"from": [10, 11, 9],
			"to": [11, 12, 10],
			"faces": {
				"north": {"uv": [0, 0, 16, 16], "texture": "#Voxel-442200"},
				"east": {"uv": [0, 0, 16, 16], "texture": "#Voxel-442200"},
				"south": {"uv": [0, 0, 16, 16], "texture": "#Voxel-442200"},
				"west": {"uv": [0, 0, 16, 16], "texture": "#Voxel-442200"},
				"up": {"uv": [0, 0, 16, 16], "texture": "#Voxel-442200"},
				"down": {"uv": [0, 0, 16, 16], "texture": "#Voxel-442200"}
			}
		},
		{
			"name": "Voxel-442200",
			"from": [10, 11, 7],
			"to": [11, 12, 8],
			"faces": {
				"north": {"uv": [0, 0, 16, 16], "texture": "#Voxel-442200"},
				"east": {"uv": [0, 0, 16, 16], "texture": "#Voxel-442200"},
				"south": {"uv": [0, 0, 16, 16], "texture": "#Voxel-442200"},
				"west": {"uv": [0, 0, 16, 16], "texture": "#Voxel-442200"},
				"up": {"uv": [0, 0, 16, 16], "texture": "#Voxel-442200"},
				"down": {"uv": [0, 0, 16, 16], "texture": "#Voxel-442200"}
			}
		},
		{
			"name": "Voxel-FF7500",
			"from": [10, 15, 6],
			"to": [11, 17, 7],
			"faces": {
				"north": {"uv": [0, 0, 16, 16], "texture": "#Voxel-FF7500"},
				"east": {"uv": [0, 0, 16, 16], "texture": "#Voxel-FF7500"},
				"south": {"uv": [0, 0, 16, 16], "texture": "#Voxel-FF7500"},
				"west": {"uv": [0, 0, 16, 16], "texture": "#Voxel-FF7500"},
				"up": {"uv": [0, 0, 16, 16], "texture": "#Voxel-FF7500"},
				"down": {"uv": [0, 0, 16, 16], "texture": "#Voxel-FF7500"}
			}
		},
		{
			"name": "Voxel-FF7500",
			"from": [10, 16, 10],
			"to": [11, 17, 11],
			"faces": {
				"north": {"uv": [0, 0, 16, 16], "texture": "#Voxel-FF7500"},
				"east": {"uv": [0, 0, 16, 16], "texture": "#Voxel-FF7500"},
				"south": {"uv": [0, 0, 16, 16], "texture": "#Voxel-FF7500"},
				"west": {"uv": [0, 0, 16, 16], "texture": "#Voxel-FF7500"},
				"up": {"uv": [0, 0, 16, 16], "texture": "#Voxel-FF7500"},
				"down": {"uv": [0, 0, 16, 16], "texture": "#Voxel-FF7500"}
			}
		},
		{
			"name": "Voxel-FFAC00",
			"from": [9, 15, 11],
			"to": [10, 16, 12],
			"faces": {
				"north": {"uv": [0, 0, 16, 16], "texture": "#Voxel-FFAC00"},
				"east": {"uv": [0, 0, 16, 16], "texture": "#Voxel-FFAC00"},
				"south": {"uv": [0, 0, 16, 16], "texture": "#Voxel-FFAC00"},
				"west": {"uv": [0, 0, 16, 16], "texture": "#Voxel-FFAC00"},
				"up": {"uv": [0, 0, 16, 16], "texture": "#Voxel-FFAC00"},
				"down": {"uv": [0, 0, 16, 16], "texture": "#Voxel-FFAC00"}
			}
		},
		{
			"name": "Voxel-FF7500",
			"from": [7, 16, 11],
			"to": [10, 17, 12],
			"faces": {
				"north": {"uv": [0, 0, 16, 16], "texture": "#Voxel-FF7500"},
				"east": {"uv": [0, 0, 16, 16], "texture": "#Voxel-FF7500"},
				"south": {"uv": [0, 0, 16, 16], "texture": "#Voxel-FF7500"},
				"west": {"uv": [0, 0, 16, 16], "texture": "#Voxel-FF7500"},
				"up": {"uv": [0, 0, 16, 16], "texture": "#Voxel-FF7500"},
				"down": {"uv": [0, 0, 16, 16], "texture": "#Voxel-FF7500"}
			}
		},
		{
			"name": "Voxel-FFAC00",
			"from": [10, 15, 10],
			"to": [11, 16, 11],
			"faces": {
				"north": {"uv": [0, 0, 16, 16], "texture": "#Voxel-FFAC00"},
				"east": {"uv": [0, 0, 16, 16], "texture": "#Voxel-FFAC00"},
				"south": {"uv": [0, 0, 16, 16], "texture": "#Voxel-FFAC00"},
				"west": {"uv": [0, 0, 16, 16], "texture": "#Voxel-FFAC00"},
				"up": {"uv": [0, 0, 16, 16], "texture": "#Voxel-FFAC00"},
				"down": {"uv": [0, 0, 16, 16], "texture": "#Voxel-FFAC00"}
			}
		},
		{
			"name": "Voxel-FFAC00",
			"from": [9, 14, 10],
			"to": [10, 15, 11],
			"faces": {
				"north": {"uv": [0, 0, 16, 16], "texture": "#Voxel-FFAC00"},
				"east": {"uv": [0, 0, 16, 16], "texture": "#Voxel-FFAC00"},
				"south": {"uv": [0, 0, 16, 16], "texture": "#Voxel-FFAC00"},
				"west": {"uv": [0, 0, 16, 16], "texture": "#Voxel-FFAC00"},
				"up": {"uv": [0, 0, 16, 16], "texture": "#Voxel-FFAC00"},
				"down": {"uv": [0, 0, 16, 16], "texture": "#Voxel-FFAC00"}
			}
		},
		{
			"name": "Voxel-FFAC00",
			"from": [8, 14, 10],
			"to": [9, 15, 11],
			"faces": {
				"north": {"uv": [0, 0, 16, 16], "texture": "#Voxel-FFAC00"},
				"east": {"uv": [0, 0, 16, 16], "texture": "#Voxel-FFAC00"},
				"south": {"uv": [0, 0, 16, 16], "texture": "#Voxel-FFAC00"},
				"west": {"uv": [0, 0, 16, 16], "texture": "#Voxel-FFAC00"},
				"up": {"uv": [0, 0, 16, 16], "texture": "#Voxel-FFAC00"},
				"down": {"uv": [0, 0, 16, 16], "texture": "#Voxel-FFAC00"}
			}
		},
		{
			"name": "Voxel-FF7500",
			"from": [9, 17, 10],
			"to": [10, 18, 11],
			"faces": {
				"north": {"uv": [0, 0, 16, 16], "texture": "#Voxel-FF7500"},
				"east": {"uv": [0, 0, 16, 16], "texture": "#Voxel-FF7500"},
				"south": {"uv": [0, 0, 16, 16], "texture": "#Voxel-FF7500"},
				"west": {"uv": [0, 0, 16, 16], "texture": "#Voxel-FF7500"},
				"up": {"uv": [0, 0, 16, 16], "texture": "#Voxel-FF7500"},
				"down": {"uv": [0, 0, 16, 16], "texture": "#Voxel-FF7500"}
			}
		}
	],
	"display": {
		"thirdperson_righthand": {
			"rotation": [0, 90, 0],
			"translation": [-0.5, 2, 2.5]
		},
		"thirdperson_lefthand": {
			"rotation": [0, -90, 0],
			"translation": [0.5, 2, 2.5]
		},
		"firstperson_righthand": {
			"rotation": [0, 90, -10],
			"translation": [2, 2, -2]
		},
		"firstperson_lefthand": {
			"rotation": [0, -90, 10],
			"translation": [0, 2, -2]
		},
		"ground": {
			"translation": [0, 3.5, 0]
		},
		"gui": {
			"rotation": [20, -30, 0],
			"translation": [0, -1.5, 0],
			"scale": [0.75, 0.75, 0.75]
		},
		"fixed": {
			"translation": [0, -2, 0]
		}
	},
	"groups": [
		{
			"name": "fire",
			"origin": [8, 8, 8],
			"color": 0,
			"nbt": "{}",
			"armAnimationEnabled": false,
			"children": [0, 1, 2, 3, 4, 5, 6, 7, 8, 9, 10, 11, 12, 13, 14, 15, 16, 17, 18, 19, 20, 21, 22, 23, 24, 25, 26, 27, 28, 29, 30, 31, 32, 33, 34, 35, 36, 37, 38, 39, 40, 41, 42, 43, 44, 45, 46, 47, 48, 49, 50, 51, 52, 53, 54, 55, 56, 57, 58, 59, 60, 61, 62, 63, 64, 65, 66, 67, 68, 69, 70, 71, 72, 73, 74, 75, 76, 77, 78, 79, 80, 81]
		}
	]
}