{
	"credit": "Made with Blockbench",
	"textures": {
		"Voxel-AAFFFF": "item/voxel-aaffff",
		"Voxel-FFFFFF": "item/voxel-ffffff",
		"Voxel-562F0E": "item/voxel-562f0e",
		"particle": "item/particle"
	},
	"elements": [
		{
			"name": "Voxel-AAFFFF",
			"from": [6, 17, 3],
			"to": [7, 21, 4],
			"faces": {
				"north": {"uv": [0, 0, 16, 16], "texture": "#Voxel-AAFFFF"},
				"east": {"uv": [0, 0, 16, 16], "texture": "#Voxel-AAFFFF"},
				"south": {"uv": [0, 0, 16, 16], "texture": "#Voxel-AAFFFF"},
				"west": {"uv": [0, 0, 16, 16], "texture": "#Voxel-AAFFFF"},
				"up": {"uv": [0, 0, 0, 0], "texture": "#Voxel-AAFFFF"},
				"down": {"uv": [0, 0, 16, 16], "texture": "#Voxel-AAFFFF"}
			}
		},
		{
			"name": "Voxel-AAFFFF",
			"from": [3, 17, 6],
			"to": [4, 22, 7],
			"faces": {
				"north": {"uv": [0, 0, 16, 16], "texture": "#Voxel-AAFFFF"},
				"east": {"uv": [0, 0, 16, 16], "texture": "#Voxel-AAFFFF"},
				"south": {"uv": [0, 0, 16, 16], "texture": "#Voxel-AAFFFF"},
				"west": {"uv": [0, 0, 16, 16], "texture": "#Voxel-AAFFFF"},
				"up": {"uv": [0, 0, 0, 0], "texture": "#Voxel-AAFFFF"},
				"down": {"uv": [0, 0, 16, 16], "texture": "#Voxel-AAFFFF"}
			}
		},
		{
			"name": "Voxel-AAFFFF",
			"from": [4, 18, 5],
			"to": [5, 22, 6],
			"faces": {
				"north": {"uv": [0, 0, 16, 16], "texture": "#Voxel-AAFFFF"},
				"east": {"uv": [0, 0, 16, 16], "texture": "#Voxel-AAFFFF"},
				"south": {"uv": [0, 0, 16, 16], "texture": "#Voxel-AAFFFF"},
				"west": {"uv": [0, 0, 16, 16], "texture": "#Voxel-AAFFFF"},
				"up": {"uv": [0, 0, 0, 0], "texture": "#Voxel-AAFFFF"},
				"down": {"uv": [0, 0, 16, 16], "texture": "#Voxel-AAFFFF"}
			}
		},
		{
			"name": "Voxel-AAFFFF",
			"from": [5, 20, 4],
			"to": [6, 22, 5],
			"faces": {
				"north": {"uv": [0, 0, 16, 16], "texture": "#Voxel-AAFFFF"},
				"east": {"uv": [0, 0, 16, 16], "texture": "#Voxel-AAFFFF"},
				"south": {"uv": [0, 0, 16, 16], "texture": "#Voxel-AAFFFF"},
				"west": {"uv": [0, 0, 16, 16], "texture": "#Voxel-AAFFFF"},
				"up": {"uv": [0, 0, 0, 0], "texture": "#Voxel-AAFFFF"},
				"down": {"uv": [0, 0, 0, 0], "texture": "#Voxel-AAFFFF"}
			}
		},
		{
			"name": "Voxel-AAFFFF",
			"from": [2, 15, 7],
			"to": [3, 19, 8],
			"faces": {
				"north": {"uv": [0, 0, 16, 16], "texture": "#Voxel-AAFFFF"},
				"east": {"uv": [0, 0, 16, 16], "texture": "#Voxel-AAFFFF"},
				"south": {"uv": [0, 0, 16, 16], "texture": "#Voxel-AAFFFF"},
				"west": {"uv": [0, 0, 16, 16], "texture": "#Voxel-AAFFFF"},
				"up": {"uv": [0, 0, 0, 0], "texture": "#Voxel-AAFFFF"},
				"down": {"uv": [0, 0, 16, 16], "texture": "#Voxel-AAFFFF"}
			}
		},
		{
			"name": "Voxel-AAFFFF",
			"from": [8, 16, 2],
			"to": [9, 19, 3],
			"faces": {
				"north": {"uv": [0, 0, 16, 16], "texture": "#Voxel-AAFFFF"},
				"east": {"uv": [0, 0, 16, 16], "texture": "#Voxel-AAFFFF"},
				"south": {"uv": [0, 0, 16, 16], "texture": "#Voxel-AAFFFF"},
				"west": {"uv": [0, 0, 0, 0], "texture": "#Voxel-AAFFFF"},
				"up": {"uv": [0, 0, 0, 0], "texture": "#Voxel-AAFFFF"},
				"down": {"uv": [0, 0, 16, 16], "texture": "#Voxel-AAFFFF"}
			}
		},
		{
			"name": "Voxel-AAFFFF",
			"from": [7, 18, 2],
			"to": [8, 20, 3],
			"faces": {
				"north": {"uv": [0, 0, 16, 16], "texture": "#Voxel-AAFFFF"},
				"east": {"uv": [0, 0, 0, 0], "texture": "#Voxel-AAFFFF"},
				"south": {"uv": [0, 0, 0, 0], "texture": "#Voxel-AAFFFF"},
				"west": {"uv": [0, 0, 16, 16], "texture": "#Voxel-AAFFFF"},
				"up": {"uv": [0, 0, 0, 0], "texture": "#Voxel-AAFFFF"},
				"down": {"uv": [0, 0, 0, 0], "texture": "#Voxel-AAFFFF"}
			}
		},
		{
			"name": "Voxel-AAFFFF",
			"from": [7, 15, 2],
			"to": [8, 16, 3],
			"faces": {
				"north": {"uv": [0, 0, 16, 16], "texture": "#Voxel-AAFFFF"},
				"east": {"uv": [0, 0, 16, 16], "texture": "#Voxel-AAFFFF"},
				"south": {"uv": [0, 0, 16, 16], "texture": "#Voxel-AAFFFF"},
				"west": {"uv": [0, 0, 16, 16], "texture": "#Voxel-AAFFFF"},
				"up": {"uv": [0, 0, 0, 0], "texture": "#Voxel-AAFFFF"},
				"down": {"uv": [0, 0, 16, 16], "texture": "#Voxel-AAFFFF"}
			}
		},
		{
			"name": "Voxel-FFFFFF",
			"from": [7, 16, 2],
			"to": [8, 18, 3],
			"faces": {
				"north": {"uv": [0, 0, 16, 16], "texture": "#Voxel-FFFFFF"},
				"east": {"uv": [0, 0, 0, 0], "texture": "#Voxel-FFFFFF"},
				"south": {"uv": [0, 0, 16, 16], "texture": "#Voxel-FFFFFF"},
				"west": {"uv": [0, 0, 16, 16], "texture": "#Voxel-FFFFFF"},
				"up": {"uv": [0, 0, 0, 0], "texture": "#Voxel-FFFFFF"},
				"down": {"uv": [0, 0, 0, 0], "texture": "#Voxel-FFFFFF"}
			}
		},
		{
			"name": "Voxel-FFFFFF",
			"from": [2, 19, 7],
			"to": [3, 20, 9],
			"faces": {
				"north": {"uv": [0, 0, 16, 16], "texture": "#Voxel-FFFFFF"},
				"east": {"uv": [0, 0, 0, 0], "texture": "#Voxel-FFFFFF"},
				"south": {"uv": [0, 0, 0, 0], "texture": "#Voxel-FFFFFF"},
				"west": {"uv": [0, 0, 16, 16], "texture": "#Voxel-FFFFFF"},
				"up": {"uv": [0, 0, 16, 16], "texture": "#Voxel-FFFFFF"},
				"down": {"uv": [0, 0, 0, 0], "texture": "#Voxel-FFFFFF"}
			}
		},
		{
			"name": "Voxel-FFFFFF",
			"from": [5, 18, 4],
			"to": [6, 20, 5],
			"faces": {
				"north": {"uv": [0, 0, 16, 16], "texture": "#Voxel-FFFFFF"},
				"east": {"uv": [0, 0, 16, 16], "texture": "#Voxel-FFFFFF"},
				"south": {"uv": [0, 0, 16, 16], "texture": "#Voxel-FFFFFF"},
				"west": {"uv": [0, 0, 16, 16], "texture": "#Voxel-FFFFFF"},
				"up": {"uv": [0, 0, 0, 0], "texture": "#Voxel-FFFFFF"},
				"down": {"uv": [0, 0, 0, 0], "texture": "#Voxel-FFFFFF"}
			}
		},
		{
			"name": "Voxel-AAFFFF",
			"from": [5, 16, 4],
			"to": [6, 18, 5],
			"faces": {
				"north": {"uv": [0, 0, 16, 16], "texture": "#Voxel-AAFFFF"},
				"east": {"uv": [0, 0, 16, 16], "texture": "#Voxel-AAFFFF"},
				"south": {"uv": [0, 0, 16, 16], "texture": "#Voxel-AAFFFF"},
				"west": {"uv": [0, 0, 16, 16], "texture": "#Voxel-AAFFFF"},
				"up": {"uv": [0, 0, 0, 0], "texture": "#Voxel-AAFFFF"},
				"down": {"uv": [0, 0, 16, 16], "texture": "#Voxel-AAFFFF"}
			}
		},
		{
			"name": "Voxel-AAFFFF",
			"from": [4, 16, 10],
			"to": [5, 20, 11],
			"faces": {
				"north": {"uv": [0, 0, 16, 16], "texture": "#Voxel-AAFFFF"},
				"east": {"uv": [0, 0, 16, 16], "texture": "#Voxel-AAFFFF"},
				"south": {"uv": [0, 0, 16, 16], "texture": "#Voxel-AAFFFF"},
				"west": {"uv": [0, 0, 16, 16], "texture": "#Voxel-AAFFFF"},
				"down": {"uv": [0, 0, 16, 16], "texture": "#Voxel-AAFFFF"}
			}
		},
		{
			"name": "Voxel-AAFFFF",
			"from": [5, 18, 11],
			"to": [6, 22, 12],
			"faces": {
				"north": {"uv": [0, 0, 16, 16], "texture": "#Voxel-AAFFFF"},
				"east": {"uv": [0, 0, 16, 16], "texture": "#Voxel-AAFFFF"},
				"south": {"uv": [0, 0, 16, 16], "texture": "#Voxel-AAFFFF"},
				"west": {"uv": [0, 0, 16, 16], "texture": "#Voxel-AAFFFF"},
				"up": {"uv": [0, 0, 0, 0], "texture": "#Voxel-AAFFFF"},
				"down": {"uv": [0, 0, 16, 16], "texture": "#Voxel-AAFFFF"}
			}
		},
		{
			"name": "Voxel-AAFFFF",
			"from": [6, 17, 12],
			"to": [7, 21, 13],
			"faces": {
				"north": {"uv": [0, 0, 16, 16], "texture": "#Voxel-AAFFFF"},
				"east": {"uv": [0, 0, 16, 16], "texture": "#Voxel-AAFFFF"},
				"south": {"uv": [0, 0, 16, 16], "texture": "#Voxel-AAFFFF"},
				"west": {"uv": [0, 0, 16, 16], "texture": "#Voxel-AAFFFF"},
				"up": {"uv": [0, 0, 0, 0], "texture": "#Voxel-AAFFFF"},
				"down": {"uv": [0, 0, 16, 16], "texture": "#Voxel-AAFFFF"}
			}
		},
		{
			"name": "Voxel-AAFFFF",
			"from": [3, 17, 9],
			"to": [4, 22, 10],
			"faces": {
				"north": {"uv": [0, 0, 16, 16], "texture": "#Voxel-AAFFFF"},
				"east": {"uv": [0, 0, 16, 16], "texture": "#Voxel-AAFFFF"},
				"south": {"uv": [0, 0, 16, 16], "texture": "#Voxel-AAFFFF"},
				"west": {"uv": [0, 0, 16, 16], "texture": "#Voxel-AAFFFF"},
				"up": {"uv": [0, 0, 0, 0], "texture": "#Voxel-AAFFFF"},
				"down": {"uv": [0, 0, 16, 16], "texture": "#Voxel-AAFFFF"}
			}
		},
		{
			"name": "Voxel-AAFFFF",
			"from": [9, 17, 12],
			"to": [10, 22, 13],
			"faces": {
				"north": {"uv": [0, 0, 16, 16], "texture": "#Voxel-AAFFFF"},
				"east": {"uv": [0, 0, 16, 16], "texture": "#Voxel-AAFFFF"},
				"south": {"uv": [0, 0, 16, 16], "texture": "#Voxel-AAFFFF"},
				"west": {"uv": [0, 0, 16, 16], "texture": "#Voxel-AAFFFF"},
				"up": {"uv": [0, 0, 0, 0], "texture": "#Voxel-AAFFFF"},
				"down": {"uv": [0, 0, 16, 16], "texture": "#Voxel-AAFFFF"}
			}
		},
		{
			"name": "Voxel-AAFFFF",
			"from": [10, 18, 11],
			"to": [11, 22, 12],
			"faces": {
				"north": {"uv": [0, 0, 16, 16], "texture": "#Voxel-AAFFFF"},
				"east": {"uv": [0, 0, 16, 16], "texture": "#Voxel-AAFFFF"},
				"south": {"uv": [0, 0, 16, 16], "texture": "#Voxel-AAFFFF"},
				"west": {"uv": [0, 0, 16, 16], "texture": "#Voxel-AAFFFF"},
				"up": {"uv": [0, 0, 0, 0], "texture": "#Voxel-AAFFFF"},
				"down": {"uv": [0, 0, 16, 16], "texture": "#Voxel-AAFFFF"}
			}
		},
		{
			"name": "Voxel-AAFFFF",
			"from": [11, 17, 10],
			"to": [12, 20, 11],
			"faces": {
				"north": {"uv": [0, 0, 16, 16], "texture": "#Voxel-AAFFFF"},
				"east": {"uv": [0, 0, 16, 16], "texture": "#Voxel-AAFFFF"},
				"south": {"uv": [0, 0, 16, 16], "texture": "#Voxel-AAFFFF"},
				"west": {"uv": [0, 0, 16, 16], "texture": "#Voxel-AAFFFF"},
				"down": {"uv": [0, 0, 16, 16], "texture": "#Voxel-AAFFFF"}
			}
		},
		{
			"name": "Voxel-AAFFFF",
			"from": [12, 17, 9],
			"to": [13, 22, 10],
			"faces": {
				"north": {"uv": [0, 0, 16, 16], "texture": "#Voxel-AAFFFF"},
				"east": {"uv": [0, 0, 16, 16], "texture": "#Voxel-AAFFFF"},
				"south": {"uv": [0, 0, 16, 16], "texture": "#Voxel-AAFFFF"},
				"west": {"uv": [0, 0, 16, 16], "texture": "#Voxel-AAFFFF"},
				"up": {"uv": [0, 0, 0, 0], "texture": "#Voxel-AAFFFF"},
				"down": {"uv": [0, 0, 16, 16], "texture": "#Voxel-AAFFFF"}
			}
		},
		{
			"name": "Voxel-AAFFFF",
			"from": [7, 15, 13],
			"to": [8, 20, 14],
			"faces": {
				"north": {"uv": [0, 0, 16, 16], "texture": "#Voxel-AAFFFF"},
				"east": {"uv": [0, 0, 16, 16], "texture": "#Voxel-AAFFFF"},
				"south": {"uv": [0, 0, 16, 16], "texture": "#Voxel-AAFFFF"},
				"west": {"uv": [0, 0, 16, 16], "texture": "#Voxel-AAFFFF"},
				"up": {"uv": [0, 0, 0, 0], "texture": "#Voxel-AAFFFF"},
				"down": {"uv": [0, 0, 16, 16], "texture": "#Voxel-AAFFFF"}
			}
		},
		{
			"name": "Voxel-AAFFFF",
			"from": [13, 15, 8],
			"to": [14, 20, 9],
			"faces": {
				"north": {"uv": [0, 0, 16, 16], "texture": "#Voxel-AAFFFF"},
				"east": {"uv": [0, 0, 16, 16], "texture": "#Voxel-AAFFFF"},
				"south": {"uv": [0, 0, 16, 16], "texture": "#Voxel-AAFFFF"},
				"west": {"uv": [0, 0, 16, 16], "texture": "#Voxel-AAFFFF"},
				"up": {"uv": [0, 0, 0, 0], "texture": "#Voxel-AAFFFF"},
				"down": {"uv": [0, 0, 16, 16], "texture": "#Voxel-AAFFFF"}
			}
		},
		{
			"name": "Voxel-AAFFFF",
			"from": [13, 16, 7],
			"to": [14, 19, 8],
			"faces": {
				"north": {"uv": [0, 0, 16, 16], "texture": "#Voxel-AAFFFF"},
				"east": {"uv": [0, 0, 16, 16], "texture": "#Voxel-AAFFFF"},
				"south": {"uv": [0, 0, 0, 0], "texture": "#Voxel-AAFFFF"},
				"west": {"uv": [0, 0, 16, 16], "texture": "#Voxel-AAFFFF"},
				"up": {"uv": [0, 0, 0, 0], "texture": "#Voxel-AAFFFF"},
				"down": {"uv": [0, 0, 16, 16], "texture": "#Voxel-AAFFFF"}
			}
		},
		{
			"name": "Voxel-AAFFFF",
			"from": [12, 17, 6],
			"to": [13, 21, 7],
			"faces": {
				"north": {"uv": [0, 0, 16, 16], "texture": "#Voxel-AAFFFF"},
				"east": {"uv": [0, 0, 16, 16], "texture": "#Voxel-AAFFFF"},
				"south": {"uv": [0, 0, 16, 16], "texture": "#Voxel-AAFFFF"},
				"west": {"uv": [0, 0, 16, 16], "texture": "#Voxel-AAFFFF"},
				"up": {"uv": [0, 0, 0, 0], "texture": "#Voxel-AAFFFF"},
				"down": {"uv": [0, 0, 16, 16], "texture": "#Voxel-AAFFFF"}
			}
		},
		{
			"name": "Voxel-AAFFFF",
			"from": [11, 16, 5],
			"to": [12, 20, 6],
			"faces": {
				"north": {"uv": [0, 0, 16, 16], "texture": "#Voxel-AAFFFF"},
				"east": {"uv": [0, 0, 16, 16], "texture": "#Voxel-AAFFFF"},
				"south": {"uv": [0, 0, 16, 16], "texture": "#Voxel-AAFFFF"},
				"west": {"uv": [0, 0, 16, 16], "texture": "#Voxel-AAFFFF"},
				"up": {"uv": [0, 0, 0, 0], "texture": "#Voxel-AAFFFF"},
				"down": {"uv": [0, 0, 16, 16], "texture": "#Voxel-AAFFFF"}
			}
		},
		{
			"name": "Voxel-AAFFFF",
			"from": [10, 18, 4],
			"to": [11, 22, 5],
			"faces": {
				"north": {"uv": [0, 0, 16, 16], "texture": "#Voxel-AAFFFF"},
				"east": {"uv": [0, 0, 16, 16], "texture": "#Voxel-AAFFFF"},
				"south": {"uv": [0, 0, 16, 16], "texture": "#Voxel-AAFFFF"},
				"west": {"uv": [0, 0, 16, 16], "texture": "#Voxel-AAFFFF"},
				"up": {"uv": [0, 0, 0, 0], "texture": "#Voxel-AAFFFF"},
				"down": {"uv": [0, 0, 16, 16], "texture": "#Voxel-AAFFFF"}
			}
		},
		{
			"name": "Voxel-AAFFFF",
			"from": [9, 17, 3],
			"to": [10, 22, 4],
			"faces": {
				"north": {"uv": [0, 0, 16, 16], "texture": "#Voxel-AAFFFF"},
				"east": {"uv": [0, 0, 16, 16], "texture": "#Voxel-AAFFFF"},
				"south": {"uv": [0, 0, 16, 16], "texture": "#Voxel-AAFFFF"},
				"west": {"uv": [0, 0, 16, 16], "texture": "#Voxel-AAFFFF"},
				"up": {"uv": [0, 0, 0, 0], "texture": "#Voxel-AAFFFF"},
				"down": {"uv": [0, 0, 16, 16], "texture": "#Voxel-AAFFFF"}
			}
		},
		{
			"name": "Voxel-FFFFFF",
			"from": [8, 19, 2],
			"to": [9, 20, 3],
			"faces": {
				"north": {"uv": [0, 0, 16, 16], "texture": "#Voxel-FFFFFF"},
				"east": {"uv": [0, 0, 16, 16], "texture": "#Voxel-FFFFFF"},
				"south": {"uv": [0, 0, 0, 0], "texture": "#Voxel-FFFFFF"},
				"west": {"uv": [0, 0, 0, 0], "texture": "#Voxel-FFFFFF"},
				"up": {"uv": [0, 0, 16, 16], "texture": "#Voxel-FFFFFF"},
				"down": {"uv": [0, 0, 0, 0], "texture": "#Voxel-FFFFFF"}
			}
		},
		{
			"name": "Voxel-AAFFFF",
			"from": [7, 23, 6],
			"to": [8, 24, 11],
			"faces": {
				"north": {"uv": [0, 0, 0, 0], "texture": "#Voxel-AAFFFF"},
				"east": {"uv": [0, 0, 0, 0], "texture": "#Voxel-AAFFFF"},
				"south": {"uv": [0, 0, 16, 16], "texture": "#Voxel-AAFFFF"},
				"west": {"uv": [0, 0, 16, 16], "texture": "#Voxel-AAFFFF"},
				"up": {"uv": [0, 0, 16, 16], "texture": "#Voxel-AAFFFF"},
				"down": {"uv": [0, 0, 0, 0], "texture": "#Voxel-AAFFFF"}
			}
		},
		{
			"name": "Voxel-AAFFFF",
			"from": [8, 23, 5],
			"to": [9, 24, 10],
			"faces": {
				"north": {"uv": [0, 0, 0, 0], "texture": "#Voxel-AAFFFF"},
				"east": {"uv": [0, 0, 16, 16], "texture": "#Voxel-AAFFFF"},
				"south": {"uv": [0, 0, 0, 0], "texture": "#Voxel-AAFFFF"},
				"west": {"uv": [0, 0, 0, 0], "texture": "#Voxel-AAFFFF"},
				"up": {"uv": [0, 0, 16, 16], "texture": "#Voxel-AAFFFF"},
				"down": {"uv": [0, 0, 0, 0], "texture": "#Voxel-AAFFFF"}
			}
		},
		{
			"name": "Voxel-AAFFFF",
			"from": [5, 23, 8],
			"to": [11, 24, 9],
			"faces": {
				"north": {"uv": [0, 0, 0, 0], "texture": "#Voxel-AAFFFF"},
				"east": {"uv": [0, 0, 16, 16], "texture": "#Voxel-AAFFFF"},
				"south": {"uv": [0, 0, 16, 16], "texture": "#Voxel-AAFFFF"},
				"west": {"uv": [0, 0, 0, 0], "texture": "#Voxel-AAFFFF"},
				"up": {"uv": [0, 0, 16, 16], "texture": "#Voxel-AAFFFF"},
				"down": {"uv": [0, 0, 0, 0], "texture": "#Voxel-AAFFFF"}
			}
		},
		{
			"name": "Voxel-AAFFFF",
			"from": [6, 23, 7],
			"to": [7, 24, 8],
			"faces": {
				"north": {"uv": [0, 0, 16, 16], "texture": "#Voxel-AAFFFF"},
				"east": {"uv": [0, 0, 0, 0], "texture": "#Voxel-AAFFFF"},
				"south": {"uv": [0, 0, 0, 0], "texture": "#Voxel-AAFFFF"},
				"west": {"uv": [0, 0, 0, 0], "texture": "#Voxel-AAFFFF"},
				"up": {"uv": [0, 0, 16, 16], "texture": "#Voxel-AAFFFF"},
				"down": {"uv": [0, 0, 0, 0], "texture": "#Voxel-AAFFFF"}
			}
		},
		{
			"name": "Voxel-AAFFFF",
			"from": [10, 23, 7],
			"to": [11, 24, 8],
			"faces": {
				"north": {"uv": [0, 0, 16, 16], "texture": "#Voxel-AAFFFF"},
				"east": {"uv": [0, 0, 16, 16], "texture": "#Voxel-AAFFFF"},
				"south": {"uv": [0, 0, 0, 0], "texture": "#Voxel-AAFFFF"},
				"west": {"uv": [0, 0, 0, 0], "texture": "#Voxel-AAFFFF"},
				"up": {"uv": [0, 0, 16, 16], "texture": "#Voxel-AAFFFF"},
				"down": {"uv": [0, 0, 0, 0], "texture": "#Voxel-AAFFFF"}
			}
		},
		{
			"name": "Voxel-FFFFFF",
			"from": [5, 23, 7],
			"to": [6, 24, 8],
			"faces": {
				"north": {"uv": [0, 0, 16, 16], "texture": "#Voxel-FFFFFF"},
				"east": {"uv": [0, 0, 0, 0], "texture": "#Voxel-FFFFFF"},
				"south": {"uv": [0, 0, 0, 0], "texture": "#Voxel-FFFFFF"},
				"west": {"uv": [0, 0, 16, 16], "texture": "#Voxel-FFFFFF"},
				"up": {"uv": [0, 0, 16, 16], "texture": "#Voxel-FFFFFF"},
				"down": {"uv": [0, 0, 0, 0], "texture": "#Voxel-FFFFFF"}
			}
		},
		{
			"name": "Voxel-FFFFFF",
			"from": [7, 23, 5],
			"to": [8, 24, 6],
			"faces": {
				"north": {"uv": [0, 0, 16, 16], "texture": "#Voxel-FFFFFF"},
				"east": {"uv": [0, 0, 0, 0], "texture": "#Voxel-FFFFFF"},
				"south": {"uv": [0, 0, 0, 0], "texture": "#Voxel-FFFFFF"},
				"west": {"uv": [0, 0, 16, 16], "texture": "#Voxel-FFFFFF"},
				"up": {"uv": [0, 0, 16, 16], "texture": "#Voxel-FFFFFF"},
				"down": {"uv": [0, 0, 0, 0], "texture": "#Voxel-FFFFFF"}
			}
		},
		{
			"name": "Voxel-FFFFFF",
			"from": [8, 23, 10],
			"to": [9, 24, 11],
			"faces": {
				"north": {"uv": [0, 0, 0, 0], "texture": "#Voxel-FFFFFF"},
				"east": {"uv": [0, 0, 16, 16], "texture": "#Voxel-FFFFFF"},
				"south": {"uv": [0, 0, 16, 16], "texture": "#Voxel-FFFFFF"},
				"west": {"uv": [0, 0, 0, 0], "texture": "#Voxel-FFFFFF"},
				"up": {"uv": [0, 0, 16, 16], "texture": "#Voxel-FFFFFF"},
				"down": {"uv": [0, 0, 0, 0], "texture": "#Voxel-FFFFFF"}
			}
		},
		{
			"name": "Voxel-AAFFFF",
			"from": [5, 22, 5],
			"to": [7, 23, 7],
			"faces": {
				"north": {"uv": [0, 0, 0, 0], "texture": "#Voxel-AAFFFF"},
				"east": {"uv": [0, 0, 0, 0], "texture": "#Voxel-AAFFFF"},
				"south": {"uv": [0, 0, 0, 0], "texture": "#Voxel-AAFFFF"},
				"west": {"uv": [0, 0, 0, 0], "texture": "#Voxel-AAFFFF"},
				"up": {"uv": [0, 0, 16, 16], "texture": "#Voxel-AAFFFF"},
				"down": {"uv": [0, 0, 16, 16], "texture": "#Voxel-AAFFFF"}
			}
		},
		{
			"name": "Voxel-AAFFFF",
			"from": [4, 22, 8],
			"to": [7, 23, 10],
			"faces": {
				"north": {"uv": [0, 0, 0, 0], "texture": "#Voxel-AAFFFF"},
				"east": {"uv": [0, 0, 0, 0], "texture": "#Voxel-AAFFFF"},
				"south": {"uv": [0, 0, 16, 16], "texture": "#Voxel-AAFFFF"},
				"west": {"uv": [0, 0, 16, 16], "texture": "#Voxel-AAFFFF"},
				"up": {"uv": [0, 0, 16, 16], "texture": "#Voxel-AAFFFF"},
				"down": {"uv": [0, 0, 16, 16], "texture": "#Voxel-AAFFFF"}
			}
		},
		{
			"name": "Voxel-AAFFFF",
			"from": [6, 22, 10],
			"to": [8, 23, 12],
			"faces": {
				"north": {"uv": [0, 0, 0, 0], "texture": "#Voxel-AAFFFF"},
				"east": {"uv": [0, 0, 0, 0], "texture": "#Voxel-AAFFFF"},
				"south": {"uv": [0, 0, 16, 16], "texture": "#Voxel-AAFFFF"},
				"west": {"uv": [0, 0, 16, 16], "texture": "#Voxel-AAFFFF"},
				"up": {"uv": [0, 0, 16, 16], "texture": "#Voxel-AAFFFF"},
				"down": {"uv": [0, 0, 16, 16], "texture": "#Voxel-AAFFFF"}
			}
		},
		{
			"name": "Voxel-AAFFFF",
			"from": [9, 22, 9],
			"to": [11, 23, 11],
			"faces": {
				"north": {"uv": [0, 0, 0, 0], "texture": "#Voxel-AAFFFF"},
				"east": {"uv": [0, 0, 16, 16], "texture": "#Voxel-AAFFFF"},
				"south": {"uv": [0, 0, 16, 16], "texture": "#Voxel-AAFFFF"},
				"west": {"uv": [0, 0, 0, 0], "texture": "#Voxel-AAFFFF"},
				"up": {"uv": [0, 0, 16, 16], "texture": "#Voxel-AAFFFF"},
				"down": {"uv": [0, 0, 0, 0], "texture": "#Voxel-AAFFFF"}
			}
		},
		{
			"name": "Voxel-AAFFFF",
			"from": [10, 22, 6],
			"to": [12, 23, 9],
			"faces": {
				"north": {"uv": [0, 0, 16, 16], "texture": "#Voxel-AAFFFF"},
				"east": {"uv": [0, 0, 16, 16], "texture": "#Voxel-AAFFFF"},
				"south": {"uv": [0, 0, 0, 0], "texture": "#Voxel-AAFFFF"},
				"west": {"uv": [0, 0, 0, 0], "texture": "#Voxel-AAFFFF"},
				"up": {"uv": [0, 0, 16, 16], "texture": "#Voxel-AAFFFF"},
				"down": {"uv": [0, 0, 16, 16], "texture": "#Voxel-AAFFFF"}
			}
		},
		{
			"name": "Voxel-AAFFFF",
			"from": [8, 22, 4],
			"to": [10, 23, 6],
			"faces": {
				"north": {"uv": [0, 0, 16, 16], "texture": "#Voxel-AAFFFF"},
				"east": {"uv": [0, 0, 16, 16], "texture": "#Voxel-AAFFFF"},
				"south": {"uv": [0, 0, 0, 0], "texture": "#Voxel-AAFFFF"},
				"west": {"uv": [0, 0, 0, 0], "texture": "#Voxel-AAFFFF"},
				"up": {"uv": [0, 0, 16, 16], "texture": "#Voxel-AAFFFF"},
				"down": {"uv": [0, 0, 16, 16], "texture": "#Voxel-AAFFFF"}
			}
		},
		{
			"name": "Voxel-FFFFFF",
			"from": [7, 22, 4],
			"to": [8, 23, 5],
			"faces": {
				"north": {"uv": [0, 0, 16, 16], "texture": "#Voxel-FFFFFF"},
				"east": {"uv": [0, 0, 0, 0], "texture": "#Voxel-FFFFFF"},
				"south": {"uv": [0, 0, 0, 0], "texture": "#Voxel-FFFFFF"},
				"west": {"uv": [0, 0, 0, 0], "texture": "#Voxel-FFFFFF"},
				"up": {"uv": [0, 0, 16, 16], "texture": "#Voxel-FFFFFF"},
				"down": {"uv": [0, 0, 16, 16], "texture": "#Voxel-FFFFFF"}
			}
		},
		{
			"name": "Voxel-FFFFFF",
			"from": [4, 22, 6],
			"to": [5, 23, 8],
			"faces": {
				"north": {"uv": [0, 0, 16, 16], "texture": "#Voxel-FFFFFF"},
				"east": {"uv": [0, 0, 0, 0], "texture": "#Voxel-FFFFFF"},
				"south": {"uv": [0, 0, 0, 0], "texture": "#Voxel-FFFFFF"},
				"west": {"uv": [0, 0, 16, 16], "texture": "#Voxel-FFFFFF"},
				"up": {"uv": [0, 0, 16, 16], "texture": "#Voxel-FFFFFF"},
				"down": {"uv": [0, 0, 16, 16], "texture": "#Voxel-FFFFFF"}
			}
		},
		{
			"name": "Voxel-FFFFFF",
			"from": [5, 22, 10],
			"to": [6, 23, 11],
			"faces": {
				"north": {"uv": [0, 0, 0, 0], "texture": "#Voxel-FFFFFF"},
				"east": {"uv": [0, 0, 0, 0], "texture": "#Voxel-FFFFFF"},
				"south": {"uv": [0, 0, 16, 16], "texture": "#Voxel-FFFFFF"},
				"west": {"uv": [0, 0, 16, 16], "texture": "#Voxel-FFFFFF"},
				"up": {"uv": [0, 0, 16, 16], "texture": "#Voxel-FFFFFF"},
				"down": {"uv": [0, 0, 0, 0], "texture": "#Voxel-FFFFFF"}
			}
		},
		{
			"name": "Voxel-FFFFFF",
			"from": [8, 22, 11],
			"to": [9, 23, 12],
			"faces": {
				"north": {"uv": [0, 0, 0, 0], "texture": "#Voxel-FFFFFF"},
				"east": {"uv": [0, 0, 0, 0], "texture": "#Voxel-FFFFFF"},
				"south": {"uv": [0, 0, 16, 16], "texture": "#Voxel-FFFFFF"},
				"west": {"uv": [0, 0, 0, 0], "texture": "#Voxel-FFFFFF"},
				"up": {"uv": [0, 0, 16, 16], "texture": "#Voxel-FFFFFF"},
				"down": {"uv": [0, 0, 16, 16], "texture": "#Voxel-FFFFFF"}
			}
		},
		{
			"name": "Voxel-FFFFFF",
			"from": [11, 22, 9],
			"to": [12, 23, 10],
			"faces": {
				"north": {"uv": [0, 0, 0, 0], "texture": "#Voxel-FFFFFF"},
				"east": {"uv": [0, 0, 16, 16], "texture": "#Voxel-FFFFFF"},
				"south": {"uv": [0, 0, 16, 16], "texture": "#Voxel-FFFFFF"},
				"west": {"uv": [0, 0, 0, 0], "texture": "#Voxel-FFFFFF"},
				"up": {"uv": [0, 0, 16, 16], "texture": "#Voxel-FFFFFF"},
				"down": {"uv": [0, 0, 16, 16], "texture": "#Voxel-FFFFFF"}
			}
		},
		{
			"name": "Voxel-FFFFFF",
			"from": [9, 22, 6],
			"to": [10, 23, 7],
			"faces": {
				"north": {"uv": [0, 0, 0, 0], "texture": "#Voxel-FFFFFF"},
				"east": {"uv": [0, 0, 0, 0], "texture": "#Voxel-FFFFFF"},
				"south": {"uv": [0, 0, 0, 0], "texture": "#Voxel-FFFFFF"},
				"west": {"uv": [0, 0, 0, 0], "texture": "#Voxel-FFFFFF"},
				"up": {"uv": [0, 0, 16, 16], "texture": "#Voxel-FFFFFF"},
				"down": {"uv": [0, 0, 16, 16], "texture": "#Voxel-FFFFFF"}
			}
		},
		{
			"name": "Voxel-AAFFFF",
			"from": [3, 21, 7],
			"to": [4, 22, 9],
			"faces": {
				"north": {"uv": [0, 0, 0, 0], "texture": "#Voxel-AAFFFF"},
				"east": {"uv": [0, 0, 16, 16], "texture": "#Voxel-AAFFFF"},
				"south": {"uv": [0, 0, 0, 0], "texture": "#Voxel-AAFFFF"},
				"west": {"uv": [0, 0, 16, 16], "texture": "#Voxel-AAFFFF"},
				"up": {"uv": [0, 0, 16, 16], "texture": "#Voxel-AAFFFF"},
				"down": {"uv": [0, 0, 0, 0], "texture": "#Voxel-AAFFFF"}
			}
		},
		{
			"name": "Voxel-AAFFFF",
			"from": [3, 20, 8],
			"to": [4, 21, 9],
			"faces": {
				"north": {"uv": [0, 0, 0, 0], "texture": "#Voxel-AAFFFF"},
				"east": {"uv": [0, 0, 16, 16], "texture": "#Voxel-AAFFFF"},
				"south": {"uv": [0, 0, 0, 0], "texture": "#Voxel-AAFFFF"},
				"west": {"uv": [0, 0, 16, 16], "texture": "#Voxel-AAFFFF"},
				"up": {"uv": [0, 0, 0, 0], "texture": "#Voxel-AAFFFF"},
				"down": {"uv": [0, 0, 0, 0], "texture": "#Voxel-AAFFFF"}
			}
		},
		{
			"name": "Voxel-AAFFFF",
			"from": [12, 21, 6],
			"to": [13, 22, 9],
			"faces": {
				"north": {"uv": [0, 0, 16, 16], "texture": "#Voxel-AAFFFF"},
				"east": {"uv": [0, 0, 16, 16], "texture": "#Voxel-AAFFFF"},
				"south": {"uv": [0, 0, 0, 0], "texture": "#Voxel-AAFFFF"},
				"west": {"uv": [0, 0, 16, 16], "texture": "#Voxel-AAFFFF"},
				"up": {"uv": [0, 0, 16, 16], "texture": "#Voxel-AAFFFF"},
				"down": {"uv": [0, 0, 0, 0], "texture": "#Voxel-AAFFFF"}
			}
		},
		{
			"name": "Voxel-AAFFFF",
			"from": [12, 20, 8],
			"to": [13, 21, 9],
			"faces": {
				"north": {"uv": [0, 0, 0, 0], "texture": "#Voxel-AAFFFF"},
				"east": {"uv": [0, 0, 16, 16], "texture": "#Voxel-AAFFFF"},
				"south": {"uv": [0, 0, 0, 0], "texture": "#Voxel-AAFFFF"},
				"west": {"uv": [0, 0, 16, 16], "texture": "#Voxel-AAFFFF"},
				"up": {"uv": [0, 0, 0, 0], "texture": "#Voxel-AAFFFF"},
				"down": {"uv": [0, 0, 0, 0], "texture": "#Voxel-AAFFFF"}
			}
		},
		{
			"name": "Voxel-FFFFFF",
			"from": [3, 20, 7],
			"to": [4, 21, 8],
			"faces": {
				"north": {"uv": [0, 0, 0, 0], "texture": "#Voxel-FFFFFF"},
				"east": {"uv": [0, 0, 16, 16], "texture": "#Voxel-FFFFFF"},
				"south": {"uv": [0, 0, 0, 0], "texture": "#Voxel-FFFFFF"},
				"west": {"uv": [0, 0, 16, 16], "texture": "#Voxel-FFFFFF"},
				"up": {"uv": [0, 0, 0, 0], "texture": "#Voxel-FFFFFF"},
				"down": {"uv": [0, 0, 0, 0], "texture": "#Voxel-FFFFFF"}
			}
		},
		{
			"name": "Voxel-AAFFFF",
			"from": [6, 21, 12],
			"to": [9, 22, 13],
			"faces": {
				"north": {"uv": [0, 0, 16, 16], "texture": "#Voxel-AAFFFF"},
				"east": {"uv": [0, 0, 0, 0], "texture": "#Voxel-AAFFFF"},
				"south": {"uv": [0, 0, 16, 16], "texture": "#Voxel-AAFFFF"},
				"west": {"uv": [0, 0, 16, 16], "texture": "#Voxel-AAFFFF"},
				"up": {"uv": [0, 0, 16, 16], "texture": "#Voxel-AAFFFF"},
				"down": {"uv": [0, 0, 0, 0], "texture": "#Voxel-AAFFFF"}
			}
		},
		{
			"name": "Voxel-AAFFFF",
			"from": [7, 20, 12],
			"to": [8, 21, 13],
			"faces": {
				"north": {"uv": [0, 0, 16, 16], "texture": "#Voxel-AAFFFF"},
				"east": {"uv": [0, 0, 0, 0], "texture": "#Voxel-AAFFFF"},
				"south": {"uv": [0, 0, 16, 16], "texture": "#Voxel-AAFFFF"},
				"west": {"uv": [0, 0, 0, 0], "texture": "#Voxel-AAFFFF"},
				"up": {"uv": [0, 0, 0, 0], "texture": "#Voxel-AAFFFF"},
				"down": {"uv": [0, 0, 0, 0], "texture": "#Voxel-AAFFFF"}
			}
		},
		{
			"name": "Voxel-FFFFFF",
			"from": [8, 19, 13],
			"to": [9, 20, 14],
			"faces": {
				"north": {"uv": [0, 0, 0, 0], "texture": "#Voxel-FFFFFF"},
				"east": {"uv": [0, 0, 16, 16], "texture": "#Voxel-FFFFFF"},
				"south": {"uv": [0, 0, 16, 16], "texture": "#Voxel-FFFFFF"},
				"west": {"uv": [0, 0, 0, 0], "texture": "#Voxel-FFFFFF"},
				"up": {"uv": [0, 0, 16, 16], "texture": "#Voxel-FFFFFF"},
				"down": {"uv": [0, 0, 0, 0], "texture": "#Voxel-FFFFFF"}
			}
		},
		{
			"name": "Voxel-FFFFFF",
			"from": [8, 20, 12],
			"to": [9, 21, 13],
			"faces": {
				"north": {"uv": [0, 0, 16, 16], "texture": "#Voxel-FFFFFF"},
				"east": {"uv": [0, 0, 0, 0], "texture": "#Voxel-FFFFFF"},
				"south": {"uv": [0, 0, 16, 16], "texture": "#Voxel-FFFFFF"},
				"west": {"uv": [0, 0, 0, 0], "texture": "#Voxel-FFFFFF"},
				"up": {"uv": [0, 0, 0, 0], "texture": "#Voxel-FFFFFF"},
				"down": {"uv": [0, 0, 0, 0], "texture": "#Voxel-FFFFFF"}
			}
		},
		{
			"name": "Voxel-FFFFFF",
			"from": [11, 20, 10],
			"to": [12, 22, 11],
			"faces": {
				"north": {"uv": [0, 0, 16, 16], "texture": "#Voxel-FFFFFF"},
				"east": {"uv": [0, 0, 16, 16], "texture": "#Voxel-FFFFFF"},
				"south": {"uv": [0, 0, 16, 16], "texture": "#Voxel-FFFFFF"},
				"west": {"uv": [0, 0, 16, 16], "texture": "#Voxel-FFFFFF"},
				"up": {"uv": [0, 0, 0, 0], "texture": "#Voxel-FFFFFF"},
				"down": {"uv": [0, 0, 0, 0], "texture": "#Voxel-FFFFFF"}
			}
		},
		{
			"name": "Voxel-FFFFFF",
			"from": [13, 19, 7],
			"to": [14, 20, 8],
			"faces": {
				"north": {"uv": [0, 0, 16, 16], "texture": "#Voxel-FFFFFF"},
				"east": {"uv": [0, 0, 16, 16], "texture": "#Voxel-FFFFFF"},
				"south": {"uv": [0, 0, 0, 0], "texture": "#Voxel-FFFFFF"},
				"west": {"uv": [0, 0, 0, 0], "texture": "#Voxel-FFFFFF"},
				"up": {"uv": [0, 0, 16, 16], "texture": "#Voxel-FFFFFF"},
				"down": {"uv": [0, 0, 0, 0], "texture": "#Voxel-FFFFFF"}
			}
		},
		{
			"name": "Voxel-FFFFFF",
			"from": [12, 20, 7],
			"to": [13, 21, 8],
			"faces": {
				"north": {"uv": [0, 0, 0, 0], "texture": "#Voxel-FFFFFF"},
				"east": {"uv": [0, 0, 16, 16], "texture": "#Voxel-FFFFFF"},
				"south": {"uv": [0, 0, 0, 0], "texture": "#Voxel-FFFFFF"},
				"west": {"uv": [0, 0, 16, 16], "texture": "#Voxel-FFFFFF"},
				"up": {"uv": [0, 0, 0, 0], "texture": "#Voxel-FFFFFF"},
				"down": {"uv": [0, 0, 0, 0], "texture": "#Voxel-FFFFFF"}
			}
		},
		{
			"name": "Voxel-FFFFFF",
			"from": [8, 20, 3],
			"to": [9, 21, 4],
			"faces": {
				"north": {"uv": [0, 0, 16, 16], "texture": "#Voxel-FFFFFF"},
				"east": {"uv": [0, 0, 0, 0], "texture": "#Voxel-FFFFFF"},
				"south": {"uv": [0, 0, 16, 16], "texture": "#Voxel-FFFFFF"},
				"west": {"uv": [0, 0, 0, 0], "texture": "#Voxel-FFFFFF"},
				"up": {"uv": [0, 0, 0, 0], "texture": "#Voxel-FFFFFF"},
				"down": {"uv": [0, 0, 0, 0], "texture": "#Voxel-FFFFFF"}
			}
		},
		{
			"name": "Voxel-FFFFFF",
			"from": [11, 20, 5],
			"to": [12, 22, 6],
			"faces": {
				"north": {"uv": [0, 0, 16, 16], "texture": "#Voxel-FFFFFF"},
				"east": {"uv": [0, 0, 16, 16], "texture": "#Voxel-FFFFFF"},
				"south": {"uv": [0, 0, 16, 16], "texture": "#Voxel-FFFFFF"},
				"west": {"uv": [0, 0, 16, 16], "texture": "#Voxel-FFFFFF"},
				"up": {"uv": [0, 0, 0, 0], "texture": "#Voxel-FFFFFF"},
				"down": {"uv": [0, 0, 0, 0], "texture": "#Voxel-FFFFFF"}
			}
		},
		{
			"name": "Voxel-AAFFFF",
			"from": [6, 21, 3],
			"to": [9, 22, 4],
			"faces": {
				"north": {"uv": [0, 0, 16, 16], "texture": "#Voxel-AAFFFF"},
				"east": {"uv": [0, 0, 0, 0], "texture": "#Voxel-AAFFFF"},
				"south": {"uv": [0, 0, 16, 16], "texture": "#Voxel-AAFFFF"},
				"west": {"uv": [0, 0, 0, 0], "texture": "#Voxel-AAFFFF"},
				"up": {"uv": [0, 0, 16, 16], "texture": "#Voxel-AAFFFF"},
				"down": {"uv": [0, 0, 0, 0], "texture": "#Voxel-AAFFFF"}
			}
		},
		{
			"name": "Voxel-AAFFFF",
			"from": [7, 20, 3],
			"to": [8, 21, 4],
			"faces": {
				"north": {"uv": [0, 0, 16, 16], "texture": "#Voxel-AAFFFF"},
				"east": {"uv": [0, 0, 0, 0], "texture": "#Voxel-AAFFFF"},
				"south": {"uv": [0, 0, 16, 16], "texture": "#Voxel-AAFFFF"},
				"west": {"uv": [0, 0, 0, 0], "texture": "#Voxel-AAFFFF"},
				"up": {"uv": [0, 0, 0, 0], "texture": "#Voxel-AAFFFF"},
				"down": {"uv": [0, 0, 0, 0], "texture": "#Voxel-AAFFFF"}
			}
		},
		{
			"name": "Voxel-AAFFFF",
			"from": [2, 16, 8],
			"to": [3, 19, 9],
			"faces": {
				"east": {"uv": [0, 0, 16, 16], "texture": "#Voxel-AAFFFF"},
				"south": {"uv": [0, 0, 16, 16], "texture": "#Voxel-AAFFFF"},
				"west": {"uv": [0, 0, 16, 16], "texture": "#Voxel-AAFFFF"},
				"down": {"uv": [0, 0, 16, 16], "texture": "#Voxel-AAFFFF"}
			}
		},
		{
			"name": "Voxel-FFFFFF",
			"from": [4, 20, 10],
			"to": [5, 22, 11],
			"faces": {
				"north": {"uv": [0, 0, 16, 16], "texture": "#Voxel-FFFFFF"},
				"east": {"uv": [0, 0, 16, 16], "texture": "#Voxel-FFFFFF"},
				"south": {"uv": [0, 0, 16, 16], "texture": "#Voxel-FFFFFF"},
				"west": {"uv": [0, 0, 16, 16], "texture": "#Voxel-FFFFFF"},
				"up": {"uv": [0, 0, 0, 0], "texture": "#Voxel-FFFFFF"},
				"down": {"uv": [0, 0, 0, 0], "texture": "#Voxel-FFFFFF"}
			}
		},
		{
			"name": "Voxel-FFFFFF",
			"from": [9, 23, 7],
			"to": [10, 24, 8],
			"faces": {
				"north": {"uv": [0, 0, 16, 16], "texture": "#Voxel-FFFFFF"},
				"east": {"uv": [0, 0, 0, 0], "texture": "#Voxel-FFFFFF"},
				"south": {"uv": [0, 0, 0, 0], "texture": "#Voxel-FFFFFF"},
				"west": {"uv": [0, 0, 0, 0], "texture": "#Voxel-FFFFFF"},
				"up": {"uv": [0, 0, 16, 16], "texture": "#Voxel-FFFFFF"},
				"down": {"uv": [0, 0, 0, 0], "texture": "#Voxel-FFFFFF"}
			}
		},
		{
			"name": "Voxel-AAFFFF",
			"from": [6, 22, 4],
			"to": [7, 23, 5],
			"faces": {
				"north": {"uv": [0, 0, 16, 16], "texture": "#Voxel-AAFFFF"},
				"east": {"uv": [0, 0, 0, 0], "texture": "#Voxel-AAFFFF"},
				"south": {"uv": [0, 0, 0, 0], "texture": "#Voxel-AAFFFF"},
				"west": {"uv": [0, 0, 16, 16], "texture": "#Voxel-AAFFFF"},
				"up": {"uv": [0, 0, 16, 16], "texture": "#Voxel-AAFFFF"},
				"down": {"uv": [0, 0, 16, 16], "texture": "#Voxel-AAFFFF"}
			}
		},
		{
			"name": "Voxel-AAFFFF",
			"from": [10, 22, 5],
			"to": [11, 23, 6],
			"faces": {
				"north": {"uv": [0, 0, 16, 16], "texture": "#Voxel-AAFFFF"},
				"east": {"uv": [0, 0, 16, 16], "texture": "#Voxel-AAFFFF"},
				"south": {"uv": [0, 0, 0, 0], "texture": "#Voxel-AAFFFF"},
				"west": {"uv": [0, 0, 0, 0], "texture": "#Voxel-AAFFFF"},
				"up": {"uv": [0, 0, 16, 16], "texture": "#Voxel-AAFFFF"},
				"down": {"uv": [0, 0, 0, 0], "texture": "#Voxel-AAFFFF"}
			}
		},
		{
			"name": "Voxel-AAFFFF",
			"from": [9, 22, 11],
			"to": [10, 23, 12],
			"faces": {
				"east": {"uv": [0, 0, 16, 16], "texture": "#Voxel-AAFFFF"},
				"south": {"uv": [0, 0, 16, 16], "texture": "#Voxel-AAFFFF"},
				"up": {"uv": [0, 0, 16, 16], "texture": "#Voxel-AAFFFF"},
				"down": {"uv": [0, 0, 16, 16], "texture": "#Voxel-AAFFFF"}
			}
		},
		{
			"name": "Voxel-AAFFFF",
			"from": [8, 16, 13],
			"to": [9, 19, 14],
			"faces": {
				"north": {"uv": [0, 0, 16, 16], "texture": "#Voxel-AAFFFF"},
				"east": {"uv": [0, 0, 16, 16], "texture": "#Voxel-AAFFFF"},
				"south": {"uv": [0, 0, 16, 16], "texture": "#Voxel-AAFFFF"},
				"down": {"uv": [0, 0, 16, 16], "texture": "#Voxel-AAFFFF"}
			}
		},
		{
			"name": "Voxel-562F0E",
			"from": [8, 16, 7],
			"to": [9, 22, 8],
			"faces": {
				"north": {"uv": [0, 0, 16, 16], "texture": "#Voxel-562F0E"},
				"east": {"uv": [0, 0, 16, 16], "texture": "#Voxel-562F0E"}
			}
		},
		{
			"name": "Voxel-562F0E",
			"from": [7, 19, 7],
			"to": [8, 22, 8],
			"faces": {
				"north": {"uv": [0, 0, 16, 16], "texture": "#Voxel-562F0E"},
				"west": {"uv": [0, 0, 16, 16], "texture": "#Voxel-562F0E"}
			}
		},
		{
			"name": "Voxel-562F0E",
			"from": [7, 17, 8],
			"to": [8, 22, 9],
			"faces": {
				"south": {"uv": [0, 0, 16, 16], "texture": "#Voxel-562F0E"},
				"west": {"uv": [0, 0, 16, 16], "texture": "#Voxel-562F0E"}
			}
		},
		{
			"name": "Voxel-562F0E",
			"from": [8, 12, 8],
			"to": [9, 19, 9],
			"faces": {
				"east": {"uv": [0, 0, 16, 16], "texture": "#Voxel-562F0E"},
				"south": {"uv": [0, 0, 16, 16], "texture": "#Voxel-562F0E"}
			}
		},
		{
			"name": "Voxel-AAFFFF",
			"from": [8, 19, 8],
			"to": [9, 21, 9],
			"faces": {
				"east": {"uv": [0, 0, 16, 16], "texture": "#Voxel-AAFFFF"},
				"south": {"uv": [0, 0, 16, 16], "texture": "#Voxel-AAFFFF"}
			}
		},
		{
			"name": "Voxel-AAFFFF",
			"from": [7, 15, 8],
			"to": [8, 17, 9],
			"faces": {
				"south": {"uv": [0, 0, 16, 16], "texture": "#Voxel-AAFFFF"},
				"west": {"uv": [0, 0, 16, 16], "texture": "#Voxel-AAFFFF"}
			}
		},
		{
			"name": "Voxel-AAFFFF",
			"from": [7, 17, 7],
			"to": [8, 19, 8],
			"faces": {
				"north": {"uv": [0, 0, 16, 16], "texture": "#Voxel-AAFFFF"},
				"west": {"uv": [0, 0, 16, 16], "texture": "#Voxel-AAFFFF"}
			}
		},
		{
			"name": "Voxel-AAFFFF",
			"from": [8, 14, 7],
			"to": [9, 16, 8],
			"faces": {
				"north": {"uv": [0, 0, 16, 16], "texture": "#Voxel-AAFFFF"},
				"east": {"uv": [0, 0, 16, 16], "texture": "#Voxel-AAFFFF"}
			}
		},
		{
			"name": "Voxel-AAFFFF",
			"from": [8, 10, 8],
			"to": [9, 12, 9],
			"faces": {
				"east": {"uv": [0, 0, 16, 16], "texture": "#Voxel-AAFFFF"},
				"south": {"uv": [0, 0, 16, 16], "texture": "#Voxel-AAFFFF"}
			}
		},
		{
			"name": "Voxel-AAFFFF",
			"from": [7, 9, 7],
			"to": [8, 11, 8],
			"faces": {
				"north": {"uv": [0, 0, 16, 16], "texture": "#Voxel-AAFFFF"},
				"west": {"uv": [0, 0, 16, 16], "texture": "#Voxel-AAFFFF"}
			}
		},
		{
			"name": "Voxel-AAFFFF",
			"from": [7, 5, 8],
			"to": [8, 7, 9],
			"faces": {
				"south": {"uv": [0, 0, 16, 16], "texture": "#Voxel-AAFFFF"},
				"west": {"uv": [0, 0, 16, 16], "texture": "#Voxel-AAFFFF"}
			}
		},
		{
			"name": "Voxel-AAFFFF",
			"from": [8, 4, 7],
			"to": [9, 6, 8],
			"faces": {
				"north": {"uv": [0, 0, 16, 16], "texture": "#Voxel-AAFFFF"},
				"east": {"uv": [0, 0, 16, 16], "texture": "#Voxel-AAFFFF"}
			}
		},
		{
			"name": "Voxel-AAFFFF",
			"from": [7, -2, 7],
			"to": [8, 0, 8],
			"faces": {
				"north": {"uv": [0, 0, 16, 16], "texture": "#Voxel-AAFFFF"},
				"west": {"uv": [0, 0, 16, 16], "texture": "#Voxel-AAFFFF"}
			}
		},
		{
			"name": "Voxel-AAFFFF",
			"from": [7, -5, 8],
			"to": [8, -3, 9],
			"faces": {
				"south": {"uv": [0, 0, 16, 16], "texture": "#Voxel-AAFFFF"},
				"west": {"uv": [0, 0, 16, 16], "texture": "#Voxel-AAFFFF"}
			}
		},
		{
			"name": "Voxel-AAFFFF",
			"from": [8, 0, 8],
			"to": [9, 2, 9],
			"faces": {
				"east": {"uv": [0, 0, 16, 16], "texture": "#Voxel-AAFFFF"},
				"south": {"uv": [0, 0, 16, 16], "texture": "#Voxel-AAFFFF"}
			}
		},
		{
			"name": "Voxel-AAFFFF",
			"from": [8, -6, 7],
			"to": [9, -4, 8],
			"faces": {
				"north": {"uv": [0, 0, 16, 16], "texture": "#Voxel-AAFFFF"},
				"east": {"uv": [0, 0, 16, 16], "texture": "#Voxel-AAFFFF"}
			}
		},
		{
			"name": "Voxel-562F0E",
			"from": [7, -5, 7],
			"to": [8, -2, 8],
			"faces": {
				"north": {"uv": [0, 0, 16, 16], "texture": "#Voxel-562F0E"},
				"west": {"uv": [0, 0, 16, 16], "texture": "#Voxel-562F0E"}
			}
		},
		{
			"name": "Voxel-562F0E",
			"from": [8, -5, 8],
			"to": [9, 0, 9],
			"faces": {
				"east": {"uv": [0, 0, 16, 16], "texture": "#Voxel-562F0E"},
				"south": {"uv": [0, 0, 16, 16], "texture": "#Voxel-562F0E"}
			}
		},
		{
			"name": "Voxel-562F0E",
			"from": [8, -4, 7],
			"to": [9, 4, 8],
			"faces": {
				"north": {"uv": [0, 0, 16, 16], "texture": "#Voxel-562F0E"},
				"east": {"uv": [0, 0, 16, 16], "texture": "#Voxel-562F0E"}
			}
		},
		{
			"name": "Voxel-562F0E",
			"from": [7, -3, 8],
			"to": [8, 5, 9],
			"faces": {
				"south": {"uv": [0, 0, 16, 16], "texture": "#Voxel-562F0E"},
				"west": {"uv": [0, 0, 16, 16], "texture": "#Voxel-562F0E"}
			}
		},
		{
			"name": "Voxel-562F0E",
			"from": [8, 2, 8],
			"to": [9, 10, 9],
			"faces": {
				"east": {"uv": [0, 0, 16, 16], "texture": "#Voxel-562F0E"},
				"south": {"uv": [0, 0, 16, 16], "texture": "#Voxel-562F0E"}
			}
		},
		{
			"name": "Voxel-562F0E",
			"from": [7, 0, 7],
			"to": [8, 9, 8],
			"faces": {
				"north": {"uv": [0, 0, 16, 16], "texture": "#Voxel-562F0E"},
				"west": {"uv": [0, 0, 16, 16], "texture": "#Voxel-562F0E"}
			}
		},
		{
			"name": "Voxel-562F0E",
			"from": [7, 7, 8],
			"to": [8, 15, 9],
			"faces": {
				"south": {"uv": [0, 0, 16, 16], "texture": "#Voxel-562F0E"},
				"west": {"uv": [0, 0, 16, 16], "texture": "#Voxel-562F0E"}
			}
		},
		{
			"name": "Voxel-562F0E",
			"from": [8, 6, 7],
			"to": [9, 14, 8],
			"faces": {
				"north": {"uv": [0, 0, 16, 16], "texture": "#Voxel-562F0E"},
				"east": {"uv": [0, 0, 16, 16], "texture": "#Voxel-562F0E"}
			}
		},
		{
			"name": "Voxel-562F0E",
			"from": [7, 11, 7],
			"to": [8, 17, 8],
			"faces": {
				"north": {"uv": [0, 0, 16, 16], "texture": "#Voxel-562F0E"},
				"west": {"uv": [0, 0, 16, 16], "texture": "#Voxel-562F0E"}
			}
		},
		{
			"name": "Voxel-AAFFFF",
			"from": [9, -10, 8],
			"to": [10, -7, 9],
			"faces": {
				"north": {"uv": [0, 0, 16, 16], "texture": "#Voxel-AAFFFF"},
				"east": {"uv": [0, 0, 16, 16], "texture": "#Voxel-AAFFFF"},
				"south": {"uv": [0, 0, 16, 16], "texture": "#Voxel-AAFFFF"},
				"west": {"uv": [0, 0, 0, 0], "texture": "#Voxel-AAFFFF"},
				"up": {"uv": [0, 0, 0, 0], "texture": "#Voxel-AAFFFF"},
				"down": {"uv": [0, 0, 16, 16], "texture": "#Voxel-AAFFFF"}
			}
		},
		{
			"name": "Voxel-AAFFFF",
			"from": [9, -9, 7],
			"to": [10, -6, 8],
			"faces": {
				"north": {"uv": [0, 0, 16, 16], "texture": "#Voxel-AAFFFF"},
				"east": {"uv": [0, 0, 16, 16], "texture": "#Voxel-AAFFFF"},
				"south": {"uv": [0, 0, 0, 0], "texture": "#Voxel-AAFFFF"},
				"west": {"uv": [0, 0, 0, 0], "texture": "#Voxel-AAFFFF"},
				"up": {"uv": [0, 0, 0, 0], "texture": "#Voxel-AAFFFF"},
				"down": {"uv": [0, 0, 16, 16], "texture": "#Voxel-AAFFFF"}
			}
		},
		{
			"name": "Voxel-AAFFFF",
			"from": [6, -11, 9],
			"to": [7, -10, 10],
			"faces": {
				"north": {"uv": [0, 0, 16, 16], "texture": "#Voxel-AAFFFF"},
				"east": {"uv": [0, 0, 16, 16], "texture": "#Voxel-AAFFFF"},
				"south": {"uv": [0, 0, 16, 16], "texture": "#Voxel-AAFFFF"},
				"west": {"uv": [0, 0, 16, 16], "texture": "#Voxel-AAFFFF"},
				"up": {"uv": [0, 0, 0, 0], "texture": "#Voxel-AAFFFF"},
				"down": {"uv": [0, 0, 16, 16], "texture": "#Voxel-AAFFFF"}
			}
		},
		{
			"name": "Voxel-AAFFFF",
			"from": [7, -10, 9],
			"to": [8, -6, 10],
			"faces": {
				"north": {"uv": [0, 0, 0, 0], "texture": "#Voxel-AAFFFF"},
				"east": {"uv": [0, 0, 0, 0], "texture": "#Voxel-AAFFFF"},
				"south": {"uv": [0, 0, 16, 16], "texture": "#Voxel-AAFFFF"},
				"west": {"uv": [0, 0, 0, 0], "texture": "#Voxel-AAFFFF"},
				"up": {"uv": [0, 0, 0, 0], "texture": "#Voxel-AAFFFF"},
				"down": {"uv": [0, 0, 16, 16], "texture": "#Voxel-AAFFFF"}
			}
		},
		{
			"name": "Voxel-AAFFFF",
			"from": [8, -10, 9],
			"to": [9, -9, 10],
			"faces": {
				"north": {"uv": [0, 0, 0, 0], "texture": "#Voxel-AAFFFF"},
				"east": {"uv": [0, 0, 16, 16], "texture": "#Voxel-AAFFFF"},
				"south": {"uv": [0, 0, 16, 16], "texture": "#Voxel-AAFFFF"},
				"west": {"uv": [0, 0, 0, 0], "texture": "#Voxel-AAFFFF"},
				"up": {"uv": [0, 0, 0, 0], "texture": "#Voxel-AAFFFF"},
				"down": {"uv": [0, 0, 16, 16], "texture": "#Voxel-AAFFFF"}
			}
		},
		{
			"name": "Voxel-AAFFFF",
			"from": [8, -11, 8],
			"to": [9, -8, 9],
			"faces": {
				"north": {"uv": [0, 0, 16, 16], "texture": "#Voxel-AAFFFF"},
				"east": {"uv": [0, 0, 16, 16], "texture": "#Voxel-AAFFFF"},
				"south": {"uv": [0, 0, 16, 16], "texture": "#Voxel-AAFFFF"},
				"west": {"uv": [0, 0, 16, 16], "texture": "#Voxel-AAFFFF"},
				"up": {"uv": [0, 0, 0, 0], "texture": "#Voxel-AAFFFF"},
				"down": {"uv": [0, 0, 16, 16], "texture": "#Voxel-AAFFFF"}
			}
		},
		{
			"name": "Voxel-AAFFFF",
			"from": [8, -10, 7],
			"to": [9, -9, 8],
			"faces": {
				"north": {"uv": [0, 0, 16, 16], "texture": "#Voxel-AAFFFF"},
				"east": {"uv": [0, 0, 16, 16], "texture": "#Voxel-AAFFFF"},
				"south": {"uv": [0, 0, 0, 0], "texture": "#Voxel-AAFFFF"},
				"west": {"uv": [0, 0, 16, 16], "texture": "#Voxel-AAFFFF"},
				"up": {"uv": [0, 0, 0, 0], "texture": "#Voxel-AAFFFF"},
				"down": {"uv": [0, 0, 16, 16], "texture": "#Voxel-AAFFFF"}
			}
		},
		{
			"name": "Voxel-AAFFFF",
			"from": [6, -10, 7],
			"to": [7, -6, 8],
			"faces": {
				"north": {"uv": [0, 0, 16, 16], "texture": "#Voxel-AAFFFF"},
				"east": {"uv": [0, 0, 16, 16], "texture": "#Voxel-AAFFFF"},
				"south": {"uv": [0, 0, 16, 16], "texture": "#Voxel-AAFFFF"},
				"west": {"uv": [0, 0, 16, 16], "texture": "#Voxel-AAFFFF"},
				"up": {"uv": [0, 0, 0, 0], "texture": "#Voxel-AAFFFF"},
				"down": {"uv": [0, 0, 16, 16], "texture": "#Voxel-AAFFFF"}
			}
		},
		{
			"name": "Voxel-AAFFFF",
			"from": [8, -8, 6],
			"to": [9, -6, 7],
			"faces": {
				"north": {"uv": [0, 0, 16, 16], "texture": "#Voxel-AAFFFF"},
				"east": {"uv": [0, 0, 16, 16], "texture": "#Voxel-AAFFFF"},
				"south": {"uv": [0, 0, 0, 0], "texture": "#Voxel-AAFFFF"},
				"west": {"uv": [0, 0, 0, 0], "texture": "#Voxel-AAFFFF"},
				"up": {"uv": [0, 0, 0, 0], "texture": "#Voxel-AAFFFF"},
				"down": {"uv": [0, 0, 0, 0], "texture": "#Voxel-AAFFFF"}
			}
		},
		{
			"name": "Voxel-AAFFFF",
			"from": [7, -7, 6],
			"to": [8, -6, 7],
			"faces": {
				"north": {"uv": [0, 0, 16, 16], "texture": "#Voxel-AAFFFF"},
				"east": {"uv": [0, 0, 0, 0], "texture": "#Voxel-AAFFFF"},
				"south": {"uv": [0, 0, 0, 0], "texture": "#Voxel-AAFFFF"},
				"west": {"uv": [0, 0, 16, 16], "texture": "#Voxel-AAFFFF"},
				"up": {"uv": [0, 0, 0, 0], "texture": "#Voxel-AAFFFF"},
				"down": {"uv": [0, 0, 0, 0], "texture": "#Voxel-AAFFFF"}
			}
		},
		{
			"name": "Voxel-FFFFFF",
			"from": [8, -9, 6],
			"to": [9, -8, 7],
			"faces": {
				"north": {"uv": [0, 0, 16, 16], "texture": "#Voxel-FFFFFF"},
				"east": {"uv": [0, 0, 16, 16], "texture": "#Voxel-FFFFFF"},
				"west": {"uv": [0, 0, 16, 16], "texture": "#Voxel-FFFFFF"},
				"down": {"uv": [0, 0, 16, 16], "texture": "#Voxel-FFFFFF"}
			}
		},
		{
			"name": "Voxel-FFFFFF",
			"from": [7, -9, 7],
			"to": [8, -8, 8],
			"faces": {
				"north": {"uv": [0, 0, 16, 16], "texture": "#Voxel-FFFFFF"},
				"down": {"uv": [0, 0, 16, 16], "texture": "#Voxel-FFFFFF"}
			}
		},
		{
			"name": "Voxel-FFFFFF",
			"from": [6, -10, 9],
			"to": [7, -9, 10],
			"faces": {
				"north": {"uv": [0, 0, 16, 16], "texture": "#Voxel-FFFFFF"},
				"south": {"uv": [0, 0, 16, 16], "texture": "#Voxel-FFFFFF"},
				"west": {"uv": [0, 0, 16, 16], "texture": "#Voxel-FFFFFF"}
			}
		},
		{
			"name": "Voxel-FFFFFF",
			"from": [6, -9, 8],
			"to": [7, -7, 9],
			"faces": {
				"west": {"uv": [0, 0, 16, 16], "texture": "#Voxel-FFFFFF"},
				"down": {"uv": [0, 0, 16, 16], "texture": "#Voxel-FFFFFF"}
			}
		},
		{
			"name": "Voxel-FFFFFF",
			"from": [7, -8, 6],
			"to": [8, -7, 7],
			"faces": {
				"north": {"uv": [0, 0, 16, 16], "texture": "#Voxel-FFFFFF"},
				"west": {"uv": [0, 0, 16, 16], "texture": "#Voxel-FFFFFF"},
				"down": {"uv": [0, 0, 16, 16], "texture": "#Voxel-FFFFFF"}
			}
		},
		{
			"name": "Voxel-FFFFFF",
			"from": [8, -9, 9],
			"to": [9, -7, 10],
			"faces": {
				"north": {"uv": [0, 0, 0, 0], "texture": "#Voxel-FFFFFF"},
				"east": {"uv": [0, 0, 16, 16], "texture": "#Voxel-FFFFFF"},
				"south": {"uv": [0, 0, 16, 16], "texture": "#Voxel-FFFFFF"},
				"west": {"uv": [0, 0, 0, 0], "texture": "#Voxel-FFFFFF"},
				"up": {"uv": [0, 0, 0, 0], "texture": "#Voxel-FFFFFF"},
				"down": {"uv": [0, 0, 0, 0], "texture": "#Voxel-FFFFFF"}
			}
		},
		{
			"name": "Voxel-AAFFFF",
			"from": [7, -10, 8],
			"to": [8, -9, 9],
			"faces": {
				"north": {"uv": [0, 0, 16, 16], "texture": "#Voxel-AAFFFF"},
				"east": {"uv": [0, 0, 0, 0], "texture": "#Voxel-AAFFFF"},
				"south": {"uv": [0, 0, 0, 0], "texture": "#Voxel-AAFFFF"},
				"west": {"uv": [0, 0, 16, 16], "texture": "#Voxel-AAFFFF"},
				"up": {"uv": [0, 0, 0, 0], "texture": "#Voxel-AAFFFF"},
				"down": {"uv": [0, 0, 16, 16], "texture": "#Voxel-AAFFFF"}
			}
		},
		{
			"name": "Voxel-AAFFFF",
			"from": [6, -9, 9],
			"to": [7, -7, 10],
			"faces": {
				"north": {"uv": [0, 0, 0, 0], "texture": "#Voxel-AAFFFF"},
				"east": {"uv": [0, 0, 0, 0], "texture": "#Voxel-AAFFFF"},
				"south": {"uv": [0, 0, 16, 16], "texture": "#Voxel-AAFFFF"},
				"west": {"uv": [0, 0, 16, 16], "texture": "#Voxel-AAFFFF"},
				"up": {"uv": [0, 0, 0, 0], "texture": "#Voxel-AAFFFF"},
				"down": {"uv": [0, 0, 0, 0], "texture": "#Voxel-AAFFFF"}
			}
		},
		{
			"name": "Voxel-AAFFFF",
			"from": [6, -7, 8],
			"to": [7, -6, 9],
			"faces": {
				"north": {"uv": [0, 0, 0, 0], "texture": "#Voxel-AAFFFF"},
				"east": {"uv": [0, 0, 0, 0], "texture": "#Voxel-AAFFFF"},
				"south": {"uv": [0, 0, 16, 16], "texture": "#Voxel-AAFFFF"},
				"west": {"uv": [0, 0, 16, 16], "texture": "#Voxel-AAFFFF"},
				"up": {"uv": [0, 0, 0, 0], "texture": "#Voxel-AAFFFF"},
				"down": {"uv": [0, 0, 0, 0], "texture": "#Voxel-AAFFFF"}
			}
		},
		{
			"name": "Voxel-AAFFFF",
			"from": [8, -7, 8],
			"to": [9, -6, 9],
			"faces": {
				"north": {"uv": [0, 0, 0, 0], "texture": "#Voxel-AAFFFF"},
				"east": {"uv": [0, 0, 16, 16], "texture": "#Voxel-AAFFFF"},
				"south": {"uv": [0, 0, 16, 16], "texture": "#Voxel-AAFFFF"},
				"west": {"uv": [0, 0, 0, 0], "texture": "#Voxel-AAFFFF"},
				"up": {"uv": [0, 0, 0, 0], "texture": "#Voxel-AAFFFF"},
				"down": {"uv": [0, 0, 0, 0], "texture": "#Voxel-AAFFFF"}
			}
		},
		{
			"name": "Voxel-562F0E",
			"from": [6, -6, 7],
			"to": [10, -5, 9],
			"faces": {
				"north": {"uv": [0, 0, 0, 0], "texture": "#Voxel-562F0E"},
				"east": {"uv": [0, 0, 16, 16], "texture": "#Voxel-562F0E"},
				"south": {"uv": [0, 0, 16, 16], "texture": "#Voxel-562F0E"},
				"west": {"uv": [0, 0, 0, 0], "texture": "#Voxel-562F0E"},
				"up": {"uv": [0, 0, 16, 16], "texture": "#Voxel-562F0E"},
				"down": {"uv": [0, 0, 16, 16], "texture": "#Voxel-562F0E"}
			}
		},
		{
			"name": "Voxel-562F0E",
			"from": [7, -6, 9],
			"to": [9, -5, 10],
			"faces": {
				"north": {"uv": [0, 0, 0, 0], "texture": "#Voxel-562F0E"},
				"east": {"uv": [0, 0, 16, 16], "texture": "#Voxel-562F0E"},
				"south": {"uv": [0, 0, 16, 16], "texture": "#Voxel-562F0E"},
				"west": {"uv": [0, 0, 0, 0], "texture": "#Voxel-562F0E"},
				"up": {"uv": [0, 0, 16, 16], "texture": "#Voxel-562F0E"},
				"down": {"uv": [0, 0, 16, 16], "texture": "#Voxel-562F0E"}
			}
		},
		{
			"name": "Voxel-562F0E",
			"from": [7, -6, 6],
			"to": [9, -5, 7],
			"faces": {
				"north": {"uv": [0, 0, 16, 16], "texture": "#Voxel-562F0E"},
				"east": {"uv": [0, 0, 16, 16], "texture": "#Voxel-562F0E"},
				"south": {"uv": [0, 0, 0, 0], "texture": "#Voxel-562F0E"},
				"west": {"uv": [0, 0, 0, 0], "texture": "#Voxel-562F0E"},
				"up": {"uv": [0, 0, 16, 16], "texture": "#Voxel-562F0E"},
				"down": {"uv": [0, 0, 0, 0], "texture": "#Voxel-562F0E"}
			}
		}
	],
	"display": {
		"thirdperson_righthand": {
			"translation": [0, 6, 1.5]
		},
		"thirdperson_lefthand": {
			"translation": [0, 6, 1.5]
		},
		"firstperson_righthand": {
			"translation": [0, 6, 0],
			"scale": [0.5, 0.5, 0.5]
		},
		"firstperson_lefthand": {
			"translation": [0, 6, 0],
			"scale": [0.5, 0.5, 0.5]
		},
		"ground": {
			"translation": [0, 12, 0]
		},
		"gui": {
			"rotation": [30, -35, 0],
			"translation": [0, 0.5, 0],
			"scale": [0.5, 0.5, 0.5]
		},
		"fixed": {
			"scale": [0.5, 0.5, 0.5]
		}
	},
	"groups": [
		{
			"name": "Floting",
			"origin": [8, 8, 8],
			"color": 0,
			"nbt": "{}",
			"armAnimationEnabled": false,
			"children": [0, 1, 2, 3, 4, 5, 6, 7, 8, 9, 10, 11, 12, 13, 14, 15, 16, 17, 18, 19, 20, 21, 22, 23, 24, 25, 26, 27, 28, 29, 30, 31, 32, 33, 34, 35, 36, 37, 38, 39, 40, 41, 42, 43, 44, 45, 46, 47, 48, 49, 50, 51, 52, 53, 54, 55, 56, 57, 58, 59, 60, 61, 62, 63, 64, 65, 66, 67, 68, 69, 70, 71, 72, 73, 74, 75, 76, 77, 78, 79, 80, 81, 82, 83, 84, 85, 86, 87, 88, 89, 90, 91, 92, 93, 94, 95, 96, 97, 98, 99, 100, 101, 102, 103, 104, 105, 106, 107, 108, 109, 110, 111, 112, 113, 114, 115, 116, 117, 118]
		}
	]
}