{
	"parent": "item/handheld",
	"textures": {
		"layer0": "item/ghast_tear"
	},
	"overrides": [
		{"predicate": {"custom_model_data":1}, "model": "item/rainbow_dye"},
		{"predicate": {"custom_model_data":2}, "model": "item/cloud_particle"},
		{"predicate": {"custom_model_data":3}, "model": "item/cloud"},
		{"predicate": {"custom_model_data":4}, "model": "item/frozen_lightning"},
		{"predicate": {"custom_model_data":5}, "model": "item/air_grenade"},
		{"predicate": {"custom_model_data":6}, "model": "item/goblin_fang"},
		{"predicate": {"custom_model_data":7}, "model": "item/goblin_skin"},
		{"predicate": {"custom_model_data":8}, "model": "item/goblin_charm"}
	]
}