{
	"credit": "Made with Blockbench",
	"parent": "boss",
	"texture_size": [64, 64],
	"textures": {
		"1": "item/headbossg2"
	},
	"elements": [
		{
			"from": [3, 19, 1],
			"to": [13, 27, 14],
			"faces": {
				"north": {"uv": [3.25, 7.25, 5.75, 9.25], "texture": "#1"},
				"east": {"uv": [0, 7.25, 3.25, 9.25], "texture": "#1"},
				"south": {"uv": [9, 7.25, 11.5, 9.25], "texture": "#1"},
				"west": {"uv": [5.75, 7.25, 9, 9.25], "texture": "#1"},
				"up": {"uv": [5.75, 7.25, 3.25, 4], "texture": "#1"},
				"down": {"uv": [8.25, 4, 5.75, 7.25], "texture": "#1"}
			}
		},
		{
			"from": [3, 19, 0],
			"to": [13, 22, 1],
			"faces": {
				"north": {"uv": [0.25, 9.5, 2.75, 10.25], "texture": "#1"},
				"east": {"uv": [0, 9.5, 0.25, 10.25], "texture": "#1"},
				"south": {"uv": [3, 9.5, 5.5, 10.25], "texture": "#1"},
				"west": {"uv": [2.75, 9.5, 3, 10.25], "texture": "#1"},
				"up": {"uv": [2.75, 9.5, 0.25, 9.25], "texture": "#1"},
				"down": {"uv": [5.25, 9.25, 2.75, 9.5], "texture": "#1"}
			}
		},
		{
			"from": [2, 27, 0],
			"to": [14, 28, 15],
			"faces": {
				"north": {"uv": [3.75, 3.75, 6.75, 4], "texture": "#1"},
				"east": {"uv": [0, 3.75, 3.75, 4], "texture": "#1"},
				"south": {"uv": [10.5, 3.75, 13.5, 4], "texture": "#1"},
				"west": {"uv": [6.75, 3.75, 10.5, 4], "texture": "#1"},
				"up": {"uv": [6.75, 3.75, 3.75, 0], "texture": "#1"},
				"down": {"uv": [9.75, 0, 6.75, 3.75], "texture": "#1"}
			}
		},
		{
			"from": [5, 17, 4],
			"to": [11, 19, 11],
			"faces": {
				"north": {"uv": [10, 5.75, 11.5, 6.25], "texture": "#1"},
				"east": {"uv": [8.25, 5.75, 10, 6.25], "texture": "#1"},
				"south": {"uv": [13.25, 5.75, 14.75, 6.25], "texture": "#1"},
				"west": {"uv": [11.5, 5.75, 13.25, 6.25], "texture": "#1"},
				"up": {"uv": [11.5, 5.75, 10, 4], "texture": "#1"},
				"down": {"uv": [13, 4, 11.5, 5.75], "texture": "#1"}
			}
		},
		{
			"from": [13, 23, 7],
			"to": [15, 26, 9],
			"faces": {
				"north": {"uv": [2.5, 10.75, 3, 11.5], "texture": "#1"},
				"east": {"uv": [2, 10.75, 2.5, 11.5], "texture": "#1"},
				"south": {"uv": [3.5, 10.75, 4, 11.5], "texture": "#1"},
				"west": {"uv": [3, 10.75, 3.5, 11.5], "texture": "#1"},
				"up": {"uv": [3, 10.75, 2.5, 10.25], "texture": "#1"},
				"down": {"uv": [3.5, 10.25, 3, 10.75], "texture": "#1"}
			}
		},
		{
			"from": [16, 29, 7],
			"to": [18, 32, 9],
			"faces": {
				"north": {"uv": [0.5, 10.75, 1, 11.5], "texture": "#1"},
				"east": {"uv": [0, 10.75, 0.5, 11.5], "texture": "#1"},
				"south": {"uv": [1.5, 10.75, 2, 11.5], "texture": "#1"},
				"west": {"uv": [1, 10.75, 1.5, 11.5], "texture": "#1"},
				"up": {"uv": [1, 10.75, 0.5, 10.25], "texture": "#1"},
				"down": {"uv": [1.5, 10.25, 1, 10.75], "texture": "#1"}
			}
		},
		{
			"from": [13, 26, 7],
			"to": [17, 31, 9],
			"faces": {
				"north": {"uv": [0.5, 4.5, 1.5, 5.75], "texture": "#1"},
				"east": {"uv": [0, 4.5, 0.5, 5.75], "texture": "#1"},
				"south": {"uv": [2, 4.5, 3, 5.75], "texture": "#1"},
				"west": {"uv": [1.5, 4.5, 2, 5.75], "texture": "#1"},
				"up": {"uv": [1.5, 4.5, 0.5, 4], "texture": "#1"},
				"down": {"uv": [2.5, 4, 1.5, 4.5], "texture": "#1"}
			}
		},
		{
			"from": [11, 24, 0],
			"to": [14, 26, 3],
			"faces": {
				"north": {"uv": [10.5, 2, 11.25, 2.5], "texture": "#1"},
				"east": {"uv": [9.75, 2, 10.5, 2.5], "texture": "#1"},
				"south": {"uv": [12, 2, 12.75, 2.5], "texture": "#1"},
				"west": {"uv": [11.25, 2, 12, 2.5], "texture": "#1"},
				"up": {"uv": [11.25, 2, 10.5, 1.25], "texture": "#1"},
				"down": {"uv": [12, 1.25, 11.25, 2], "texture": "#1"}
			}
		},
		{
			"from": [-1, 26, 7],
			"to": [3, 31, 9],
			"faces": {
				"north": {"uv": [0.5, 2.25, 1.5, 3.5], "texture": "#1"},
				"east": {"uv": [0, 2.25, 0.5, 3.5], "texture": "#1"},
				"south": {"uv": [2, 2.25, 3, 3.5], "texture": "#1"},
				"west": {"uv": [1.5, 2.25, 2, 3.5], "texture": "#1"},
				"up": {"uv": [1.5, 2.25, 0.5, 1.75], "texture": "#1"},
				"down": {"uv": [2.5, 1.75, 1.5, 2.25], "texture": "#1"}
			}
		},
		{
			"from": [-2, 29, 7],
			"to": [0, 32, 9],
			"faces": {
				"north": {"uv": [10.25, 3, 10.75, 3.75], "texture": "#1"},
				"east": {"uv": [9.75, 3, 10.25, 3.75], "texture": "#1"},
				"south": {"uv": [11.25, 3, 11.75, 3.75], "texture": "#1"},
				"west": {"uv": [10.75, 3, 11.25, 3.75], "texture": "#1"},
				"up": {"uv": [10.75, 3, 10.25, 2.5], "texture": "#1"},
				"down": {"uv": [11.25, 2.5, 10.75, 3], "texture": "#1"}
			}
		},
		{
			"from": [1, 23, 7],
			"to": [3, 26, 9],
			"faces": {
				"north": {"uv": [6.5, 9.75, 7, 10.5], "texture": "#1"},
				"east": {"uv": [6, 9.75, 6.5, 10.5], "texture": "#1"},
				"south": {"uv": [7.5, 9.75, 8, 10.5], "texture": "#1"},
				"west": {"uv": [7, 9.75, 7.5, 10.5], "texture": "#1"},
				"up": {"uv": [7, 9.75, 6.5, 9.25], "texture": "#1"},
				"down": {"uv": [7.5, 9.25, 7, 9.75], "texture": "#1"}
			}
		},
		{
			"from": [2, 24, 0],
			"to": [5, 26, 3],
			"faces": {
				"north": {"uv": [10.5, 0.75, 11.25, 1.25], "texture": "#1"},
				"east": {"uv": [9.75, 0.75, 10.5, 1.25], "texture": "#1"},
				"south": {"uv": [12, 0.75, 12.75, 1.25], "texture": "#1"},
				"west": {"uv": [11.25, 0.75, 12, 1.25], "texture": "#1"},
				"up": {"uv": [11.25, 0.75, 10.5, 0], "texture": "#1"},
				"down": {"uv": [12, 0, 11.25, 0.75], "texture": "#1"}
			}
		},
		{
			"from": [7, 22, -1],
			"to": [9, 25, 3],
			"faces": {
				"north": {"uv": [1, 1, 1.5, 1.75], "texture": "#1"},
				"east": {"uv": [0, 1, 1, 1.75], "texture": "#1"},
				"south": {"uv": [2.5, 1, 3, 1.75], "texture": "#1"},
				"west": {"uv": [1.5, 1, 2.5, 1.75], "texture": "#1"},
				"up": {"uv": [1.5, 1, 1, 0], "texture": "#1"},
				"down": {"uv": [2, 0, 1.5, 1], "texture": "#1"}
			}
		},
		{
			"from": [7, 28, 5],
			"to": [9, 31, 6],
			"faces": {
				"north": {"uv": [2.25, 0.25, 2.75, 1], "texture": "#1"},
				"east": {"uv": [2, 0.25, 2.25, 1], "texture": "#1"},
				"south": {"uv": [3, 0.25, 3.5, 1], "texture": "#1"},
				"west": {"uv": [2.75, 0.25, 3, 1], "texture": "#1"},
				"up": {"uv": [2.75, 0.25, 2.25, 0], "texture": "#1"},
				"down": {"uv": [3.25, 0, 2.75, 0.25], "texture": "#1"}
			}
		},
		{
			"from": [10, 28, 2],
			"to": [11, 32, 3],
			"faces": {
				"north": {"uv": [6.25, 11, 6.5, 12], "texture": "#1"},
				"east": {"uv": [6, 11, 6.25, 12], "texture": "#1"},
				"south": {"uv": [6.75, 11, 7, 12], "texture": "#1"},
				"west": {"uv": [6.5, 11, 6.75, 12], "texture": "#1"},
				"up": {"uv": [6.5, 11, 6.25, 10.75], "texture": "#1"},
				"down": {"uv": [6.75, 10.75, 6.5, 11], "texture": "#1"}
			}
		},
		{
			"from": [2, 28, 0],
			"to": [14, 29, 1],
			"faces": {
				"north": {"uv": [8.5, 7, 11.5, 7.25], "texture": "#1"},
				"east": {"uv": [8.25, 7, 8.5, 7.25], "texture": "#1"},
				"south": {"uv": [11.75, 7, 14.75, 7.25], "texture": "#1"},
				"west": {"uv": [11.5, 7, 11.75, 7.25], "texture": "#1"},
				"up": {"uv": [11.5, 7, 8.5, 6.75], "texture": "#1"},
				"down": {"uv": [14.5, 6.75, 11.5, 7], "texture": "#1"}
			}
		},
		{
			"from": [2, 28, 14],
			"to": [14, 29, 15],
			"faces": {
				"north": {"uv": [8.5, 6.5, 11.5, 6.75], "texture": "#1"},
				"east": {"uv": [8.25, 6.5, 8.5, 6.75], "texture": "#1"},
				"south": {"uv": [11.75, 6.5, 14.75, 6.75], "texture": "#1"},
				"west": {"uv": [11.5, 6.5, 11.75, 6.75], "texture": "#1"},
				"up": {"uv": [11.5, 6.5, 8.5, 6.25], "texture": "#1"},
				"down": {"uv": [14.5, 6.25, 11.5, 6.5], "texture": "#1"}
			}
		},
		{
			"from": [13, 28, 9],
			"to": [14, 29, 14],
			"faces": {
				"north": {"uv": [10.25, 10.75, 10.5, 11], "texture": "#1"},
				"east": {"uv": [9, 10.75, 10.25, 11], "texture": "#1"},
				"south": {"uv": [11.75, 10.75, 12, 11], "texture": "#1"},
				"west": {"uv": [10.5, 10.75, 11.75, 11], "texture": "#1"},
				"up": {"uv": [10.5, 10.75, 10.25, 9.5], "texture": "#1"},
				"down": {"uv": [10.75, 9.5, 10.5, 10.75], "texture": "#1"}
			}
		},
		{
			"from": [2, 28, 9],
			"to": [3, 29, 14],
			"faces": {
				"north": {"uv": [8.5, 10.5, 8.75, 10.75], "texture": "#1"},
				"east": {"uv": [7.25, 10.5, 8.5, 10.75], "texture": "#1"},
				"south": {"uv": [10, 10.5, 10.25, 10.75], "texture": "#1"},
				"west": {"uv": [8.75, 10.5, 10, 10.75], "texture": "#1"},
				"up": {"uv": [8.75, 10.5, 8.5, 9.25], "texture": "#1"},
				"down": {"uv": [9, 9.25, 8.75, 10.5], "texture": "#1"}
			}
		},
		{
			"from": [2, 28, 1],
			"to": [3, 29, 6],
			"faces": {
				"north": {"uv": [5.5, 10.5, 5.75, 10.75], "texture": "#1"},
				"east": {"uv": [4.25, 10.5, 5.5, 10.75], "texture": "#1"},
				"south": {"uv": [7, 10.5, 7.25, 10.75], "texture": "#1"},
				"west": {"uv": [5.75, 10.5, 7, 10.75], "texture": "#1"},
				"up": {"uv": [5.75, 10.5, 5.5, 9.25], "texture": "#1"},
				"down": {"uv": [6, 9.25, 5.75, 10.5], "texture": "#1"}
			}
		},
		{
			"from": [13, 28, 1],
			"to": [14, 29, 6],
			"faces": {
				"north": {"uv": [1.25, 7, 1.5, 7.25], "texture": "#1"},
				"east": {"uv": [0, 7, 1.25, 7.25], "texture": "#1"},
				"south": {"uv": [2.75, 7, 3, 7.25], "texture": "#1"},
				"west": {"uv": [1.5, 7, 2.75, 7.25], "texture": "#1"},
				"up": {"uv": [1.5, 7, 1.25, 5.75], "texture": "#1"},
				"down": {"uv": [1.75, 5.75, 1.5, 7], "texture": "#1"}
			}
		},
		{
			"from": [11, 28, 4],
			"to": [12, 31, 5],
			"faces": {
				"north": {"uv": [7.25, 11, 7.5, 11.75], "texture": "#1"},
				"east": {"uv": [7, 11, 7.25, 11.75], "texture": "#1"},
				"south": {"uv": [7.75, 11, 8, 11.75], "texture": "#1"},
				"west": {"uv": [7.5, 11, 7.75, 11.75], "texture": "#1"},
				"up": {"uv": [7.5, 11, 7.25, 10.75], "texture": "#1"},
				"down": {"uv": [7.75, 10.75, 7.5, 11], "texture": "#1"}
			}
		},
		{
			"from": [12, 27, 11],
			"to": [13, 32, 12],
			"faces": {
				"north": {"uv": [4.25, 11, 4.5, 12.25], "texture": "#1"},
				"east": {"uv": [4, 11, 4.25, 12.25], "texture": "#1"},
				"south": {"uv": [4.75, 11, 5, 12.25], "texture": "#1"},
				"west": {"uv": [4.5, 11, 4.75, 12.25], "texture": "#1"},
				"up": {"uv": [4.5, 11, 4.25, 10.75], "texture": "#1"},
				"down": {"uv": [4.75, 10.75, 4.5, 11], "texture": "#1"}
			}
		},
		{
			"from": [11, 27, 9],
			"to": [12, 31, 10],
			"faces": {
				"north": {"uv": [5.25, 11, 5.5, 12], "texture": "#1"},
				"east": {"uv": [5, 11, 5.25, 12], "texture": "#1"},
				"south": {"uv": [5.75, 11, 6, 12], "texture": "#1"},
				"west": {"uv": [5.5, 11, 5.75, 12], "texture": "#1"},
				"up": {"uv": [5.5, 11, 5.25, 10.75], "texture": "#1"},
				"down": {"uv": [5.75, 10.75, 5.5, 11], "texture": "#1"}
			}
		},
		{
			"from": [7, 27, 11],
			"to": [9, 31, 12],
			"faces": {
				"north": {"uv": [2, 6, 2.5, 7], "texture": "#1"},
				"east": {"uv": [1.75, 6, 2, 7], "texture": "#1"},
				"south": {"uv": [2.75, 6, 3.25, 7], "texture": "#1"},
				"west": {"uv": [2.5, 6, 2.75, 7], "texture": "#1"},
				"up": {"uv": [2.5, 6, 2, 5.75], "texture": "#1"},
				"down": {"uv": [3, 5.75, 2.5, 6], "texture": "#1"}
			}
		},
		{
			"from": [5, 28, 2],
			"to": [6, 32, 3],
			"faces": {
				"north": {"uv": [9.25, 9.5, 9.5, 10.5], "texture": "#1"},
				"east": {"uv": [9, 9.5, 9.25, 10.5], "texture": "#1"},
				"south": {"uv": [9.75, 9.5, 10, 10.5], "texture": "#1"},
				"west": {"uv": [9.5, 9.5, 9.75, 10.5], "texture": "#1"},
				"up": {"uv": [9.5, 9.5, 9.25, 9.25], "texture": "#1"},
				"down": {"uv": [9.75, 9.25, 9.5, 9.5], "texture": "#1"}
			}
		},
		{
			"from": [4, 28, 4],
			"to": [5, 31, 5],
			"faces": {
				"north": {"uv": [0.25, 0.25, 0.5, 1], "texture": "#1"},
				"east": {"uv": [0, 0.25, 0.25, 1], "texture": "#1"},
				"south": {"uv": [0.75, 0.25, 1, 1], "texture": "#1"},
				"west": {"uv": [0.5, 0.25, 0.75, 1], "texture": "#1"},
				"up": {"uv": [0.5, 0.25, 0.25, 0], "texture": "#1"},
				"down": {"uv": [0.75, 0, 0.5, 0.25], "texture": "#1"}
			}
		},
		{
			"from": [3, 27, 11],
			"to": [4, 32, 12],
			"faces": {
				"north": {"uv": [8.5, 4.25, 8.75, 5.5], "texture": "#1"},
				"east": {"uv": [8.25, 4.25, 8.5, 5.5], "texture": "#1"},
				"south": {"uv": [9, 4.25, 9.25, 5.5], "texture": "#1"},
				"west": {"uv": [8.75, 4.25, 9, 5.5], "texture": "#1"},
				"up": {"uv": [8.75, 4.25, 8.5, 4], "texture": "#1"},
				"down": {"uv": [9, 4, 8.75, 4.25], "texture": "#1"}
			}
		},
		{
			"from": [4, 27, 9],
			"to": [5, 31, 10],
			"faces": {
				"north": {"uv": [0.25, 6, 0.5, 7], "texture": "#1"},
				"east": {"uv": [0, 6, 0.25, 7], "texture": "#1"},
				"south": {"uv": [0.75, 6, 1, 7], "texture": "#1"},
				"west": {"uv": [0.5, 6, 0.75, 7], "texture": "#1"},
				"up": {"uv": [0.5, 6, 0.25, 5.75], "texture": "#1"},
				"down": {"uv": [0.75, 5.75, 0.5, 6], "texture": "#1"}
			}
		}
	],
	"display": {
		"head": {
			"translation": [0, -21.5, 0.5],
			"scale": [1.4, 1.4, 1]
		}
	},
	"groups": [
		{
			"name": "boss",
			"origin": [8, 8, 8],
			"color": 0,
			"nbt": "{}",
			"armAnimationEnabled": false,
			"children": [
				{
					"name": "head",
					"origin": [8, 8, 8],
					"color": 0,
					"nbt": "{}",
					"armAnimationEnabled": false,
					"children": [0, 1, 2, 3, 4, 5, 6, 7, 8, 9, 10, 11, 12, 13, 14, 15, 16, 17, 18, 19, 20, 21, 22, 23, 24, 25, 26, 27, 28]
				}
			]
		}
	]
}