{
	"credit": "Made with Blockbench",
	"texture_size": [48, 48],
	"textures": {
		"2": "item/goblin"
	},
	"elements": [
		{
			"name": "Voxel-00B700",
			"from": [3, 17, 6],
			"to": [4, 21, 7],
			"faces": {
				"north": {"uv": [9.33333, 9.33333, 9.66667, 10.66667], "texture": "#2", "cullface": "up"},
				"east": {"uv": [9.66667, 2.33333, 10, 3.66667], "texture": "#2", "cullface": "up"},
				"south": {"uv": [9.66667, 4.33333, 10, 5.66667], "texture": "#2", "cullface": "up"},
				"west": {"uv": [9, 9.33333, 9.33333, 10.66667], "texture": "#2", "cullface": "up"},
				"up": {"uv": [5.66667, 6.66667, 5.33333, 6.33333], "rotation": 270, "texture": "#2", "cullface": "up"},
				"down": {"uv": [7.33333, 4.33333, 7, 4.66667], "rotation": 90, "texture": "#2"}
			}
		},
		{
			"name": "Voxel-00B700",
			"from": [12, 17, 6],
			"to": [13, 21, 7],
			"faces": {
				"north": {"uv": [7.66667, 9.66667, 8, 11], "texture": "#2", "cullface": "up"},
				"east": {"uv": [8, 9.66667, 8.33333, 11], "texture": "#2", "cullface": "up"},
				"south": {"uv": [8.33333, 9.66667, 8.66667, 11], "texture": "#2", "cullface": "up"},
				"west": {"uv": [7.33333, 9.66667, 7.66667, 11], "texture": "#2", "cullface": "up"},
				"up": {"uv": [8, 1.33333, 7.66667, 1], "rotation": 270, "texture": "#2", "cullface": "up"},
				"down": {"uv": [6.33333, 8, 6, 8.33333], "rotation": 90, "texture": "#2"}
			}
		},
		{
			"name": "Voxel-00B700",
			"from": [10, 18, 6],
			"to": [12, 19, 7],
			"faces": {
				"north": {"uv": [5.33333, 1.33333, 6, 1.66667], "texture": "#2"},
				"east": {"uv": [0.66667, 13.33333, 1, 13.66667], "texture": "#2"},
				"south": {"uv": [8, 2.33333, 8.66667, 2.66667], "texture": "#2"},
				"west": {"uv": [13.33333, 0.33333, 13.66667, 0.66667], "texture": "#2"},
				"up": {"uv": [5.66667, 5.33333, 5.33333, 4.66667], "rotation": 270, "texture": "#2", "cullface": "up"},
				"down": {"uv": [13, 0, 12.66667, 0.66667], "rotation": 90, "texture": "#2"}
			}
		},
		{
			"name": "Voxel-00B700",
			"from": [4, 18, 6],
			"to": [6, 19, 7],
			"faces": {
				"north": {"uv": [1.33333, 12.66667, 2, 13], "texture": "#2"},
				"east": {"uv": [13.33333, 1.33333, 13.66667, 1.66667], "texture": "#2"},
				"south": {"uv": [2, 12.66667, 2.66667, 13], "texture": "#2"},
				"west": {"uv": [13.33333, 1, 13.66667, 1.33333], "texture": "#2"},
				"up": {"uv": [13, 3, 12.66667, 2.33333], "rotation": 270, "texture": "#2"},
				"down": {"uv": [13, 3, 12.66667, 3.66667], "rotation": 90, "texture": "#2"}
			}
		},
		{
			"name": "Voxel-00B700",
			"from": [4, 19, 6],
			"to": [5, 20, 7],
			"faces": {
				"north": {"uv": [13.33333, 1.66667, 13.66667, 2], "texture": "#2", "cullface": "up"},
				"east": {"uv": [2, 13.33333, 2.33333, 13.66667], "texture": "#2", "cullface": "up"},
				"south": {"uv": [13.33333, 2, 13.66667, 2.33333], "texture": "#2", "cullface": "up"},
				"west": {"uv": [1.66667, 13.33333, 2, 13.66667], "texture": "#2"},
				"up": {"uv": [3, 13.66667, 2.66667, 13.33333], "rotation": 270, "texture": "#2", "cullface": "up"},
				"down": {"uv": [13.66667, 2.66667, 13.33333, 3], "rotation": 90, "texture": "#2"}
			}
		},
		{
			"name": "Voxel-00B700",
			"from": [11, 19, 6],
			"to": [12, 20, 7],
			"faces": {
				"north": {"uv": [13.33333, 3, 13.66667, 3.33333], "texture": "#2", "cullface": "up"},
				"east": {"uv": [13.33333, 3.66667, 13.66667, 4], "texture": "#2"},
				"south": {"uv": [4, 13.33333, 4.33333, 13.66667], "texture": "#2", "cullface": "up"},
				"west": {"uv": [3, 13.33333, 3.33333, 13.66667], "texture": "#2", "cullface": "up"},
				"up": {"uv": [13.66667, 4.33333, 13.33333, 4], "rotation": 270, "texture": "#2", "cullface": "up"},
				"down": {"uv": [4.66667, 13.33333, 4.33333, 13.66667], "rotation": 90, "texture": "#2"}
			}
		},
		{
			"name": "Voxel-00B700",
			"from": [4, 16, 5],
			"to": [6, 18, 8],
			"faces": {
				"north": {"uv": [4.66667, 3.66667, 5.33333, 4.33333], "texture": "#2"},
				"east": {"uv": [8.33333, 8, 9.33333, 8.66667], "texture": "#2"},
				"south": {"uv": [9.66667, 0, 10.33333, 0.66667], "texture": "#2"},
				"west": {"uv": [6, 8.33333, 7, 9], "texture": "#2"},
				"up": {"uv": [9.66667, 0.66667, 8.66667, 0], "rotation": 270, "texture": "#2"},
				"down": {"uv": [2.33333, 8.66667, 1.33333, 9.33333], "rotation": 90, "texture": "#2"}
			}
		},
		{
			"name": "Voxel-00B700",
			"from": [10, 16, 5],
			"to": [12, 18, 8],
			"faces": {
				"north": {"uv": [9.66667, 9.33333, 10.33333, 10], "texture": "#2"},
				"east": {"uv": [8.66667, 3, 9.66667, 3.66667], "texture": "#2"},
				"south": {"uv": [0, 10, 0.66667, 10.66667], "texture": "#2"},
				"west": {"uv": [8.66667, 2.33333, 9.66667, 3], "texture": "#2"},
				"up": {"uv": [9.66667, 5, 8.66667, 4.33333], "rotation": 270, "texture": "#2"},
				"down": {"uv": [9.66667, 5, 8.66667, 5.66667], "rotation": 90, "texture": "#2"}
			}
		},
		{
			"name": "Voxel-00B700",
			"from": [4, 16, 7],
			"to": [5, 19, 8],
			"faces": {
				"north": {"uv": [11.33333, 5, 11.66667, 6], "texture": "#2"},
				"east": {"uv": [6, 11.33333, 6.33333, 12.33333], "texture": "#2"},
				"south": {"uv": [6.33333, 11.33333, 6.66667, 12.33333], "texture": "#2"},
				"west": {"uv": [6.66667, 2.66667, 7, 3.66667], "texture": "#2"},
				"up": {"uv": [5, 13.66667, 4.66667, 13.33333], "rotation": 270, "texture": "#2", "cullface": "up"},
				"down": {"uv": [5.33333, 13.33333, 5, 13.66667], "rotation": 90, "texture": "#2"}
			}
		},
		{
			"name": "Voxel-00B700",
			"from": [11, 16, 7],
			"to": [12, 19, 8],
			"faces": {
				"north": {"uv": [7, 11.33333, 7.33333, 12.33333], "texture": "#2"},
				"east": {"uv": [7.33333, 11.33333, 7.66667, 12.33333], "texture": "#2"},
				"south": {"uv": [7.66667, 11.33333, 8, 12.33333], "texture": "#2"},
				"west": {"uv": [6.66667, 11.33333, 7, 12.33333], "texture": "#2"},
				"up": {"uv": [13.66667, 5.33333, 13.33333, 5], "rotation": 270, "texture": "#2", "cullface": "up"},
				"down": {"uv": [13.66667, 5.33333, 13.33333, 5.66667], "rotation": 90, "texture": "#2"}
			}
		},
		{
			"name": "Voxel-00B700",
			"from": [7, 17, 5],
			"to": [9, 18, 7],
			"faces": {
				"north": {"uv": [12.66667, 3.66667, 13.33333, 4], "texture": "#2"},
				"east": {"uv": [12.66667, 4, 13.33333, 4.33333], "texture": "#2"},
				"south": {"uv": [4.66667, 12.66667, 5.33333, 13], "texture": "#2"},
				"west": {"uv": [3.33333, 12.66667, 4, 13], "texture": "#2"},
				"up": {"uv": [1.33333, 10.66667, 0.66667, 10], "rotation": 270, "texture": "#2"},
				"down": {"uv": [10.66667, 2.33333, 10, 3], "rotation": 90, "texture": "#2"}
			}
		},
		{
			"name": "Voxel-00B700",
			"from": [9, 17, 6],
			"to": [10, 18, 8],
			"faces": {
				"north": {"uv": [13.33333, 5.66667, 13.66667, 6], "texture": "#2"},
				"east": {"uv": [5.33333, 12.66667, 6, 13], "texture": "#2"},
				"south": {"uv": [6, 13.33333, 6.33333, 13.66667], "texture": "#2"},
				"west": {"uv": [12.66667, 5, 13.33333, 5.33333], "texture": "#2"},
				"up": {"uv": [13.33333, 5.66667, 12.66667, 5.33333], "rotation": 270, "texture": "#2"},
				"down": {"uv": [13.33333, 5.66667, 12.66667, 6], "rotation": 90, "texture": "#2"}
			}
		},
		{
			"name": "Voxel-00B700",
			"from": [6, 17, 6],
			"to": [7, 18, 8],
			"faces": {
				"north": {"uv": [6.33333, 13.33333, 6.66667, 13.66667], "texture": "#2"},
				"east": {"uv": [12.66667, 7, 13.33333, 7.33333], "texture": "#2"},
				"south": {"uv": [6.66667, 13.33333, 7, 13.66667], "texture": "#2"},
				"west": {"uv": [12.66667, 6.66667, 13.33333, 7], "texture": "#2"},
				"up": {"uv": [13.33333, 7.66667, 12.66667, 7.33333], "rotation": 270, "texture": "#2"},
				"down": {"uv": [13.33333, 7.66667, 12.66667, 8], "rotation": 90, "texture": "#2"}
			}
		},
		{
			"name": "Voxel-00B700",
			"from": [6, 15, 3],
			"to": [10, 17, 9],
			"faces": {
				"north": {"uv": [7.33333, 6, 8.66667, 6.66667], "texture": "#2"},
				"east": {"uv": [6, 2, 8, 2.66667], "texture": "#2"},
				"south": {"uv": [7.66667, 3.66667, 9, 4.33333], "texture": "#2"},
				"west": {"uv": [6, 1.33333, 8, 2], "texture": "#2"},
				"up": {"uv": [4, 1.33333, 2, 0], "rotation": 270, "texture": "#2"},
				"down": {"uv": [4, 1.33333, 2, 2.66667], "rotation": 90, "texture": "#2"}
			}
		},
		{
			"name": "Voxel-00B700",
			"from": [4, 14, 6],
			"to": [5, 16, 7],
			"faces": {
				"north": {"uv": [8.33333, 12.66667, 8.66667, 13.33333], "texture": "#2"},
				"east": {"uv": [8.66667, 12.66667, 9, 13.33333], "texture": "#2"},
				"south": {"uv": [12.66667, 8.66667, 13, 9.33333], "texture": "#2"},
				"west": {"uv": [8, 12.66667, 8.33333, 13.33333], "texture": "#2"},
				"up": {"uv": [13.66667, 7, 13.33333, 6.66667], "rotation": 270, "texture": "#2"},
				"down": {"uv": [7.33333, 13.33333, 7, 13.66667], "rotation": 90, "texture": "#2"}
			}
		},
		{
			"name": "Voxel-00B700",
			"from": [11, 14, 6],
			"to": [12, 16, 7],
			"faces": {
				"north": {"uv": [9.66667, 12.66667, 10, 13.33333], "texture": "#2"},
				"east": {"uv": [10, 12.66667, 10.33333, 13.33333], "texture": "#2"},
				"south": {"uv": [12.66667, 10, 13, 10.66667], "texture": "#2"},
				"west": {"uv": [12.66667, 9.33333, 13, 10], "texture": "#2"},
				"up": {"uv": [13.66667, 7.33333, 13.33333, 7], "rotation": 270, "texture": "#2"},
				"down": {"uv": [7.66667, 13.33333, 7.33333, 13.66667], "rotation": 90, "texture": "#2"}
			}
		},
		{
			"name": "Voxel-00B700",
			"from": [7, 13, 1],
			"to": [9, 15, 2],
			"faces": {
				"north": {"uv": [10, 3, 10.66667, 3.66667], "texture": "#2", "cullface": "east"},
				"east": {"uv": [10.66667, 12.66667, 11, 13.33333], "texture": "#2"},
				"south": {"uv": [10, 4.33333, 10.66667, 5], "texture": "#2"},
				"west": {"uv": [10.33333, 12.66667, 10.66667, 13.33333], "texture": "#2"},
				"up": {"uv": [13, 11.33333, 12.66667, 10.66667], "rotation": 270, "texture": "#2"},
				"down": {"uv": [11.33333, 12.66667, 11, 13.33333], "rotation": 90, "texture": "#2"}
			}
		},
		{
			"name": "Voxel-00B700",
			"from": [6, 13, 2],
			"to": [10, 15, 3],
			"faces": {
				"north": {"uv": [7.66667, 6.66667, 9, 7.33333], "texture": "#2"},
				"east": {"uv": [11.66667, 12.66667, 12, 13.33333], "texture": "#2"},
				"south": {"uv": [7.66667, 7.33333, 9, 8], "texture": "#2"},
				"west": {"uv": [11.33333, 12.66667, 11.66667, 13.33333], "texture": "#2"},
				"up": {"uv": [9, 11, 8.66667, 9.66667], "rotation": 270, "texture": "#2"},
				"down": {"uv": [5, 10, 4.66667, 11.33333], "rotation": 90, "texture": "#2"}
			}
		},
		{
			"name": "Voxel-00B700",
			"from": [7, 15, 2],
			"to": [9, 16, 3],
			"faces": {
				"north": {"uv": [12.66667, 8, 13.33333, 8.33333], "texture": "#2"},
				"east": {"uv": [7.66667, 13.33333, 8, 13.66667], "texture": "#2"},
				"south": {"uv": [12.66667, 11.33333, 13.33333, 11.66667], "texture": "#2"},
				"west": {"uv": [13.33333, 7.33333, 13.66667, 7.66667], "texture": "#2"},
				"up": {"uv": [12.33333, 13.33333, 12, 12.66667], "rotation": 270, "texture": "#2"},
				"down": {"uv": [12.66667, 12.66667, 12.33333, 13.33333], "rotation": 90, "texture": "#2"}
			}
		},
		{
			"name": "Voxel-00B700",
			"from": [10, 13, 3],
			"to": [11, 16, 9],
			"faces": {
				"north": {"uv": [9.66667, 11.33333, 10, 12.33333], "texture": "#2"},
				"east": {"uv": [1.33333, 4.33333, 3.33333, 5.33333], "texture": "#2"},
				"south": {"uv": [10, 11.33333, 10.33333, 12.33333], "texture": "#2"},
				"west": {"uv": [4, 1.66667, 6, 2.66667], "texture": "#2"},
				"up": {"uv": [10, 6, 8, 5.66667], "rotation": 270, "texture": "#2"},
				"down": {"uv": [10.66667, 0.66667, 8.66667, 1], "rotation": 90, "texture": "#2"}
			}
		},
		{
			"name": "Voxel-00B700",
			"from": [5, 13, 3],
			"to": [6, 16, 9],
			"faces": {
				"north": {"uv": [2.33333, 11.66667, 2.66667, 12.66667], "texture": "#2"},
				"east": {"uv": [4.66667, 2.66667, 6.66667, 3.66667], "texture": "#2"},
				"south": {"uv": [3.33333, 11.66667, 3.66667, 12.66667], "texture": "#2"},
				"west": {"uv": [3.33333, 4.33333, 5.33333, 5.33333], "texture": "#2"},
				"up": {"uv": [10.66667, 6.33333, 8.66667, 6], "rotation": 270, "texture": "#2"},
				"down": {"uv": [10.66667, 6.33333, 8.66667, 6.66667], "rotation": 90, "texture": "#2"}
			}
		},
		{
			"name": "Voxel-00B700",
			"from": [7, 14, 9],
			"to": [9, 15, 10],
			"faces": {
				"north": {"uv": [12.66667, 12.33333, 13.33333, 12.66667], "texture": "#2"},
				"east": {"uv": [8, 13.33333, 8.33333, 13.66667], "texture": "#2"},
				"south": {"uv": [12.66667, 12.66667, 13.33333, 13], "texture": "#2"},
				"west": {"uv": [13.33333, 7.66667, 13.66667, 8], "texture": "#2"},
				"up": {"uv": [0.33333, 13.66667, 0, 13], "rotation": 270, "texture": "#2"},
				"down": {"uv": [13.33333, 0, 13, 0.66667], "rotation": 90, "texture": "#2"}
			}
		},
		{
			"name": "Voxel-00B700",
			"from": [5, 13, 9],
			"to": [7, 14, 10],
			"faces": {
				"north": {"uv": [0.33333, 13, 1, 13.33333], "texture": "#2"},
				"east": {"uv": [8.33333, 13.33333, 8.66667, 13.66667], "texture": "#2"},
				"south": {"uv": [13, 0.66667, 13.66667, 1], "texture": "#2"},
				"west": {"uv": [13.33333, 8, 13.66667, 8.33333], "texture": "#2"},
				"up": {"uv": [1.33333, 13.66667, 1, 13], "rotation": 270, "texture": "#2"},
				"down": {"uv": [1.66667, 13, 1.33333, 13.66667], "rotation": 90, "texture": "#2"}
			}
		},
		{
			"name": "Voxel-00B700",
			"from": [9, 13, 9],
			"to": [11, 14, 10],
			"faces": {
				"north": {"uv": [1.66667, 13, 2.33333, 13.33333], "texture": "#2"},
				"east": {"uv": [8.66667, 13.33333, 9, 13.66667], "texture": "#2"},
				"south": {"uv": [13, 2.33333, 13.66667, 2.66667], "texture": "#2"},
				"west": {"uv": [13.33333, 8.33333, 13.66667, 8.66667], "texture": "#2"},
				"up": {"uv": [2.66667, 13.66667, 2.33333, 13], "rotation": 270, "texture": "#2"},
				"down": {"uv": [13.33333, 2.66667, 13, 3.33333], "rotation": 90, "texture": "#2"}
			}
		},
		{
			"name": "Voxel-00B700",
			"from": [6, 14, 8],
			"to": [10, 15, 9],
			"faces": {
				"north": {"uv": [10, 5.33333, 11.33333, 5.66667], "texture": "#2"},
				"east": {"uv": [13.33333, 12.66667, 13.66667, 13], "texture": "#2"},
				"south": {"uv": [10, 5.66667, 11.33333, 6], "texture": "#2"},
				"west": {"uv": [12.66667, 13.33333, 13, 13.66667], "texture": "#2"},
				"up": {"uv": [10.33333, 11.33333, 10, 10], "rotation": 270, "texture": "#2"},
				"down": {"uv": [2.66667, 10.33333, 2.33333, 11.66667], "rotation": 90, "texture": "#2"}
			}
		},
		{
			"name": "Voxel-FFFFFF",
			"from": [6, 12, 3],
			"to": [10, 13, 7],
			"faces": {
				"north": {"uv": [10.33333, 0.33333, 11.66667, 0.66667], "texture": "#2"},
				"east": {"uv": [10.33333, 8.66667, 11.66667, 9], "texture": "#2"},
				"south": {"uv": [10.33333, 9, 11.66667, 9.33333], "texture": "#2"},
				"west": {"uv": [10.33333, 0, 11.66667, 0.33333], "texture": "#2"},
				"up": {"uv": [1.33333, 6.33333, 0, 5], "rotation": 270, "texture": "#2"},
				"down": {"uv": [6.66667, 0, 5.33333, 1.33333], "rotation": 90, "texture": "#2"}
			}
		},
		{
			"name": "Voxel-FFFFFF",
			"from": [5, 12, 4],
			"to": [6, 13, 7],
			"faces": {
				"north": {"uv": [13.66667, 1.66667, 14, 2], "texture": "#2"},
				"east": {"uv": [11.66667, 9, 12.66667, 9.33333], "texture": "#2"},
				"south": {"uv": [2, 13.66667, 2.33333, 14], "texture": "#2"},
				"west": {"uv": [11.66667, 8.66667, 12.66667, 9], "texture": "#2"},
				"up": {"uv": [12.66667, 9.66667, 11.66667, 9.33333], "rotation": 270, "texture": "#2"},
				"down": {"uv": [12.66667, 9.66667, 11.66667, 10], "rotation": 90, "texture": "#2"}
			}
		},
		{
			"name": "Voxel-FFFFFF",
			"from": [10, 12, 4],
			"to": [11, 13, 7],
			"faces": {
				"north": {"uv": [13.66667, 2, 14, 2.33333], "texture": "#2"},
				"east": {"uv": [11.66667, 10.33333, 12.66667, 10.66667], "texture": "#2"},
				"south": {"uv": [2.33333, 13.66667, 2.66667, 14], "texture": "#2"},
				"west": {"uv": [11.66667, 10, 12.66667, 10.33333], "texture": "#2"},
				"up": {"uv": [12.66667, 11, 11.66667, 10.66667], "rotation": 270, "texture": "#2"},
				"down": {"uv": [12, 11.66667, 11, 12], "rotation": 90, "texture": "#2"}
			}
		}
	],
	"display": {
		"gui": {
			"rotation": [0, -135, 0],
			"scale": [0.75, 0.75, 0.75]
		},
		"head": {
			"translation": [0, -13.5, 2.5],
			"scale": [2, 2, 2]
		},
		"fixed": {
			"rotation": [0, 90, 0]
		}
	},
	"groups": [
		{
			"name": "goblin",
			"origin": [8, 8, 8],
			"color": 0,
			"nbt": "{}",
			"armAnimationEnabled": false,
			"children": [
				{
					"name": "head",
					"origin": [0, 0, 0],
					"color": 0,
					"nbt": "{}",
					"armAnimationEnabled": false,
					"children": [0, 1, 2, 3, 4, 5, 6, 7, 8, 9, 10, 11, 12, 13, 14, 15, 16, 17, 18, 19, 20, 21, 22, 23, 24, 25, 26, 27]
				}
			]
		}
	]
}