{
	"credit": "Made with Blockbench",
	"textures": {
		"Voxel-8B6121": "item/voxel-8b6121",
		"Voxel-BFBFBF": "item/voxel-bfbfbf",
		"Voxel-FF0000": "item/voxel-ff0000",
		"particle": "item/particle"
	},
	"elements": [
		{
			"name": "Voxel-8B6121",
			"from": [6.5, 5.5, 7.5],
			"to": [10.5, 6, 9.5],
			"faces": {
				"north": {"uv": [0, 0, 16, 16], "texture": "#Voxel-8B6121"},
				"east": {"uv": [0, 0, 16, 16], "texture": "#Voxel-8B6121"},
				"south": {"uv": [0, 0, 16, 16], "texture": "#Voxel-8B6121"},
				"west": {"uv": [0, 0, 16, 16], "texture": "#Voxel-8B6121"},
				"up": {"uv": [0, 0, 16, 16], "texture": "#Voxel-8B6121"},
				"down": {"uv": [0, 0, 16, 16], "texture": "#Voxel-8B6121"}
			}
		},
		{
			"name": "Voxel-8B6121",
			"from": [6, 10.5, 7.25],
			"to": [11, 11, 9.75],
			"faces": {
				"north": {"uv": [0, 0, 16, 16], "texture": "#Voxel-8B6121"},
				"east": {"uv": [0, 0, 16, 16], "texture": "#Voxel-8B6121"},
				"south": {"uv": [0, 0, 16, 16], "texture": "#Voxel-8B6121"},
				"west": {"uv": [0, 0, 16, 16], "texture": "#Voxel-8B6121"},
				"up": {"uv": [0, 0, 16, 16], "texture": "#Voxel-8B6121"},
				"down": {"uv": [0, 0, 16, 16], "texture": "#Voxel-8B6121"}
			}
		},
		{
			"name": "Voxel-8B6121",
			"from": [5.5, 10.5, 8],
			"to": [11.5, 11, 9],
			"faces": {
				"north": {"uv": [0, 0, 16, 16], "texture": "#Voxel-8B6121"},
				"east": {"uv": [0, 0, 16, 16], "texture": "#Voxel-8B6121"},
				"south": {"uv": [0, 0, 16, 16], "texture": "#Voxel-8B6121"},
				"west": {"uv": [0, 0, 16, 16], "texture": "#Voxel-8B6121"},
				"up": {"uv": [0, 0, 16, 16], "texture": "#Voxel-8B6121"},
				"down": {"uv": [0, 0, 16, 16], "texture": "#Voxel-8B6121"}
			}
		},
		{
			"name": "Voxel-BFBFBF",
			"from": [7, 11, 8.25],
			"to": [8, 18, 8.75],
			"faces": {
				"north": {"uv": [0, 0, 16, 16], "texture": "#Voxel-BFBFBF"},
				"east": {"uv": [0, 0, 16, 16], "texture": "#Voxel-BFBFBF"},
				"south": {"uv": [0, 0, 16, 16], "texture": "#Voxel-BFBFBF"},
				"west": {"uv": [0, 0, 16, 16], "texture": "#Voxel-BFBFBF"},
				"up": {"uv": [0, 0, 16, 16], "texture": "#Voxel-BFBFBF"},
				"down": {"uv": [0, 0, 16, 16], "texture": "#Voxel-BFBFBF"}
			}
		},
		{
			"name": "Voxel-BFBFBF",
			"from": [8, 11, 8],
			"to": [9, 18, 9],
			"faces": {
				"north": {"uv": [0, 0, 16, 16], "texture": "#Voxel-BFBFBF"},
				"east": {"uv": [0, 0, 16, 16], "texture": "#Voxel-BFBFBF"},
				"south": {"uv": [0, 0, 16, 16], "texture": "#Voxel-BFBFBF"},
				"west": {"uv": [0, 0, 16, 16], "texture": "#Voxel-BFBFBF"},
				"up": {"uv": [0, 0, 16, 16], "texture": "#Voxel-BFBFBF"},
				"down": {"uv": [0, 0, 16, 16], "texture": "#Voxel-BFBFBF"}
			}
		},
		{
			"name": "Voxel-BFBFBF",
			"from": [8, 18, 8.25],
			"to": [9, 20.25, 8.75],
			"faces": {
				"north": {"uv": [0, 0, 16, 16], "texture": "#Voxel-BFBFBF"},
				"east": {"uv": [0, 0, 16, 16], "texture": "#Voxel-BFBFBF"},
				"south": {"uv": [0, 0, 16, 16], "texture": "#Voxel-BFBFBF"},
				"west": {"uv": [0, 0, 16, 16], "texture": "#Voxel-BFBFBF"},
				"up": {"uv": [0, 0, 16, 16], "texture": "#Voxel-BFBFBF"},
				"down": {"uv": [0, 0, 16, 16], "texture": "#Voxel-BFBFBF"}
			}
		},
		{
			"name": "Voxel-BFBFBF",
			"from": [8.07193, 17.38896, 8.25],
			"to": [9.07193, 22.63896, 8.75],
			"rotation": {"angle": -22.5, "axis": "z", "origin": [9.07193, 20.38896, 8]},
			"faces": {
				"north": {"uv": [0, 0, 16, 16], "texture": "#Voxel-BFBFBF"},
				"east": {"uv": [0, 0, 16, 16], "texture": "#Voxel-BFBFBF"},
				"south": {"uv": [0, 0, 16, 16], "texture": "#Voxel-BFBFBF"},
				"west": {"uv": [0, 0, 16, 16], "texture": "#Voxel-BFBFBF"},
				"up": {"uv": [0, 0, 16, 16], "texture": "#Voxel-BFBFBF"},
				"down": {"uv": [0, 0, 16, 16], "texture": "#Voxel-BFBFBF"}
			}
		},
		{
			"name": "Voxel-BFBFBF",
			"from": [9, 11, 8.25],
			"to": [10, 23, 8.75],
			"faces": {
				"north": {"uv": [0, 0, 16, 16], "texture": "#Voxel-BFBFBF"},
				"east": {"uv": [0, 0, 16, 16], "texture": "#Voxel-BFBFBF"},
				"south": {"uv": [0, 0, 16, 16], "texture": "#Voxel-BFBFBF"},
				"west": {"uv": [0, 0, 16, 16], "texture": "#Voxel-BFBFBF"},
				"up": {"uv": [0, 0, 16, 16], "texture": "#Voxel-BFBFBF"},
				"down": {"uv": [0, 0, 16, 16], "texture": "#Voxel-BFBFBF"}
			}
		},
		{
			"name": "Voxel-FF0000",
			"from": [8, 11, 7.75],
			"to": [9, 14, 8],
			"faces": {
				"north": {"uv": [0, 0, 16, 16], "texture": "#Voxel-FF0000"},
				"east": {"uv": [0, 0, 16, 16], "texture": "#Voxel-FF0000"},
				"south": {"uv": [0, 0, 16, 16], "texture": "#Voxel-FF0000"},
				"west": {"uv": [0, 0, 16, 16], "texture": "#Voxel-FF0000"},
				"up": {"uv": [0, 0, 16, 16], "texture": "#Voxel-FF0000"},
				"down": {"uv": [0, 0, 16, 16], "texture": "#Voxel-FF0000"}
			}
		},
		{
			"name": "Voxel-FF1111",
			"from": [8, 11, 9],
			"to": [9, 14, 9.25],
			"faces": {
				"north": {"uv": [0, 0, 16, 16], "texture": "#Voxel-FF0000"},
				"east": {"uv": [0, 0, 16, 16], "texture": "#Voxel-FF0000"},
				"south": {"uv": [0, 0, 16, 16], "texture": "#Voxel-FF0000"},
				"west": {"uv": [0, 0, 16, 16], "texture": "#Voxel-FF0000"},
				"up": {"uv": [0, 0, 16, 16], "texture": "#Voxel-FF0000"},
				"down": {"uv": [0, 0, 16, 16], "texture": "#Voxel-FF0000"}
			}
		},
		{
			"name": "Voxel-FF0000",
			"from": [10, 13, 8.25],
			"to": [10.25, 17, 8.75],
			"faces": {
				"north": {"uv": [0, 0, 16, 16], "texture": "#Voxel-FF0000"},
				"east": {"uv": [0, 0, 16, 16], "texture": "#Voxel-FF0000"},
				"south": {"uv": [0, 0, 16, 16], "texture": "#Voxel-FF0000"},
				"west": {"uv": [0, 0, 16, 16], "texture": "#Voxel-FF0000"},
				"up": {"uv": [0, 0, 16, 16], "texture": "#Voxel-FF0000"},
				"down": {"uv": [0, 0, 16, 16], "texture": "#Voxel-FF0000"}
			}
		},
		{
			"name": "Voxel-8B6121",
			"from": [7.5, 6, 8],
			"to": [9.5, 11, 9],
			"faces": {
				"north": {"uv": [0, 0, 16, 16], "texture": "#Voxel-8B6121"},
				"east": {"uv": [0, 0, 16, 16], "texture": "#Voxel-8B6121"},
				"south": {"uv": [0, 0, 16, 16], "texture": "#Voxel-8B6121"},
				"west": {"uv": [0, 0, 16, 16], "texture": "#Voxel-8B6121"},
				"up": {"uv": [0, 0, 16, 16], "texture": "#Voxel-8B6121"},
				"down": {"uv": [0, 0, 16, 16], "texture": "#Voxel-8B6121"}
			}
		}
	],
	"display": {
		"thirdperson_righthand": {
			"rotation": [0, -90, 0],
			"translation": [0.5, -3, 0.5]
		},
		"thirdperson_lefthand": {
			"rotation": [3, 90, 0],
			"translation": [-0.5, -1.5, 0]
		},
		"firstperson_righthand": {
			"rotation": [-26, -92, 0],
			"translation": [2.5, -2, 0.5]
		},
		"firstperson_lefthand": {
			"rotation": [-30, 89, 1],
			"translation": [0.75, -0.5, 1]
		},
		"ground": {
			"rotation": [85, 0, 0],
			"translation": [0, -2, 0],
			"scale": [0.8, 0.8, 0.8]
		},
		"gui": {
			"rotation": [0, -135, 0],
			"translation": [0, -4, 0]
		},
		"fixed": {
			"translation": [0, -4, 0]
		}
	},
	"groups": [
		{
			"name": "knife",
			"origin": [8, 8, 8],
			"color": 0,
			"nbt": "{}",
			"armAnimationEnabled": false,
			"children": [0, 1, 2, 3, 4, 5, 6, 7, 8, 9, 10, 11]
		}
	]
}