{
	"credit": "Made with Blockbench",
	"textures": {
		"Voxel-672F00": "item/voxel-672f00",
		"Voxel-FFFFFF": "item/voxel-ffffff",
		"Voxel-939393": "item/voxel-939393",
		"Voxel-D3D3D3": "item/voxel-d3d3d3",
		"particle": "item/particle"
	},
	"elements": [
		{
			"name": "Voxel-939393",
			"from": [7, 3, -5],
			"to": [9, 5, 5],
			"faces": {
				"north": {"uv": [0, 0, 16, 16], "texture": "#Voxel-939393"},
				"east": {"uv": [0, 0, 16, 16], "texture": "#Voxel-939393"},
				"south": {"uv": [0, 0, 16, 16], "texture": "#Voxel-939393"},
				"west": {"uv": [0, 0, 16, 16], "texture": "#Voxel-939393"},
				"up": {"uv": [0, 0, 16, 16], "texture": "#Voxel-939393"},
				"down": {"uv": [0, 0, 16, 16], "texture": "#Voxel-939393"}
			}
		},
		{
			"name": "Voxel-939393",
			"from": [4, 3, -6],
			"to": [12, 5, -5],
			"faces": {
				"north": {"uv": [0, 0, 16, 16], "texture": "#Voxel-939393"},
				"east": {"uv": [0, 0, 16, 16], "texture": "#Voxel-939393"},
				"south": {"uv": [0, 0, 16, 16], "texture": "#Voxel-939393"},
				"west": {"uv": [0, 0, 16, 16], "texture": "#Voxel-939393"},
				"up": {"uv": [0, 0, 16, 16], "texture": "#Voxel-939393"},
				"down": {"uv": [0, 0, 16, 16], "texture": "#Voxel-939393"}
			}
		},
		{
			"name": "Voxel-939393",
			"from": [7, 5, -6],
			"to": [9, 8, -5],
			"faces": {
				"north": {"uv": [0, 0, 16, 16], "texture": "#Voxel-939393"},
				"east": {"uv": [0, 0, 16, 16], "texture": "#Voxel-939393"},
				"south": {"uv": [0, 0, 16, 16], "texture": "#Voxel-939393"},
				"west": {"uv": [0, 0, 16, 16], "texture": "#Voxel-939393"},
				"up": {"uv": [0, 0, 16, 16], "texture": "#Voxel-939393"},
				"down": {"uv": [0, 0, 16, 16], "texture": "#Voxel-939393"}
			}
		},
		{
			"name": "Voxel-939393",
			"from": [7, 0, -6],
			"to": [9, 3, -5],
			"faces": {
				"north": {"uv": [0, 0, 16, 16], "texture": "#Voxel-939393"},
				"east": {"uv": [0, 0, 16, 16], "texture": "#Voxel-939393"},
				"south": {"uv": [0, 0, 16, 16], "texture": "#Voxel-939393"},
				"west": {"uv": [0, 0, 16, 16], "texture": "#Voxel-939393"},
				"up": {"uv": [0, 0, 16, 16], "texture": "#Voxel-939393"},
				"down": {"uv": [0, 0, 16, 16], "texture": "#Voxel-939393"}
			}
		},
		{
			"name": "Voxel-939393",
			"from": [7, 8, -5],
			"to": [9, 9, -4],
			"faces": {
				"north": {"uv": [0, 0, 16, 16], "texture": "#Voxel-939393"},
				"east": {"uv": [0, 0, 16, 16], "texture": "#Voxel-939393"},
				"south": {"uv": [0, 0, 16, 16], "texture": "#Voxel-939393"},
				"west": {"uv": [0, 0, 16, 16], "texture": "#Voxel-939393"},
				"up": {"uv": [0, 0, 16, 16], "texture": "#Voxel-939393"},
				"down": {"uv": [0, 0, 16, 16], "texture": "#Voxel-939393"}
			}
		},
		{
			"name": "Voxel-939393",
			"from": [7, -1, -5],
			"to": [9, 0, -4],
			"faces": {
				"north": {"uv": [0, 0, 16, 16], "texture": "#Voxel-939393"},
				"east": {"uv": [0, 0, 16, 16], "texture": "#Voxel-939393"},
				"south": {"uv": [0, 0, 16, 16], "texture": "#Voxel-939393"},
				"west": {"uv": [0, 0, 16, 16], "texture": "#Voxel-939393"},
				"up": {"uv": [0, 0, 16, 16], "texture": "#Voxel-939393"},
				"down": {"uv": [0, 0, 16, 16], "texture": "#Voxel-939393"}
			}
		},
		{
			"name": "Voxel-939393",
			"from": [3, 3, -5],
			"to": [4, 5, -4],
			"faces": {
				"north": {"uv": [0, 0, 16, 16], "texture": "#Voxel-939393"},
				"east": {"uv": [0, 0, 16, 16], "texture": "#Voxel-939393"},
				"south": {"uv": [0, 0, 16, 16], "texture": "#Voxel-939393"},
				"west": {"uv": [0, 0, 16, 16], "texture": "#Voxel-939393"},
				"up": {"uv": [0, 0, 16, 16], "texture": "#Voxel-939393"},
				"down": {"uv": [0, 0, 16, 16], "texture": "#Voxel-939393"}
			}
		},
		{
			"name": "Voxel-939393",
			"from": [12, 3, -5],
			"to": [13, 5, -4],
			"faces": {
				"north": {"uv": [0, 0, 16, 16], "texture": "#Voxel-939393"},
				"east": {"uv": [0, 0, 16, 16], "texture": "#Voxel-939393"},
				"south": {"uv": [0, 0, 16, 16], "texture": "#Voxel-939393"},
				"west": {"uv": [0, 0, 16, 16], "texture": "#Voxel-939393"},
				"up": {"uv": [0, 0, 16, 16], "texture": "#Voxel-939393"},
				"down": {"uv": [0, 0, 16, 16], "texture": "#Voxel-939393"}
			}
		},
		{
			"name": "Voxel-672F00",
			"from": [9, 2, -2],
			"to": [12, 4, -1],
			"faces": {
				"north": {"uv": [0, 0, 16, 16], "texture": "#Voxel-672F00"},
				"east": {"uv": [0, 0, 16, 16], "texture": "#Voxel-672F00"},
				"south": {"uv": [0, 0, 16, 16], "texture": "#Voxel-672F00"},
				"west": {"uv": [0, 0, 16, 16], "texture": "#Voxel-672F00"},
				"up": {"uv": [0, 0, 16, 16], "texture": "#Voxel-672F00"},
				"down": {"uv": [0, 0, 16, 16], "texture": "#Voxel-672F00"}
			}
		},
		{
			"name": "Voxel-672F00",
			"from": [4, 2, -2],
			"to": [7, 4, -1],
			"faces": {
				"north": {"uv": [0, 0, 16, 16], "texture": "#Voxel-672F00"},
				"east": {"uv": [0, 0, 16, 16], "texture": "#Voxel-672F00"},
				"south": {"uv": [0, 0, 16, 16], "texture": "#Voxel-672F00"},
				"west": {"uv": [0, 0, 16, 16], "texture": "#Voxel-672F00"},
				"up": {"uv": [0, 0, 16, 16], "texture": "#Voxel-672F00"},
				"down": {"uv": [0, 0, 16, 16], "texture": "#Voxel-672F00"}
			}
		},
		{
			"name": "Voxel-672F00",
			"from": [7, 1, -2],
			"to": [9, 3, 15],
			"faces": {
				"north": {"uv": [0, 0, 16, 16], "texture": "#Voxel-672F00"},
				"east": {"uv": [0, 0, 16, 16], "texture": "#Voxel-672F00"},
				"south": {"uv": [0, 0, 16, 16], "texture": "#Voxel-672F00"},
				"west": {"uv": [0, 0, 16, 16], "texture": "#Voxel-672F00"},
				"up": {"uv": [0, 0, 16, 16], "texture": "#Voxel-672F00"},
				"down": {"uv": [0, 0, 16, 16], "texture": "#Voxel-672F00"}
			}
		},
		{
			"name": "Voxel-672F00",
			"from": [6, 1, 7],
			"to": [7, 3, 13],
			"faces": {
				"north": {"uv": [0, 0, 16, 16], "texture": "#Voxel-672F00"},
				"east": {"uv": [0, 0, 16, 16], "texture": "#Voxel-672F00"},
				"south": {"uv": [0, 0, 16, 16], "texture": "#Voxel-672F00"},
				"west": {"uv": [0, 0, 16, 16], "texture": "#Voxel-672F00"},
				"up": {"uv": [0, 0, 16, 16], "texture": "#Voxel-672F00"},
				"down": {"uv": [0, 0, 16, 16], "texture": "#Voxel-672F00"}
			}
		},
		{
			"name": "Voxel-672F00",
			"from": [9, 1, 7],
			"to": [10, 3, 13],
			"faces": {
				"north": {"uv": [0, 0, 16, 16], "texture": "#Voxel-672F00"},
				"east": {"uv": [0, 0, 16, 16], "texture": "#Voxel-672F00"},
				"south": {"uv": [0, 0, 16, 16], "texture": "#Voxel-672F00"},
				"west": {"uv": [0, 0, 16, 16], "texture": "#Voxel-672F00"},
				"up": {"uv": [0, 0, 16, 16], "texture": "#Voxel-672F00"},
				"down": {"uv": [0, 0, 16, 16], "texture": "#Voxel-672F00"}
			}
		},
		{
			"name": "Voxel-672F00",
			"from": [6, -1, 13],
			"to": [7, 2, 17],
			"faces": {
				"north": {"uv": [0, 0, 16, 16], "texture": "#Voxel-672F00"},
				"east": {"uv": [0, 0, 16, 16], "texture": "#Voxel-672F00"},
				"south": {"uv": [0, 0, 16, 16], "texture": "#Voxel-672F00"},
				"west": {"uv": [0, 0, 16, 16], "texture": "#Voxel-672F00"},
				"up": {"uv": [0, 0, 16, 16], "texture": "#Voxel-672F00"},
				"down": {"uv": [0, 0, 16, 16], "texture": "#Voxel-672F00"}
			}
		},
		{
			"name": "Voxel-672F00",
			"from": [9, -1, 13],
			"to": [10, 2, 17],
			"faces": {
				"north": {"uv": [0, 0, 16, 16], "texture": "#Voxel-672F00"},
				"east": {"uv": [0, 0, 16, 16], "texture": "#Voxel-672F00"},
				"south": {"uv": [0, 0, 16, 16], "texture": "#Voxel-672F00"},
				"west": {"uv": [0, 0, 16, 16], "texture": "#Voxel-672F00"},
				"up": {"uv": [0, 0, 16, 16], "texture": "#Voxel-672F00"},
				"down": {"uv": [0, 0, 16, 16], "texture": "#Voxel-672F00"}
			}
		},
		{
			"name": "Voxel-672F00",
			"from": [10, 0, 13],
			"to": [11, 1, 17],
			"faces": {
				"north": {"uv": [0, 0, 16, 16], "texture": "#Voxel-672F00"},
				"east": {"uv": [0, 0, 16, 16], "texture": "#Voxel-672F00"},
				"south": {"uv": [0, 0, 16, 16], "texture": "#Voxel-672F00"},
				"west": {"uv": [0, 0, 16, 16], "texture": "#Voxel-672F00"},
				"up": {"uv": [0, 0, 16, 16], "texture": "#Voxel-672F00"},
				"down": {"uv": [0, 0, 16, 16], "texture": "#Voxel-672F00"}
			}
		},
		{
			"name": "Voxel-672F00",
			"from": [5, 0, 13],
			"to": [6, 1, 17],
			"faces": {
				"north": {"uv": [0, 0, 16, 16], "texture": "#Voxel-672F00"},
				"east": {"uv": [0, 0, 16, 16], "texture": "#Voxel-672F00"},
				"south": {"uv": [0, 0, 16, 16], "texture": "#Voxel-672F00"},
				"west": {"uv": [0, 0, 16, 16], "texture": "#Voxel-672F00"},
				"up": {"uv": [0, 0, 16, 16], "texture": "#Voxel-672F00"},
				"down": {"uv": [0, 0, 16, 16], "texture": "#Voxel-672F00"}
			}
		},
		{
			"name": "Voxel-672F00",
			"from": [10, -1, 14],
			"to": [11, 0, 17],
			"faces": {
				"north": {"uv": [0, 0, 16, 16], "texture": "#Voxel-672F00"},
				"east": {"uv": [0, 0, 16, 16], "texture": "#Voxel-672F00"},
				"south": {"uv": [0, 0, 16, 16], "texture": "#Voxel-672F00"},
				"west": {"uv": [0, 0, 16, 16], "texture": "#Voxel-672F00"},
				"up": {"uv": [0, 0, 16, 16], "texture": "#Voxel-672F00"},
				"down": {"uv": [0, 0, 16, 16], "texture": "#Voxel-672F00"}
			}
		},
		{
			"name": "Voxel-672F00",
			"from": [5, -1, 14],
			"to": [6, 0, 17],
			"faces": {
				"north": {"uv": [0, 0, 16, 16], "texture": "#Voxel-672F00"},
				"east": {"uv": [0, 0, 16, 16], "texture": "#Voxel-672F00"},
				"south": {"uv": [0, 0, 16, 16], "texture": "#Voxel-672F00"},
				"west": {"uv": [0, 0, 16, 16], "texture": "#Voxel-672F00"},
				"up": {"uv": [0, 0, 16, 16], "texture": "#Voxel-672F00"},
				"down": {"uv": [0, 0, 16, 16], "texture": "#Voxel-672F00"}
			}
		},
		{
			"name": "Voxel-672F00",
			"from": [7, -1, 13],
			"to": [9, 0, 17],
			"faces": {
				"north": {"uv": [0, 0, 16, 16], "texture": "#Voxel-672F00"},
				"east": {"uv": [0, 0, 16, 16], "texture": "#Voxel-672F00"},
				"south": {"uv": [0, 0, 16, 16], "texture": "#Voxel-672F00"},
				"west": {"uv": [0, 0, 16, 16], "texture": "#Voxel-672F00"},
				"up": {"uv": [0, 0, 16, 16], "texture": "#Voxel-672F00"},
				"down": {"uv": [0, 0, 16, 16], "texture": "#Voxel-672F00"}
			}
		},
		{
			"name": "Voxel-672F00",
			"from": [7, 0, 8],
			"to": [9, 1, 17],
			"faces": {
				"north": {"uv": [0, 0, 16, 16], "texture": "#Voxel-672F00"},
				"east": {"uv": [0, 0, 16, 16], "texture": "#Voxel-672F00"},
				"south": {"uv": [0, 0, 16, 16], "texture": "#Voxel-672F00"},
				"west": {"uv": [0, 0, 16, 16], "texture": "#Voxel-672F00"},
				"up": {"uv": [0, 0, 16, 16], "texture": "#Voxel-672F00"},
				"down": {"uv": [0, 0, 16, 16], "texture": "#Voxel-672F00"}
			}
		},
		{
			"name": "Voxel-672F00",
			"from": [9, 0, 10],
			"to": [10, 1, 13],
			"faces": {
				"north": {"uv": [0, 0, 16, 16], "texture": "#Voxel-672F00"},
				"east": {"uv": [0, 0, 16, 16], "texture": "#Voxel-672F00"},
				"south": {"uv": [0, 0, 16, 16], "texture": "#Voxel-672F00"},
				"west": {"uv": [0, 0, 16, 16], "texture": "#Voxel-672F00"},
				"up": {"uv": [0, 0, 16, 16], "texture": "#Voxel-672F00"},
				"down": {"uv": [0, 0, 16, 16], "texture": "#Voxel-672F00"}
			}
		},
		{
			"name": "Voxel-672F00",
			"from": [6, 0, 10],
			"to": [7, 1, 13],
			"faces": {
				"north": {"uv": [0, 0, 16, 16], "texture": "#Voxel-672F00"},
				"east": {"uv": [0, 0, 16, 16], "texture": "#Voxel-672F00"},
				"south": {"uv": [0, 0, 16, 16], "texture": "#Voxel-672F00"},
				"west": {"uv": [0, 0, 16, 16], "texture": "#Voxel-672F00"},
				"up": {"uv": [0, 0, 16, 16], "texture": "#Voxel-672F00"},
				"down": {"uv": [0, 0, 16, 16], "texture": "#Voxel-672F00"}
			}
		},
		{
			"name": "Voxel-672F00",
			"from": [7, -1, 6],
			"to": [9, 1, 7],
			"faces": {
				"north": {"uv": [0, 0, 16, 16], "texture": "#Voxel-672F00"},
				"east": {"uv": [0, 0, 16, 16], "texture": "#Voxel-672F00"},
				"south": {"uv": [0, 0, 16, 16], "texture": "#Voxel-672F00"},
				"west": {"uv": [0, 0, 16, 16], "texture": "#Voxel-672F00"},
				"up": {"uv": [0, 0, 16, 16], "texture": "#Voxel-672F00"},
				"down": {"uv": [0, 0, 16, 16], "texture": "#Voxel-672F00"}
			}
		},
		{
			"name": "Voxel-672F00",
			"from": [7, -1, 7],
			"to": [9, 0, 8],
			"faces": {
				"north": {"uv": [0, 0, 16, 16], "texture": "#Voxel-672F00"},
				"east": {"uv": [0, 0, 16, 16], "texture": "#Voxel-672F00"},
				"south": {"uv": [0, 0, 16, 16], "texture": "#Voxel-672F00"},
				"west": {"uv": [0, 0, 16, 16], "texture": "#Voxel-672F00"},
				"up": {"uv": [0, 0, 16, 16], "texture": "#Voxel-672F00"},
				"down": {"uv": [0, 0, 16, 16], "texture": "#Voxel-672F00"}
			}
		},
		{
			"name": "Voxel-672F00",
			"from": [6, 3, -1],
			"to": [7, 4, 8],
			"faces": {
				"north": {"uv": [0, 0, 16, 16], "texture": "#Voxel-672F00"},
				"east": {"uv": [0, 0, 16, 16], "texture": "#Voxel-672F00"},
				"south": {"uv": [0, 0, 16, 16], "texture": "#Voxel-672F00"},
				"west": {"uv": [0, 0, 16, 16], "texture": "#Voxel-672F00"},
				"up": {"uv": [0, 0, 16, 16], "texture": "#Voxel-672F00"},
				"down": {"uv": [0, 0, 16, 16], "texture": "#Voxel-672F00"}
			}
		},
		{
			"name": "Voxel-672F00",
			"from": [9, 3, -1],
			"to": [10, 4, 8],
			"faces": {
				"north": {"uv": [0, 0, 16, 16], "texture": "#Voxel-672F00"},
				"east": {"uv": [0, 0, 16, 16], "texture": "#Voxel-672F00"},
				"south": {"uv": [0, 0, 16, 16], "texture": "#Voxel-672F00"},
				"west": {"uv": [0, 0, 16, 16], "texture": "#Voxel-672F00"},
				"up": {"uv": [0, 0, 16, 16], "texture": "#Voxel-672F00"},
				"down": {"uv": [0, 0, 16, 16], "texture": "#Voxel-672F00"}
			}
		},
		{
			"name": "Voxel-672F00",
			"from": [12, 2, -1],
			"to": [14, 4, 0],
			"faces": {
				"north": {"uv": [0, 0, 16, 16], "texture": "#Voxel-672F00"},
				"east": {"uv": [0, 0, 16, 16], "texture": "#Voxel-672F00"},
				"south": {"uv": [0, 0, 16, 16], "texture": "#Voxel-672F00"},
				"west": {"uv": [0, 0, 16, 16], "texture": "#Voxel-672F00"},
				"up": {"uv": [0, 0, 16, 16], "texture": "#Voxel-672F00"},
				"down": {"uv": [0, 0, 16, 16], "texture": "#Voxel-672F00"}
			}
		},
		{
			"name": "Voxel-672F00",
			"from": [2, 2, -1],
			"to": [4, 4, 0],
			"faces": {
				"north": {"uv": [0, 0, 16, 16], "texture": "#Voxel-672F00"},
				"east": {"uv": [0, 0, 16, 16], "texture": "#Voxel-672F00"},
				"south": {"uv": [0, 0, 16, 16], "texture": "#Voxel-672F00"},
				"west": {"uv": [0, 0, 16, 16], "texture": "#Voxel-672F00"},
				"up": {"uv": [0, 0, 16, 16], "texture": "#Voxel-672F00"},
				"down": {"uv": [0, 0, 16, 16], "texture": "#Voxel-672F00"}
			}
		},
		{
			"name": "Voxel-672F00",
			"from": [1, 2, 0],
			"to": [2, 4, 1],
			"faces": {
				"north": {"uv": [0, 0, 16, 16], "texture": "#Voxel-672F00"},
				"east": {"uv": [0, 0, 16, 16], "texture": "#Voxel-672F00"},
				"south": {"uv": [0, 0, 16, 16], "texture": "#Voxel-672F00"},
				"west": {"uv": [0, 0, 16, 16], "texture": "#Voxel-672F00"},
				"up": {"uv": [0, 0, 16, 16], "texture": "#Voxel-672F00"},
				"down": {"uv": [0, 0, 16, 16], "texture": "#Voxel-672F00"}
			}
		},
		{
			"name": "Voxel-672F00",
			"from": [14, 2, 0],
			"to": [15, 4, 1],
			"faces": {
				"north": {"uv": [0, 0, 16, 16], "texture": "#Voxel-672F00"},
				"east": {"uv": [0, 0, 16, 16], "texture": "#Voxel-672F00"},
				"south": {"uv": [0, 0, 16, 16], "texture": "#Voxel-672F00"},
				"west": {"uv": [0, 0, 16, 16], "texture": "#Voxel-672F00"},
				"up": {"uv": [0, 0, 16, 16], "texture": "#Voxel-672F00"},
				"down": {"uv": [0, 0, 16, 16], "texture": "#Voxel-672F00"}
			}
		},
		{
			"name": "Voxel-672F00",
			"from": [0, 2, 1],
			"to": [1, 4, 3],
			"faces": {
				"north": {"uv": [0, 0, 16, 16], "texture": "#Voxel-672F00"},
				"east": {"uv": [0, 0, 16, 16], "texture": "#Voxel-672F00"},
				"south": {"uv": [0, 0, 16, 16], "texture": "#Voxel-672F00"},
				"west": {"uv": [0, 0, 16, 16], "texture": "#Voxel-672F00"},
				"up": {"uv": [0, 0, 16, 16], "texture": "#Voxel-672F00"},
				"down": {"uv": [0, 0, 16, 16], "texture": "#Voxel-672F00"}
			}
		},
		{
			"name": "Voxel-672F00",
			"from": [15, 2, 1],
			"to": [16, 4, 3],
			"faces": {
				"north": {"uv": [0, 0, 16, 16], "texture": "#Voxel-672F00"},
				"east": {"uv": [0, 0, 16, 16], "texture": "#Voxel-672F00"},
				"south": {"uv": [0, 0, 16, 16], "texture": "#Voxel-672F00"},
				"west": {"uv": [0, 0, 16, 16], "texture": "#Voxel-672F00"},
				"up": {"uv": [0, 0, 16, 16], "texture": "#Voxel-672F00"},
				"down": {"uv": [0, 0, 16, 16], "texture": "#Voxel-672F00"}
			}
		},
		{
			"name": "Voxel-D3D3D3",
			"from": [7, 3, 7],
			"to": [8, 4, 8],
			"faces": {
				"north": {"uv": [0, 0, 16, 16], "texture": "#Voxel-D3D3D3"},
				"east": {"uv": [0, 0, 16, 16], "texture": "#Voxel-D3D3D3"},
				"south": {"uv": [0, 0, 16, 16], "texture": "#Voxel-D3D3D3"},
				"west": {"uv": [0, 0, 16, 16], "texture": "#Voxel-D3D3D3"},
				"up": {"uv": [0, 0, 16, 16], "texture": "#Voxel-D3D3D3"},
				"down": {"uv": [0, 0, 16, 16], "texture": "#Voxel-D3D3D3"}
			}
		},
		{
			"name": "Voxel-D3D3D3",
			"from": [8, 3, 6],
			"to": [9, 4, 7],
			"faces": {
				"north": {"uv": [0, 0, 16, 16], "texture": "#Voxel-D3D3D3"},
				"east": {"uv": [0, 0, 16, 16], "texture": "#Voxel-D3D3D3"},
				"south": {"uv": [0, 0, 16, 16], "texture": "#Voxel-D3D3D3"},
				"west": {"uv": [0, 0, 16, 16], "texture": "#Voxel-D3D3D3"},
				"up": {"uv": [0, 0, 16, 16], "texture": "#Voxel-D3D3D3"},
				"down": {"uv": [0, 0, 16, 16], "texture": "#Voxel-D3D3D3"}
			}
		},
		{
			"name": "Voxel-D3D3D3",
			"from": [7, 3, 5],
			"to": [8, 4, 6],
			"faces": {
				"north": {"uv": [0, 0, 16, 16], "texture": "#Voxel-D3D3D3"},
				"east": {"uv": [0, 0, 16, 16], "texture": "#Voxel-D3D3D3"},
				"south": {"uv": [0, 0, 16, 16], "texture": "#Voxel-D3D3D3"},
				"west": {"uv": [0, 0, 16, 16], "texture": "#Voxel-D3D3D3"},
				"up": {"uv": [0, 0, 16, 16], "texture": "#Voxel-D3D3D3"},
				"down": {"uv": [0, 0, 16, 16], "texture": "#Voxel-D3D3D3"}
			}
		},
		{
			"name": "Voxel-FFFFFF",
			"from": [6, 3, 8],
			"to": [10, 4, 9],
			"faces": {
				"north": {"uv": [0, 0, 16, 16], "texture": "#Voxel-FFFFFF"},
				"east": {"uv": [0, 0, 16, 16], "texture": "#Voxel-FFFFFF"},
				"south": {"uv": [0, 0, 16, 16], "texture": "#Voxel-FFFFFF"},
				"west": {"uv": [0, 0, 16, 16], "texture": "#Voxel-FFFFFF"},
				"up": {"uv": [0, 0, 16, 16], "texture": "#Voxel-FFFFFF"},
				"down": {"uv": [0, 0, 16, 16], "texture": "#Voxel-FFFFFF"}
			}
		},
		{
			"name": "Voxel-FFFFFF",
			"from": [10, 3, 7],
			"to": [12, 4, 8],
			"faces": {
				"north": {"uv": [0, 0, 16, 16], "texture": "#Voxel-FFFFFF"},
				"east": {"uv": [0, 0, 16, 16], "texture": "#Voxel-FFFFFF"},
				"south": {"uv": [0, 0, 16, 16], "texture": "#Voxel-FFFFFF"},
				"west": {"uv": [0, 0, 16, 16], "texture": "#Voxel-FFFFFF"},
				"up": {"uv": [0, 0, 16, 16], "texture": "#Voxel-FFFFFF"},
				"down": {"uv": [0, 0, 16, 16], "texture": "#Voxel-FFFFFF"}
			}
		},
		{
			"name": "Voxel-FFFFFF",
			"from": [4, 3, 7],
			"to": [6, 4, 8],
			"faces": {
				"north": {"uv": [0, 0, 16, 16], "texture": "#Voxel-FFFFFF"},
				"east": {"uv": [0, 0, 16, 16], "texture": "#Voxel-FFFFFF"},
				"south": {"uv": [0, 0, 16, 16], "texture": "#Voxel-FFFFFF"},
				"west": {"uv": [0, 0, 16, 16], "texture": "#Voxel-FFFFFF"},
				"up": {"uv": [0, 0, 16, 16], "texture": "#Voxel-FFFFFF"},
				"down": {"uv": [0, 0, 16, 16], "texture": "#Voxel-FFFFFF"}
			}
		},
		{
			"name": "Voxel-FFFFFF",
			"from": [3, 3, 6],
			"to": [4, 4, 7],
			"faces": {
				"north": {"uv": [0, 0, 16, 16], "texture": "#Voxel-FFFFFF"},
				"east": {"uv": [0, 0, 16, 16], "texture": "#Voxel-FFFFFF"},
				"south": {"uv": [0, 0, 16, 16], "texture": "#Voxel-FFFFFF"},
				"west": {"uv": [0, 0, 16, 16], "texture": "#Voxel-FFFFFF"},
				"up": {"uv": [0, 0, 16, 16], "texture": "#Voxel-FFFFFF"},
				"down": {"uv": [0, 0, 16, 16], "texture": "#Voxel-FFFFFF"}
			}
		},
		{
			"name": "Voxel-FFFFFF",
			"from": [2, 3, 5],
			"to": [3, 4, 6],
			"faces": {
				"north": {"uv": [0, 0, 16, 16], "texture": "#Voxel-FFFFFF"},
				"east": {"uv": [0, 0, 16, 16], "texture": "#Voxel-FFFFFF"},
				"south": {"uv": [0, 0, 16, 16], "texture": "#Voxel-FFFFFF"},
				"west": {"uv": [0, 0, 16, 16], "texture": "#Voxel-FFFFFF"},
				"up": {"uv": [0, 0, 16, 16], "texture": "#Voxel-FFFFFF"},
				"down": {"uv": [0, 0, 16, 16], "texture": "#Voxel-FFFFFF"}
			}
		},
		{
			"name": "Voxel-FFFFFF",
			"from": [1, 3, 4],
			"to": [2, 4, 5],
			"faces": {
				"north": {"uv": [0, 0, 16, 16], "texture": "#Voxel-FFFFFF"},
				"east": {"uv": [0, 0, 16, 16], "texture": "#Voxel-FFFFFF"},
				"south": {"uv": [0, 0, 16, 16], "texture": "#Voxel-FFFFFF"},
				"west": {"uv": [0, 0, 16, 16], "texture": "#Voxel-FFFFFF"},
				"up": {"uv": [0, 0, 16, 16], "texture": "#Voxel-FFFFFF"},
				"down": {"uv": [0, 0, 16, 16], "texture": "#Voxel-FFFFFF"}
			}
		},
		{
			"name": "Voxel-FFFFFF",
			"from": [0, 3, 3],
			"to": [1, 4, 4],
			"faces": {
				"north": {"uv": [0, 0, 16, 16], "texture": "#Voxel-FFFFFF"},
				"east": {"uv": [0, 0, 16, 16], "texture": "#Voxel-FFFFFF"},
				"south": {"uv": [0, 0, 16, 16], "texture": "#Voxel-FFFFFF"},
				"west": {"uv": [0, 0, 16, 16], "texture": "#Voxel-FFFFFF"},
				"up": {"uv": [0, 0, 16, 16], "texture": "#Voxel-FFFFFF"},
				"down": {"uv": [0, 0, 16, 16], "texture": "#Voxel-FFFFFF"}
			}
		},
		{
			"name": "Voxel-FFFFFF",
			"from": [12, 3, 6],
			"to": [13, 4, 7],
			"faces": {
				"north": {"uv": [0, 0, 16, 16], "texture": "#Voxel-FFFFFF"},
				"east": {"uv": [0, 0, 16, 16], "texture": "#Voxel-FFFFFF"},
				"south": {"uv": [0, 0, 16, 16], "texture": "#Voxel-FFFFFF"},
				"west": {"uv": [0, 0, 16, 16], "texture": "#Voxel-FFFFFF"},
				"up": {"uv": [0, 0, 16, 16], "texture": "#Voxel-FFFFFF"},
				"down": {"uv": [0, 0, 16, 16], "texture": "#Voxel-FFFFFF"}
			}
		},
		{
			"name": "Voxel-FFFFFF",
			"from": [13, 3, 5],
			"to": [14, 4, 6],
			"faces": {
				"north": {"uv": [0, 0, 16, 16], "texture": "#Voxel-FFFFFF"},
				"east": {"uv": [0, 0, 16, 16], "texture": "#Voxel-FFFFFF"},
				"south": {"uv": [0, 0, 16, 16], "texture": "#Voxel-FFFFFF"},
				"west": {"uv": [0, 0, 16, 16], "texture": "#Voxel-FFFFFF"},
				"up": {"uv": [0, 0, 16, 16], "texture": "#Voxel-FFFFFF"},
				"down": {"uv": [0, 0, 16, 16], "texture": "#Voxel-FFFFFF"}
			}
		},
		{
			"name": "Voxel-FFFFFF",
			"from": [14, 3, 4],
			"to": [15, 4, 5],
			"faces": {
				"north": {"uv": [0, 0, 16, 16], "texture": "#Voxel-FFFFFF"},
				"east": {"uv": [0, 0, 16, 16], "texture": "#Voxel-FFFFFF"},
				"south": {"uv": [0, 0, 16, 16], "texture": "#Voxel-FFFFFF"},
				"west": {"uv": [0, 0, 16, 16], "texture": "#Voxel-FFFFFF"},
				"up": {"uv": [0, 0, 16, 16], "texture": "#Voxel-FFFFFF"},
				"down": {"uv": [0, 0, 16, 16], "texture": "#Voxel-FFFFFF"}
			}
		},
		{
			"name": "Voxel-FFFFFF",
			"from": [15, 3, 3],
			"to": [16, 4, 4],
			"faces": {
				"north": {"uv": [0, 0, 16, 16], "texture": "#Voxel-FFFFFF"},
				"east": {"uv": [0, 0, 16, 16], "texture": "#Voxel-FFFFFF"},
				"south": {"uv": [0, 0, 16, 16], "texture": "#Voxel-FFFFFF"},
				"west": {"uv": [0, 0, 16, 16], "texture": "#Voxel-FFFFFF"},
				"up": {"uv": [0, 0, 16, 16], "texture": "#Voxel-FFFFFF"},
				"down": {"uv": [0, 0, 16, 16], "texture": "#Voxel-FFFFFF"}
			}
		},
		{
			"name": "Voxel-672F00",
			"from": [7, 1, 15],
			"to": [9, 2, 17],
			"faces": {
				"north": {"uv": [0, 0, 16, 16], "texture": "#Voxel-672F00"},
				"east": {"uv": [0, 0, 16, 16], "texture": "#Voxel-672F00"},
				"south": {"uv": [0, 0, 16, 16], "texture": "#Voxel-672F00"},
				"west": {"uv": [0, 0, 16, 16], "texture": "#Voxel-672F00"},
				"up": {"uv": [0, 0, 16, 16], "texture": "#Voxel-672F00"},
				"down": {"uv": [0, 0, 16, 16], "texture": "#Voxel-672F00"}
			}
		}
	],
	"display": {
		"thirdperson_righthand": {
			"translation": [0, 6, 8],
			"scale": [0.75, 0.75, 0.75]
		},
		"thirdperson_lefthand": {
			"translation": [0, 6, 8],
			"scale": [0.75, 0.75, 0.75]
		},
		"firstperson_righthand": {
			"rotation": [45, 0, 0],
			"translation": [2, 0, 10]
		},
		"firstperson_lefthand": {
			"rotation": [45, 0, 0],
			"translation": [2, 0, 10]
		},
		"ground": {
			"translation": [0, 4, 0]
		},
		"fixed": {
			"rotation": [-90, 135, 0],
			"translation": [5, -5, -7],
			"scale": [0.75, 0.75, 0.75]
		}
	},
	"groups": [
		{
			"name": "grappling",
			"origin": [8, 8, 8],
			"color": 0,
			"nbt": "{}",
			"armAnimationEnabled": false,
			"children": [0, 1, 2, 3, 4, 5, 6, 7, 8, 9, 10, 11, 12, 13, 14, 15, 16, 17, 18, 19, 20, 21, 22, 23, 24, 25, 26, 27, 28, 29, 30, 31, 32, 33, 34, 35, 36, 37, 38, 39, 40, 41, 42, 43, 44, 45, 46, 47]
		}
	]
}