{
	"credit": "Made with Blockbench",
	"textures": {
		"Voxel-505050": "item/voxel-505050",
		"Voxel-666666": "item/voxel-666666",
		"Voxel-442200": "item/voxel-442200",
		"Voxel-796400": "item/voxel-796400",
		"Voxel-00B700": "item/voxel-00b700",
		"particle": "item/particle"
	},
	"elements": [
		{
			"name": "Voxel-442200",
			"from": [7, 0, 6],
			"to": [11, 1, 10],
			"faces": {
				"north": {"uv": [0, 0, 16, 16], "texture": "#Voxel-442200"},
				"east": {"uv": [0, 0, 16, 16], "texture": "#Voxel-442200"},
				"south": {"uv": [0, 0, 16, 16], "texture": "#Voxel-442200"},
				"west": {"uv": [0, 0, 16, 16], "texture": "#Voxel-442200"},
				"up": {"uv": [0, 0, 16, 16], "texture": "#Voxel-442200"},
				"down": {"uv": [0, 0, 16, 16], "texture": "#Voxel-442200"}
			}
		},
		{
			"name": "Voxel-442200",
			"from": [8, 1, 7],
			"to": [10, 12, 9],
			"faces": {
				"north": {"uv": [0, 0, 16, 16], "texture": "#Voxel-442200"},
				"east": {"uv": [0, 0, 16, 16], "texture": "#Voxel-442200"},
				"south": {"uv": [0, 0, 16, 16], "texture": "#Voxel-442200"},
				"west": {"uv": [0, 0, 16, 16], "texture": "#Voxel-442200"},
				"up": {"uv": [0, 0, 16, 16], "texture": "#Voxel-442200"},
				"down": {"uv": [0, 0, 16, 16], "texture": "#Voxel-442200"}
			}
		},
		{
			"name": "Voxel-505050",
			"from": [4, 12, 6],
			"to": [14, 13, 10],
			"faces": {
				"north": {"uv": [0, 0, 16, 16], "texture": "#Voxel-505050"},
				"east": {"uv": [0, 0, 16, 16], "texture": "#Voxel-505050"},
				"south": {"uv": [0, 0, 16, 16], "texture": "#Voxel-505050"},
				"west": {"uv": [0, 0, 16, 16], "texture": "#Voxel-505050"},
				"up": {"uv": [0, 0, 16, 16], "texture": "#Voxel-505050"},
				"down": {"uv": [0, 0, 16, 16], "texture": "#Voxel-505050"}
			}
		},
		{
			"name": "Voxel-666666",
			"from": [4, 13, 5],
			"to": [14, 14, 6],
			"faces": {
				"north": {"uv": [0, 0, 16, 16], "texture": "#Voxel-666666"},
				"east": {"uv": [0, 0, 16, 16], "texture": "#Voxel-666666"},
				"south": {"uv": [0, 0, 16, 16], "texture": "#Voxel-666666"},
				"west": {"uv": [0, 0, 16, 16], "texture": "#Voxel-666666"},
				"up": {"uv": [0, 0, 16, 16], "texture": "#Voxel-666666"},
				"down": {"uv": [0, 0, 16, 16], "texture": "#Voxel-666666"}
			}
		},
		{
			"name": "Voxel-666666",
			"from": [4, 13, 10],
			"to": [14, 14, 11],
			"faces": {
				"north": {"uv": [0, 0, 16, 16], "texture": "#Voxel-666666"},
				"east": {"uv": [0, 0, 16, 16], "texture": "#Voxel-666666"},
				"south": {"uv": [0, 0, 16, 16], "texture": "#Voxel-666666"},
				"west": {"uv": [0, 0, 16, 16], "texture": "#Voxel-666666"},
				"up": {"uv": [0, 0, 16, 16], "texture": "#Voxel-666666"},
				"down": {"uv": [0, 0, 16, 16], "texture": "#Voxel-666666"}
			}
		},
		{
			"name": "Voxel-505050",
			"from": [5, 12, 10],
			"to": [13, 13, 11],
			"faces": {
				"north": {"uv": [0, 0, 16, 16], "texture": "#Voxel-505050"},
				"east": {"uv": [0, 0, 16, 16], "texture": "#Voxel-505050"},
				"south": {"uv": [0, 0, 16, 16], "texture": "#Voxel-505050"},
				"west": {"uv": [0, 0, 16, 16], "texture": "#Voxel-505050"},
				"up": {"uv": [0, 0, 16, 16], "texture": "#Voxel-505050"},
				"down": {"uv": [0, 0, 16, 16], "texture": "#Voxel-505050"}
			}
		},
		{
			"name": "Voxel-505050",
			"from": [5, 12, 5],
			"to": [13, 13, 6],
			"faces": {
				"north": {"uv": [0, 0, 16, 16], "texture": "#Voxel-505050"},
				"east": {"uv": [0, 0, 16, 16], "texture": "#Voxel-505050"},
				"south": {"uv": [0, 0, 16, 16], "texture": "#Voxel-505050"},
				"west": {"uv": [0, 0, 16, 16], "texture": "#Voxel-505050"},
				"up": {"uv": [0, 0, 16, 16], "texture": "#Voxel-505050"},
				"down": {"uv": [0, 0, 16, 16], "texture": "#Voxel-505050"}
			}
		},
		{
			"name": "Voxel-505050",
			"from": [5, 13, 4],
			"to": [13, 14, 5],
			"faces": {
				"north": {"uv": [0, 0, 16, 16], "texture": "#Voxel-505050"},
				"east": {"uv": [0, 0, 16, 16], "texture": "#Voxel-505050"},
				"south": {"uv": [0, 0, 16, 16], "texture": "#Voxel-505050"},
				"west": {"uv": [0, 0, 16, 16], "texture": "#Voxel-505050"},
				"up": {"uv": [0, 0, 16, 16], "texture": "#Voxel-505050"},
				"down": {"uv": [0, 0, 16, 16], "texture": "#Voxel-505050"}
			}
		},
		{
			"name": "Voxel-505050",
			"from": [5, 13, 11],
			"to": [13, 14, 12],
			"faces": {
				"north": {"uv": [0, 0, 16, 16], "texture": "#Voxel-505050"},
				"east": {"uv": [0, 0, 16, 16], "texture": "#Voxel-505050"},
				"south": {"uv": [0, 0, 16, 16], "texture": "#Voxel-505050"},
				"west": {"uv": [0, 0, 16, 16], "texture": "#Voxel-505050"},
				"up": {"uv": [0, 0, 16, 16], "texture": "#Voxel-505050"},
				"down": {"uv": [0, 0, 16, 16], "texture": "#Voxel-505050"}
			}
		},
		{
			"name": "Voxel-505050",
			"from": [5, 19, 10],
			"to": [13, 20, 11],
			"faces": {
				"north": {"uv": [0, 0, 16, 16], "texture": "#Voxel-505050"},
				"east": {"uv": [0, 0, 16, 16], "texture": "#Voxel-505050"},
				"south": {"uv": [0, 0, 16, 16], "texture": "#Voxel-505050"},
				"west": {"uv": [0, 0, 16, 16], "texture": "#Voxel-505050"},
				"up": {"uv": [0, 0, 16, 16], "texture": "#Voxel-505050"},
				"down": {"uv": [0, 0, 16, 16], "texture": "#Voxel-505050"}
			}
		},
		{
			"name": "Voxel-505050",
			"from": [5, 19, 5],
			"to": [13, 20, 6],
			"faces": {
				"north": {"uv": [0, 0, 16, 16], "texture": "#Voxel-505050"},
				"east": {"uv": [0, 0, 16, 16], "texture": "#Voxel-505050"},
				"south": {"uv": [0, 0, 16, 16], "texture": "#Voxel-505050"},
				"west": {"uv": [0, 0, 16, 16], "texture": "#Voxel-505050"},
				"up": {"uv": [0, 0, 16, 16], "texture": "#Voxel-505050"},
				"down": {"uv": [0, 0, 16, 16], "texture": "#Voxel-505050"}
			}
		},
		{
			"name": "Voxel-505050",
			"from": [5, 18, 4],
			"to": [13, 19, 5],
			"faces": {
				"north": {"uv": [0, 0, 16, 16], "texture": "#Voxel-505050"},
				"east": {"uv": [0, 0, 16, 16], "texture": "#Voxel-505050"},
				"south": {"uv": [0, 0, 16, 16], "texture": "#Voxel-505050"},
				"west": {"uv": [0, 0, 16, 16], "texture": "#Voxel-505050"},
				"up": {"uv": [0, 0, 16, 16], "texture": "#Voxel-505050"},
				"down": {"uv": [0, 0, 16, 16], "texture": "#Voxel-505050"}
			}
		},
		{
			"name": "Voxel-505050",
			"from": [5, 18, 11],
			"to": [13, 19, 12],
			"faces": {
				"north": {"uv": [0, 0, 16, 16], "texture": "#Voxel-505050"},
				"east": {"uv": [0, 0, 16, 16], "texture": "#Voxel-505050"},
				"south": {"uv": [0, 0, 16, 16], "texture": "#Voxel-505050"},
				"west": {"uv": [0, 0, 16, 16], "texture": "#Voxel-505050"},
				"up": {"uv": [0, 0, 16, 16], "texture": "#Voxel-505050"},
				"down": {"uv": [0, 0, 16, 16], "texture": "#Voxel-505050"}
			}
		},
		{
			"name": "Voxel-666666",
			"from": [4, 18, 10],
			"to": [14, 19, 11],
			"faces": {
				"north": {"uv": [0, 0, 16, 16], "texture": "#Voxel-666666"},
				"east": {"uv": [0, 0, 16, 16], "texture": "#Voxel-666666"},
				"south": {"uv": [0, 0, 16, 16], "texture": "#Voxel-666666"},
				"west": {"uv": [0, 0, 16, 16], "texture": "#Voxel-666666"},
				"up": {"uv": [0, 0, 16, 16], "texture": "#Voxel-666666"},
				"down": {"uv": [0, 0, 16, 16], "texture": "#Voxel-666666"}
			}
		},
		{
			"name": "Voxel-666666",
			"from": [4, 18, 5],
			"to": [14, 19, 6],
			"faces": {
				"north": {"uv": [0, 0, 16, 16], "texture": "#Voxel-666666"},
				"east": {"uv": [0, 0, 16, 16], "texture": "#Voxel-666666"},
				"south": {"uv": [0, 0, 16, 16], "texture": "#Voxel-666666"},
				"west": {"uv": [0, 0, 16, 16], "texture": "#Voxel-666666"},
				"up": {"uv": [0, 0, 16, 16], "texture": "#Voxel-666666"},
				"down": {"uv": [0, 0, 16, 16], "texture": "#Voxel-666666"}
			}
		},
		{
			"name": "Voxel-505050",
			"from": [4, 14, 11],
			"to": [14, 18, 12],
			"faces": {
				"north": {"uv": [0, 0, 16, 16], "texture": "#Voxel-505050"},
				"east": {"uv": [0, 0, 16, 16], "texture": "#Voxel-505050"},
				"south": {"uv": [0, 0, 16, 16], "texture": "#Voxel-505050"},
				"west": {"uv": [0, 0, 16, 16], "texture": "#Voxel-505050"},
				"up": {"uv": [0, 0, 16, 16], "texture": "#Voxel-505050"},
				"down": {"uv": [0, 0, 16, 16], "texture": "#Voxel-505050"}
			}
		},
		{
			"name": "Voxel-505050",
			"from": [4, 14, 4],
			"to": [14, 18, 5],
			"faces": {
				"north": {"uv": [0, 0, 16, 16], "texture": "#Voxel-505050"},
				"east": {"uv": [0, 0, 16, 16], "texture": "#Voxel-505050"},
				"south": {"uv": [0, 0, 16, 16], "texture": "#Voxel-505050"},
				"west": {"uv": [0, 0, 16, 16], "texture": "#Voxel-505050"},
				"up": {"uv": [0, 0, 16, 16], "texture": "#Voxel-505050"},
				"down": {"uv": [0, 0, 16, 16], "texture": "#Voxel-505050"}
			}
		},
		{
			"name": "Voxel-505050",
			"from": [3, 18, 6],
			"to": [4, 19, 10],
			"faces": {
				"north": {"uv": [0, 0, 16, 16], "texture": "#Voxel-505050"},
				"east": {"uv": [0, 0, 16, 16], "texture": "#Voxel-505050"},
				"south": {"uv": [0, 0, 16, 16], "texture": "#Voxel-505050"},
				"west": {"uv": [0, 0, 16, 16], "texture": "#Voxel-505050"},
				"up": {"uv": [0, 0, 16, 16], "texture": "#Voxel-505050"},
				"down": {"uv": [0, 0, 16, 16], "texture": "#Voxel-505050"}
			}
		},
		{
			"name": "Voxel-505050",
			"from": [4, 19, 6],
			"to": [14, 20, 10],
			"faces": {
				"north": {"uv": [0, 0, 16, 16], "texture": "#Voxel-505050"},
				"east": {"uv": [0, 0, 16, 16], "texture": "#Voxel-505050"},
				"south": {"uv": [0, 0, 16, 16], "texture": "#Voxel-505050"},
				"west": {"uv": [0, 0, 16, 16], "texture": "#Voxel-505050"},
				"up": {"uv": [0, 0, 16, 16], "texture": "#Voxel-505050"},
				"down": {"uv": [0, 0, 16, 16], "texture": "#Voxel-505050"}
			}
		},
		{
			"name": "Voxel-505050",
			"from": [14, 18, 6],
			"to": [15, 19, 10],
			"faces": {
				"north": {"uv": [0, 0, 16, 16], "texture": "#Voxel-505050"},
				"east": {"uv": [0, 0, 16, 16], "texture": "#Voxel-505050"},
				"south": {"uv": [0, 0, 16, 16], "texture": "#Voxel-505050"},
				"west": {"uv": [0, 0, 16, 16], "texture": "#Voxel-505050"},
				"up": {"uv": [0, 0, 16, 16], "texture": "#Voxel-505050"},
				"down": {"uv": [0, 0, 16, 16], "texture": "#Voxel-505050"}
			}
		},
		{
			"name": "Voxel-505050",
			"from": [14, 13, 6],
			"to": [15, 14, 10],
			"faces": {
				"north": {"uv": [0, 0, 16, 16], "texture": "#Voxel-505050"},
				"east": {"uv": [0, 0, 16, 16], "texture": "#Voxel-505050"},
				"south": {"uv": [0, 0, 16, 16], "texture": "#Voxel-505050"},
				"west": {"uv": [0, 0, 16, 16], "texture": "#Voxel-505050"},
				"up": {"uv": [0, 0, 16, 16], "texture": "#Voxel-505050"},
				"down": {"uv": [0, 0, 16, 16], "texture": "#Voxel-505050"}
			}
		},
		{
			"name": "Voxel-505050",
			"from": [3, 13, 6],
			"to": [4, 14, 10],
			"faces": {
				"north": {"uv": [0, 0, 16, 16], "texture": "#Voxel-505050"},
				"east": {"uv": [0, 0, 16, 16], "texture": "#Voxel-505050"},
				"south": {"uv": [0, 0, 16, 16], "texture": "#Voxel-505050"},
				"west": {"uv": [0, 0, 16, 16], "texture": "#Voxel-505050"},
				"up": {"uv": [0, 0, 16, 16], "texture": "#Voxel-505050"},
				"down": {"uv": [0, 0, 16, 16], "texture": "#Voxel-505050"}
			}
		},
		{
			"name": "Voxel-505050",
			"from": [14, 14, 5],
			"to": [15, 18, 11],
			"faces": {
				"north": {"uv": [0, 0, 16, 16], "texture": "#Voxel-505050"},
				"east": {"uv": [0, 0, 16, 16], "texture": "#Voxel-505050"},
				"south": {"uv": [0, 0, 16, 16], "texture": "#Voxel-505050"},
				"west": {"uv": [0, 0, 16, 16], "texture": "#Voxel-505050"},
				"up": {"uv": [0, 0, 16, 16], "texture": "#Voxel-505050"},
				"down": {"uv": [0, 0, 16, 16], "texture": "#Voxel-505050"}
			}
		},
		{
			"name": "Voxel-505050",
			"from": [3, 14, 5],
			"to": [4, 18, 11],
			"faces": {
				"north": {"uv": [0, 0, 16, 16], "texture": "#Voxel-505050"},
				"east": {"uv": [0, 0, 16, 16], "texture": "#Voxel-505050"},
				"south": {"uv": [0, 0, 16, 16], "texture": "#Voxel-505050"},
				"west": {"uv": [0, 0, 16, 16], "texture": "#Voxel-505050"},
				"up": {"uv": [0, 0, 16, 16], "texture": "#Voxel-505050"},
				"down": {"uv": [0, 0, 16, 16], "texture": "#Voxel-505050"}
			}
		},
		{
			"name": "Voxel-796400",
			"from": [7, 15, 3],
			"to": [8, 17, 4],
			"faces": {
				"north": {"uv": [0, 0, 16, 16], "texture": "#Voxel-796400"},
				"east": {"uv": [0, 0, 16, 16], "texture": "#Voxel-796400"},
				"south": {"uv": [0, 0, 16, 16], "texture": "#Voxel-796400"},
				"west": {"uv": [0, 0, 16, 16], "texture": "#Voxel-796400"},
				"up": {"uv": [0, 0, 16, 16], "texture": "#Voxel-796400"},
				"down": {"uv": [0, 0, 16, 16], "texture": "#Voxel-796400"}
			}
		},
		{
			"name": "Voxel-796400",
			"from": [10, 15, 3],
			"to": [11, 17, 4],
			"faces": {
				"north": {"uv": [0, 0, 16, 16], "texture": "#Voxel-796400"},
				"east": {"uv": [0, 0, 16, 16], "texture": "#Voxel-796400"},
				"south": {"uv": [0, 0, 16, 16], "texture": "#Voxel-796400"},
				"west": {"uv": [0, 0, 16, 16], "texture": "#Voxel-796400"},
				"up": {"uv": [0, 0, 16, 16], "texture": "#Voxel-796400"},
				"down": {"uv": [0, 0, 16, 16], "texture": "#Voxel-796400"}
			}
		},
		{
			"name": "Voxel-796400",
			"from": [7, 15, 12],
			"to": [8, 17, 13],
			"faces": {
				"north": {"uv": [0, 0, 16, 16], "texture": "#Voxel-796400"},
				"east": {"uv": [0, 0, 16, 16], "texture": "#Voxel-796400"},
				"south": {"uv": [0, 0, 16, 16], "texture": "#Voxel-796400"},
				"west": {"uv": [0, 0, 16, 16], "texture": "#Voxel-796400"},
				"up": {"uv": [0, 0, 16, 16], "texture": "#Voxel-796400"},
				"down": {"uv": [0, 0, 16, 16], "texture": "#Voxel-796400"}
			}
		},
		{
			"name": "Voxel-796400",
			"from": [10, 15, 12],
			"to": [11, 17, 13],
			"faces": {
				"north": {"uv": [0, 0, 16, 16], "texture": "#Voxel-796400"},
				"east": {"uv": [0, 0, 16, 16], "texture": "#Voxel-796400"},
				"south": {"uv": [0, 0, 16, 16], "texture": "#Voxel-796400"},
				"west": {"uv": [0, 0, 16, 16], "texture": "#Voxel-796400"},
				"up": {"uv": [0, 0, 16, 16], "texture": "#Voxel-796400"},
				"down": {"uv": [0, 0, 16, 16], "texture": "#Voxel-796400"}
			}
		},
		{
			"name": "Voxel-796400",
			"from": [8, 17, 12],
			"to": [10, 18, 13],
			"faces": {
				"north": {"uv": [0, 0, 16, 16], "texture": "#Voxel-796400"},
				"east": {"uv": [0, 0, 16, 16], "texture": "#Voxel-796400"},
				"south": {"uv": [0, 0, 16, 16], "texture": "#Voxel-796400"},
				"west": {"uv": [0, 0, 16, 16], "texture": "#Voxel-796400"},
				"up": {"uv": [0, 0, 16, 16], "texture": "#Voxel-796400"},
				"down": {"uv": [0, 0, 16, 16], "texture": "#Voxel-796400"}
			}
		},
		{
			"name": "Voxel-796400",
			"from": [8, 14, 12],
			"to": [10, 15, 13],
			"faces": {
				"north": {"uv": [0, 0, 16, 16], "texture": "#Voxel-796400"},
				"east": {"uv": [0, 0, 16, 16], "texture": "#Voxel-796400"},
				"south": {"uv": [0, 0, 16, 16], "texture": "#Voxel-796400"},
				"west": {"uv": [0, 0, 16, 16], "texture": "#Voxel-796400"},
				"up": {"uv": [0, 0, 16, 16], "texture": "#Voxel-796400"},
				"down": {"uv": [0, 0, 16, 16], "texture": "#Voxel-796400"}
			}
		},
		{
			"name": "Voxel-796400",
			"from": [8, 14, 3],
			"to": [10, 15, 4],
			"faces": {
				"north": {"uv": [0, 0, 16, 16], "texture": "#Voxel-796400"},
				"east": {"uv": [0, 0, 16, 16], "texture": "#Voxel-796400"},
				"south": {"uv": [0, 0, 16, 16], "texture": "#Voxel-796400"},
				"west": {"uv": [0, 0, 16, 16], "texture": "#Voxel-796400"},
				"up": {"uv": [0, 0, 16, 16], "texture": "#Voxel-796400"},
				"down": {"uv": [0, 0, 16, 16], "texture": "#Voxel-796400"}
			}
		},
		{
			"name": "Voxel-796400",
			"from": [8, 17, 3],
			"to": [10, 18, 4],
			"faces": {
				"north": {"uv": [0, 0, 16, 16], "texture": "#Voxel-796400"},
				"east": {"uv": [0, 0, 16, 16], "texture": "#Voxel-796400"},
				"south": {"uv": [0, 0, 16, 16], "texture": "#Voxel-796400"},
				"west": {"uv": [0, 0, 16, 16], "texture": "#Voxel-796400"},
				"up": {"uv": [0, 0, 16, 16], "texture": "#Voxel-796400"},
				"down": {"uv": [0, 0, 16, 16], "texture": "#Voxel-796400"}
			}
		},
		{
			"name": "Voxel-00B700",
			"from": [8, 15, 3],
			"to": [10, 17, 4],
			"faces": {
				"north": {"uv": [0, 0, 16, 16], "texture": "#Voxel-00B700"},
				"east": {"uv": [0, 0, 16, 16], "texture": "#Voxel-00B700"},
				"south": {"uv": [0, 0, 16, 16], "texture": "#Voxel-00B700"},
				"west": {"uv": [0, 0, 16, 16], "texture": "#Voxel-00B700"},
				"up": {"uv": [0, 0, 16, 16], "texture": "#Voxel-00B700"},
				"down": {"uv": [0, 0, 16, 16], "texture": "#Voxel-00B700"}
			}
		},
		{
			"name": "Voxel-00B700",
			"from": [8, 15, 12],
			"to": [10, 17, 13],
			"faces": {
				"north": {"uv": [0, 0, 16, 16], "texture": "#Voxel-00B700"},
				"east": {"uv": [0, 0, 16, 16], "texture": "#Voxel-00B700"},
				"south": {"uv": [0, 0, 16, 16], "texture": "#Voxel-00B700"},
				"west": {"uv": [0, 0, 16, 16], "texture": "#Voxel-00B700"},
				"up": {"uv": [0, 0, 16, 16], "texture": "#Voxel-00B700"},
				"down": {"uv": [0, 0, 16, 16], "texture": "#Voxel-00B700"}
			}
		}
	],
	"display": {
		"thirdperson_righthand": {
			"rotation": [0, -90, 0],
			"translation": [0, 3, 1]
		},
		"thirdperson_lefthand": {
			"rotation": [0, -90, 0],
			"translation": [0, 3, 3]
		},
		"firstperson_righthand": {
			"rotation": [-10, 100, 0],
			"translation": [1, 2, 1],
			"scale": [0.8, 0.8, 0.8]
		},
		"firstperson_lefthand": {
			"rotation": [-25, 90, 0],
			"translation": [2, 3, -2]
		},
		"ground": {
			"translation": [0, 3, 0]
		},
		"gui": {
			"translation": [0, -1.5, 0],
			"scale": [0.75, 0.75, 0.75]
		}
	},
	"groups": [
		{
			"name": "hammer",
			"origin": [0, 0, 0],
			"color": 0,
			"nbt": "{}",
			"armAnimationEnabled": false,
			"children": [0, 1, 2, 3, 4, 5, 6, 7, 8, 9, 10, 11, 12, 13, 14, 15, 16, 17, 18, 19, 20, 21, 22, 23, 24, 25, 26, 27, 28, 29, 30, 31, 32, 33]
		}
	]
}