{
	"credit": "Made with Blockbench",
	"textures": {
		"Voxel-808080": "item/voxel-808080",
		"Voxel-000000": "item/voxel-000000",
		"Voxel-FFFFFF": "item/voxel-ffffff",
		"Voxel-FF0000": "item/voxel-ff0000",
		"particle": "item/particle"
	},
	"elements": [
		{
			"name": "Voxel-FF0000",
			"from": [8, 22, 5],
			"to": [13, 23, 11],
			"faces": {
				"north": {"uv": [0, 0, 16, 16], "texture": "#Voxel-FF0000"},
				"east": {"uv": [0, 0, 16, 16], "texture": "#Voxel-FF0000"},
				"south": {"uv": [0, 0, 16, 16], "texture": "#Voxel-FF0000"},
				"west": {"uv": [0, 0, 16, 16], "texture": "#Voxel-FF0000"},
				"up": {"uv": [0, 0, 16, 16], "texture": "#Voxel-FF0000"},
				"down": {"uv": [0, 0, 16, 16], "texture": "#Voxel-FF0000"}
			}
		},
		{
			"name": "Voxel-FF0000",
			"from": [13, 22, 7],
			"to": [14, 23, 9],
			"faces": {
				"north": {"uv": [0, 0, 16, 16], "texture": "#Voxel-FF0000"},
				"east": {"uv": [0, 0, 16, 16], "texture": "#Voxel-FF0000"},
				"south": {"uv": [0, 0, 16, 16], "texture": "#Voxel-FF0000"},
				"west": {"uv": [0, 0, 16, 16], "texture": "#Voxel-FF0000"},
				"up": {"uv": [0, 0, 16, 16], "texture": "#Voxel-FF0000"},
				"down": {"uv": [0, 0, 16, 16], "texture": "#Voxel-FF0000"}
			}
		},
		{
			"name": "Voxel-FF0000",
			"from": [13, 20, 5],
			"to": [14, 22, 11],
			"faces": {
				"north": {"uv": [0, 0, 16, 16], "texture": "#Voxel-FF0000"},
				"east": {"uv": [0, 0, 16, 16], "texture": "#Voxel-FF0000"},
				"south": {"uv": [0, 0, 16, 16], "texture": "#Voxel-FF0000"},
				"west": {"uv": [0, 0, 16, 16], "texture": "#Voxel-FF0000"},
				"up": {"uv": [0, 0, 16, 16], "texture": "#Voxel-FF0000"},
				"down": {"uv": [0, 0, 16, 16], "texture": "#Voxel-FF0000"}
			}
		},
		{
			"name": "Voxel-FF0000",
			"from": [7, 21, 5],
			"to": [8, 22, 11],
			"faces": {
				"north": {"uv": [0, 0, 16, 16], "texture": "#Voxel-FF0000"},
				"east": {"uv": [0, 0, 16, 16], "texture": "#Voxel-FF0000"},
				"south": {"uv": [0, 0, 16, 16], "texture": "#Voxel-FF0000"},
				"west": {"uv": [0, 0, 16, 16], "texture": "#Voxel-FF0000"},
				"up": {"uv": [0, 0, 16, 16], "texture": "#Voxel-FF0000"},
				"down": {"uv": [0, 0, 16, 16], "texture": "#Voxel-FF0000"}
			}
		},
		{
			"name": "Voxel-FF0000",
			"from": [8, 20, 11],
			"to": [13, 22, 12],
			"faces": {
				"north": {"uv": [0, 0, 16, 16], "texture": "#Voxel-FF0000"},
				"east": {"uv": [0, 0, 16, 16], "texture": "#Voxel-FF0000"},
				"south": {"uv": [0, 0, 16, 16], "texture": "#Voxel-FF0000"},
				"west": {"uv": [0, 0, 16, 16], "texture": "#Voxel-FF0000"},
				"up": {"uv": [0, 0, 16, 16], "texture": "#Voxel-FF0000"},
				"down": {"uv": [0, 0, 16, 16], "texture": "#Voxel-FF0000"}
			}
		},
		{
			"name": "Voxel-FF0000",
			"from": [8, 20, 4],
			"to": [13, 22, 5],
			"faces": {
				"north": {"uv": [0, 0, 16, 16], "texture": "#Voxel-FF0000"},
				"east": {"uv": [0, 0, 16, 16], "texture": "#Voxel-FF0000"},
				"south": {"uv": [0, 0, 16, 16], "texture": "#Voxel-FF0000"},
				"west": {"uv": [0, 0, 16, 16], "texture": "#Voxel-FF0000"},
				"up": {"uv": [0, 0, 16, 16], "texture": "#Voxel-FF0000"},
				"down": {"uv": [0, 0, 16, 16], "texture": "#Voxel-FF0000"}
			}
		},
		{
			"name": "Voxel-FF0000",
			"from": [13, 14, 10],
			"to": [14, 21, 12],
			"faces": {
				"north": {"uv": [0, 0, 16, 16], "texture": "#Voxel-FF0000"},
				"east": {"uv": [0, 0, 16, 16], "texture": "#Voxel-FF0000"},
				"south": {"uv": [0, 0, 16, 16], "texture": "#Voxel-FF0000"},
				"west": {"uv": [0, 0, 16, 16], "texture": "#Voxel-FF0000"},
				"up": {"uv": [0, 0, 16, 16], "texture": "#Voxel-FF0000"},
				"down": {"uv": [0, 0, 16, 16], "texture": "#Voxel-FF0000"}
			}
		},
		{
			"name": "Voxel-FF0000",
			"from": [13, 14, 4],
			"to": [14, 21, 6],
			"faces": {
				"north": {"uv": [0, 0, 16, 16], "texture": "#Voxel-FF0000"},
				"east": {"uv": [0, 0, 16, 16], "texture": "#Voxel-FF0000"},
				"south": {"uv": [0, 0, 16, 16], "texture": "#Voxel-FF0000"},
				"west": {"uv": [0, 0, 16, 16], "texture": "#Voxel-FF0000"},
				"up": {"uv": [0, 0, 16, 16], "texture": "#Voxel-FF0000"},
				"down": {"uv": [0, 0, 16, 16], "texture": "#Voxel-FF0000"}
			}
		},
		{
			"name": "Voxel-FF0000",
			"from": [14, 20, 6],
			"to": [15, 21, 10],
			"faces": {
				"north": {"uv": [0, 0, 16, 16], "texture": "#Voxel-FF0000"},
				"east": {"uv": [0, 0, 16, 16], "texture": "#Voxel-FF0000"},
				"south": {"uv": [0, 0, 16, 16], "texture": "#Voxel-FF0000"},
				"west": {"uv": [0, 0, 16, 16], "texture": "#Voxel-FF0000"},
				"up": {"uv": [0, 0, 16, 16], "texture": "#Voxel-FF0000"},
				"down": {"uv": [0, 0, 16, 16], "texture": "#Voxel-FF0000"}
			}
		},
		{
			"name": "Voxel-FF0000",
			"from": [14, 15, 5],
			"to": [15, 20, 11],
			"faces": {
				"north": {"uv": [0, 0, 16, 16], "texture": "#Voxel-FF0000"},
				"east": {"uv": [0, 0, 16, 16], "texture": "#Voxel-FF0000"},
				"south": {"uv": [0, 0, 16, 16], "texture": "#Voxel-FF0000"},
				"west": {"uv": [0, 0, 16, 16], "texture": "#Voxel-FF0000"},
				"up": {"uv": [0, 0, 16, 16], "texture": "#Voxel-FF0000"},
				"down": {"uv": [0, 0, 16, 16], "texture": "#Voxel-FF0000"}
			}
		},
		{
			"name": "Voxel-FF0000",
			"from": [14, 14, 5],
			"to": [16, 15, 11],
			"faces": {
				"north": {"uv": [0, 0, 16, 16], "texture": "#Voxel-FF0000"},
				"east": {"uv": [0, 0, 16, 16], "texture": "#Voxel-FF0000"},
				"south": {"uv": [0, 0, 16, 16], "texture": "#Voxel-FF0000"},
				"west": {"uv": [0, 0, 16, 16], "texture": "#Voxel-FF0000"},
				"up": {"uv": [0, 0, 16, 16], "texture": "#Voxel-FF0000"},
				"down": {"uv": [0, 0, 16, 16], "texture": "#Voxel-FF0000"}
			}
		},
		{
			"name": "Voxel-FF0000",
			"from": [14, 14, 4],
			"to": [15, 15, 5],
			"faces": {
				"north": {"uv": [0, 0, 16, 16], "texture": "#Voxel-FF0000"},
				"east": {"uv": [0, 0, 16, 16], "texture": "#Voxel-FF0000"},
				"south": {"uv": [0, 0, 16, 16], "texture": "#Voxel-FF0000"},
				"west": {"uv": [0, 0, 16, 16], "texture": "#Voxel-FF0000"},
				"up": {"uv": [0, 0, 16, 16], "texture": "#Voxel-FF0000"},
				"down": {"uv": [0, 0, 16, 16], "texture": "#Voxel-FF0000"}
			}
		},
		{
			"name": "Voxel-FF0000",
			"from": [14, 14, 11],
			"to": [15, 15, 12],
			"faces": {
				"north": {"uv": [0, 0, 16, 16], "texture": "#Voxel-FF0000"},
				"east": {"uv": [0, 0, 16, 16], "texture": "#Voxel-FF0000"},
				"south": {"uv": [0, 0, 16, 16], "texture": "#Voxel-FF0000"},
				"west": {"uv": [0, 0, 16, 16], "texture": "#Voxel-FF0000"},
				"up": {"uv": [0, 0, 16, 16], "texture": "#Voxel-FF0000"},
				"down": {"uv": [0, 0, 16, 16], "texture": "#Voxel-FF0000"}
			}
		},
		{
			"name": "Voxel-FF0000",
			"from": [10, 16, 4],
			"to": [13, 20, 5],
			"faces": {
				"north": {"uv": [0, 0, 16, 16], "texture": "#Voxel-FF0000"},
				"east": {"uv": [0, 0, 16, 16], "texture": "#Voxel-FF0000"},
				"south": {"uv": [0, 0, 16, 16], "texture": "#Voxel-FF0000"},
				"west": {"uv": [0, 0, 16, 16], "texture": "#Voxel-FF0000"},
				"up": {"uv": [0, 0, 16, 16], "texture": "#Voxel-FF0000"},
				"down": {"uv": [0, 0, 16, 16], "texture": "#Voxel-FF0000"}
			}
		},
		{
			"name": "Voxel-FF0000",
			"from": [10, 16, 11],
			"to": [13, 20, 12],
			"faces": {
				"north": {"uv": [0, 0, 16, 16], "texture": "#Voxel-FF0000"},
				"east": {"uv": [0, 0, 16, 16], "texture": "#Voxel-FF0000"},
				"south": {"uv": [0, 0, 16, 16], "texture": "#Voxel-FF0000"},
				"west": {"uv": [0, 0, 16, 16], "texture": "#Voxel-FF0000"},
				"up": {"uv": [0, 0, 16, 16], "texture": "#Voxel-FF0000"},
				"down": {"uv": [0, 0, 16, 16], "texture": "#Voxel-FF0000"}
			}
		},
		{
			"name": "Voxel-FF0000",
			"from": [9, 18, 11],
			"to": [10, 20, 12],
			"faces": {
				"north": {"uv": [0, 0, 16, 16], "texture": "#Voxel-FF0000"},
				"east": {"uv": [0, 0, 16, 16], "texture": "#Voxel-FF0000"},
				"south": {"uv": [0, 0, 16, 16], "texture": "#Voxel-FF0000"},
				"west": {"uv": [0, 0, 16, 16], "texture": "#Voxel-FF0000"},
				"up": {"uv": [0, 0, 16, 16], "texture": "#Voxel-FF0000"},
				"down": {"uv": [0, 0, 16, 16], "texture": "#Voxel-FF0000"}
			}
		},
		{
			"name": "Voxel-FF0000",
			"from": [9, 18, 4],
			"to": [10, 20, 5],
			"faces": {
				"north": {"uv": [0, 0, 16, 16], "texture": "#Voxel-FF0000"},
				"east": {"uv": [0, 0, 16, 16], "texture": "#Voxel-FF0000"},
				"south": {"uv": [0, 0, 16, 16], "texture": "#Voxel-FF0000"},
				"west": {"uv": [0, 0, 16, 16], "texture": "#Voxel-FF0000"},
				"up": {"uv": [0, 0, 16, 16], "texture": "#Voxel-FF0000"},
				"down": {"uv": [0, 0, 16, 16], "texture": "#Voxel-FF0000"}
			}
		},
		{
			"name": "Voxel-FF0000",
			"from": [7, 19, 9],
			"to": [8, 20, 10],
			"faces": {
				"north": {"uv": [0, 0, 16, 16], "texture": "#Voxel-FF0000"},
				"east": {"uv": [0, 0, 16, 16], "texture": "#Voxel-FF0000"},
				"south": {"uv": [0, 0, 16, 16], "texture": "#Voxel-FF0000"},
				"west": {"uv": [0, 0, 16, 16], "texture": "#Voxel-FF0000"},
				"up": {"uv": [0, 0, 16, 16], "texture": "#Voxel-FF0000"},
				"down": {"uv": [0, 0, 16, 16], "texture": "#Voxel-FF0000"}
			}
		},
		{
			"name": "Voxel-FFFFFF",
			"from": [7, 19, 8],
			"to": [8, 20, 9],
			"faces": {
				"north": {"uv": [0, 0, 16, 16], "texture": "#Voxel-FFFFFF"},
				"east": {"uv": [0, 0, 16, 16], "texture": "#Voxel-FFFFFF"},
				"south": {"uv": [0, 0, 16, 16], "texture": "#Voxel-FFFFFF"},
				"west": {"uv": [0, 0, 16, 16], "texture": "#Voxel-FFFFFF"},
				"up": {"uv": [0, 0, 16, 16], "texture": "#Voxel-FFFFFF"},
				"down": {"uv": [0, 0, 16, 16], "texture": "#Voxel-FFFFFF"}
			}
		},
		{
			"name": "Voxel-FF0000",
			"from": [7, 19, 6],
			"to": [8, 20, 7],
			"faces": {
				"north": {"uv": [0, 0, 16, 16], "texture": "#Voxel-FF0000"},
				"east": {"uv": [0, 0, 16, 16], "texture": "#Voxel-FF0000"},
				"south": {"uv": [0, 0, 16, 16], "texture": "#Voxel-FF0000"},
				"west": {"uv": [0, 0, 16, 16], "texture": "#Voxel-FF0000"},
				"up": {"uv": [0, 0, 16, 16], "texture": "#Voxel-FF0000"},
				"down": {"uv": [0, 0, 16, 16], "texture": "#Voxel-FF0000"}
			}
		},
		{
			"name": "Voxel-FFFFFF",
			"from": [7, 19, 5],
			"to": [8, 20, 6],
			"faces": {
				"north": {"uv": [0, 0, 16, 16], "texture": "#Voxel-FFFFFF"},
				"east": {"uv": [0, 0, 16, 16], "texture": "#Voxel-FFFFFF"},
				"south": {"uv": [0, 0, 16, 16], "texture": "#Voxel-FFFFFF"},
				"west": {"uv": [0, 0, 16, 16], "texture": "#Voxel-FFFFFF"},
				"up": {"uv": [0, 0, 16, 16], "texture": "#Voxel-FFFFFF"},
				"down": {"uv": [0, 0, 16, 16], "texture": "#Voxel-FFFFFF"}
			}
		},
		{
			"name": "Voxel-808080",
			"from": [7, 20, 6],
			"to": [8, 21, 10],
			"faces": {
				"north": {"uv": [0, 0, 16, 16], "texture": "#Voxel-808080"},
				"east": {"uv": [0, 0, 16, 16], "texture": "#Voxel-808080"},
				"south": {"uv": [0, 0, 16, 16], "texture": "#Voxel-808080"},
				"west": {"uv": [0, 0, 16, 16], "texture": "#Voxel-808080"},
				"up": {"uv": [0, 0, 16, 16], "texture": "#Voxel-808080"},
				"down": {"uv": [0, 0, 16, 16], "texture": "#Voxel-808080"}
			}
		},
		{
			"name": "Voxel-808080",
			"from": [7, 17, 10],
			"to": [10, 20, 11],
			"faces": {
				"north": {"uv": [0, 0, 16, 16], "texture": "#Voxel-808080"},
				"east": {"uv": [0, 0, 16, 16], "texture": "#Voxel-808080"},
				"south": {"uv": [0, 0, 16, 16], "texture": "#Voxel-808080"},
				"west": {"uv": [0, 0, 16, 16], "texture": "#Voxel-808080"},
				"up": {"uv": [0, 0, 16, 16], "texture": "#Voxel-808080"},
				"down": {"uv": [0, 0, 16, 16], "texture": "#Voxel-808080"}
			}
		},
		{
			"name": "Voxel-808080",
			"from": [7, 17, 7],
			"to": [8, 20, 8],
			"faces": {
				"north": {"uv": [0, 0, 16, 16], "texture": "#Voxel-808080"},
				"east": {"uv": [0, 0, 16, 16], "texture": "#Voxel-808080"},
				"south": {"uv": [0, 0, 16, 16], "texture": "#Voxel-808080"},
				"west": {"uv": [0, 0, 16, 16], "texture": "#Voxel-808080"},
				"up": {"uv": [0, 0, 16, 16], "texture": "#Voxel-808080"},
				"down": {"uv": [0, 0, 16, 16], "texture": "#Voxel-808080"}
			}
		},
		{
			"name": "Voxel-808080",
			"from": [7, 17, 5],
			"to": [8, 19, 7],
			"faces": {
				"north": {"uv": [0, 0, 16, 16], "texture": "#Voxel-808080"},
				"east": {"uv": [0, 0, 16, 16], "texture": "#Voxel-808080"},
				"south": {"uv": [0, 0, 16, 16], "texture": "#Voxel-808080"},
				"west": {"uv": [0, 0, 16, 16], "texture": "#Voxel-808080"},
				"up": {"uv": [0, 0, 16, 16], "texture": "#Voxel-808080"},
				"down": {"uv": [0, 0, 16, 16], "texture": "#Voxel-808080"}
			}
		},
		{
			"name": "Voxel-808080",
			"from": [7, 18, 8],
			"to": [8, 19, 10],
			"faces": {
				"north": {"uv": [0, 0, 16, 16], "texture": "#Voxel-808080"},
				"east": {"uv": [0, 0, 16, 16], "texture": "#Voxel-808080"},
				"south": {"uv": [0, 0, 16, 16], "texture": "#Voxel-808080"},
				"west": {"uv": [0, 0, 16, 16], "texture": "#Voxel-808080"},
				"up": {"uv": [0, 0, 16, 16], "texture": "#Voxel-808080"},
				"down": {"uv": [0, 0, 16, 16], "texture": "#Voxel-808080"}
			}
		},
		{
			"name": "Voxel-808080",
			"from": [7, 17, 8],
			"to": [8, 18, 9],
			"faces": {
				"north": {"uv": [0, 0, 16, 16], "texture": "#Voxel-808080"},
				"east": {"uv": [0, 0, 16, 16], "texture": "#Voxel-808080"},
				"south": {"uv": [0, 0, 16, 16], "texture": "#Voxel-808080"},
				"west": {"uv": [0, 0, 16, 16], "texture": "#Voxel-808080"},
				"up": {"uv": [0, 0, 16, 16], "texture": "#Voxel-808080"},
				"down": {"uv": [0, 0, 16, 16], "texture": "#Voxel-808080"}
			}
		},
		{
			"name": "Voxel-808080",
			"from": [8, 16, 10],
			"to": [10, 17, 11],
			"faces": {
				"north": {"uv": [0, 0, 16, 16], "texture": "#Voxel-808080"},
				"east": {"uv": [0, 0, 16, 16], "texture": "#Voxel-808080"},
				"south": {"uv": [0, 0, 16, 16], "texture": "#Voxel-808080"},
				"west": {"uv": [0, 0, 16, 16], "texture": "#Voxel-808080"},
				"up": {"uv": [0, 0, 16, 16], "texture": "#Voxel-808080"},
				"down": {"uv": [0, 0, 16, 16], "texture": "#Voxel-808080"}
			}
		},
		{
			"name": "Voxel-808080",
			"from": [8, 16, 5],
			"to": [10, 20, 6],
			"faces": {
				"north": {"uv": [0, 0, 16, 16], "texture": "#Voxel-808080"},
				"east": {"uv": [0, 0, 16, 16], "texture": "#Voxel-808080"},
				"south": {"uv": [0, 0, 16, 16], "texture": "#Voxel-808080"},
				"west": {"uv": [0, 0, 16, 16], "texture": "#Voxel-808080"},
				"up": {"uv": [0, 0, 16, 16], "texture": "#Voxel-808080"},
				"down": {"uv": [0, 0, 16, 16], "texture": "#Voxel-808080"}
			}
		},
		{
			"name": "Voxel-808080",
			"from": [7, 16, 6],
			"to": [8, 17, 7],
			"faces": {
				"north": {"uv": [0, 0, 16, 16], "texture": "#Voxel-808080"},
				"east": {"uv": [0, 0, 16, 16], "texture": "#Voxel-808080"},
				"south": {"uv": [0, 0, 16, 16], "texture": "#Voxel-808080"},
				"west": {"uv": [0, 0, 16, 16], "texture": "#Voxel-808080"},
				"up": {"uv": [0, 0, 16, 16], "texture": "#Voxel-808080"},
				"down": {"uv": [0, 0, 16, 16], "texture": "#Voxel-808080"}
			}
		},
		{
			"name": "Voxel-808080",
			"from": [7, 16, 9],
			"to": [8, 17, 10],
			"faces": {
				"north": {"uv": [0, 0, 16, 16], "texture": "#Voxel-808080"},
				"east": {"uv": [0, 0, 16, 16], "texture": "#Voxel-808080"},
				"south": {"uv": [0, 0, 16, 16], "texture": "#Voxel-808080"},
				"west": {"uv": [0, 0, 16, 16], "texture": "#Voxel-808080"},
				"up": {"uv": [0, 0, 16, 16], "texture": "#Voxel-808080"},
				"down": {"uv": [0, 0, 16, 16], "texture": "#Voxel-808080"}
			}
		},
		{
			"name": "Voxel-000000",
			"from": [7, 16, 7],
			"to": [8, 17, 9],
			"faces": {
				"north": {"uv": [0, 0, 16, 16], "texture": "#Voxel-000000"},
				"east": {"uv": [0, 0, 16, 16], "texture": "#Voxel-000000"},
				"south": {"uv": [0, 0, 16, 16], "texture": "#Voxel-000000"},
				"west": {"uv": [0, 0, 16, 16], "texture": "#Voxel-000000"},
				"up": {"uv": [0, 0, 16, 16], "texture": "#Voxel-000000"},
				"down": {"uv": [0, 0, 16, 16], "texture": "#Voxel-000000"}
			}
		},
		{
			"name": "Voxel-000000",
			"from": [7, 17, 9],
			"to": [8, 18, 10],
			"faces": {
				"north": {"uv": [0, 0, 16, 16], "texture": "#Voxel-000000"},
				"east": {"uv": [0, 0, 16, 16], "texture": "#Voxel-000000"},
				"south": {"uv": [0, 0, 16, 16], "texture": "#Voxel-000000"},
				"west": {"uv": [0, 0, 16, 16], "texture": "#Voxel-000000"},
				"up": {"uv": [0, 0, 16, 16], "texture": "#Voxel-000000"},
				"down": {"uv": [0, 0, 16, 16], "texture": "#Voxel-000000"}
			}
		},
		{
			"name": "Voxel-808080",
			"from": [9, 15, 3],
			"to": [11, 16, 6],
			"faces": {
				"north": {"uv": [0, 0, 16, 16], "texture": "#Voxel-808080"},
				"east": {"uv": [0, 0, 16, 16], "texture": "#Voxel-808080"},
				"south": {"uv": [0, 0, 16, 16], "texture": "#Voxel-808080"},
				"west": {"uv": [0, 0, 16, 16], "texture": "#Voxel-808080"},
				"up": {"uv": [0, 0, 16, 16], "texture": "#Voxel-808080"},
				"down": {"uv": [0, 0, 16, 16], "texture": "#Voxel-808080"}
			}
		},
		{
			"name": "Voxel-808080",
			"from": [9, 15, 10],
			"to": [11, 16, 13],
			"faces": {
				"north": {"uv": [0, 0, 16, 16], "texture": "#Voxel-808080"},
				"east": {"uv": [0, 0, 16, 16], "texture": "#Voxel-808080"},
				"south": {"uv": [0, 0, 16, 16], "texture": "#Voxel-808080"},
				"west": {"uv": [0, 0, 16, 16], "texture": "#Voxel-808080"},
				"up": {"uv": [0, 0, 16, 16], "texture": "#Voxel-808080"},
				"down": {"uv": [0, 0, 16, 16], "texture": "#Voxel-808080"}
			}
		},
		{
			"name": "Voxel-808080",
			"from": [12, 8, 5],
			"to": [13, 15, 11],
			"faces": {
				"north": {"uv": [0, 0, 16, 16], "texture": "#Voxel-808080"},
				"east": {"uv": [0, 0, 16, 16], "texture": "#Voxel-808080"},
				"south": {"uv": [0, 0, 16, 16], "texture": "#Voxel-808080"},
				"west": {"uv": [0, 0, 16, 16], "texture": "#Voxel-808080"},
				"up": {"uv": [0, 0, 16, 16], "texture": "#Voxel-808080"},
				"down": {"uv": [0, 0, 16, 16], "texture": "#Voxel-808080"}
			}
		},
		{
			"name": "Voxel-808080",
			"from": [11, 8, 4],
			"to": [12, 15, 5],
			"faces": {
				"north": {"uv": [0, 0, 16, 16], "texture": "#Voxel-808080"},
				"east": {"uv": [0, 0, 16, 16], "texture": "#Voxel-808080"},
				"south": {"uv": [0, 0, 16, 16], "texture": "#Voxel-808080"},
				"west": {"uv": [0, 0, 16, 16], "texture": "#Voxel-808080"},
				"up": {"uv": [0, 0, 16, 16], "texture": "#Voxel-808080"},
				"down": {"uv": [0, 0, 16, 16], "texture": "#Voxel-808080"}
			}
		},
		{
			"name": "Voxel-808080",
			"from": [11, 8, 11],
			"to": [12, 15, 12],
			"faces": {
				"north": {"uv": [0, 0, 16, 16], "texture": "#Voxel-808080"},
				"east": {"uv": [0, 0, 16, 16], "texture": "#Voxel-808080"},
				"south": {"uv": [0, 0, 16, 16], "texture": "#Voxel-808080"},
				"west": {"uv": [0, 0, 16, 16], "texture": "#Voxel-808080"},
				"up": {"uv": [0, 0, 16, 16], "texture": "#Voxel-808080"},
				"down": {"uv": [0, 0, 16, 16], "texture": "#Voxel-808080"}
			}
		},
		{
			"name": "Voxel-808080",
			"from": [8, 12, 12],
			"to": [12, 15, 13],
			"faces": {
				"north": {"uv": [0, 0, 16, 16], "texture": "#Voxel-808080"},
				"east": {"uv": [0, 0, 16, 16], "texture": "#Voxel-808080"},
				"south": {"uv": [0, 0, 16, 16], "texture": "#Voxel-808080"},
				"west": {"uv": [0, 0, 16, 16], "texture": "#Voxel-808080"},
				"up": {"uv": [0, 0, 16, 16], "texture": "#Voxel-808080"},
				"down": {"uv": [0, 0, 16, 16], "texture": "#Voxel-808080"}
			}
		},
		{
			"name": "Voxel-808080",
			"from": [8, 10, 13],
			"to": [12, 14, 14],
			"faces": {
				"north": {"uv": [0, 0, 16, 16], "texture": "#Voxel-808080"},
				"east": {"uv": [0, 0, 16, 16], "texture": "#Voxel-808080"},
				"south": {"uv": [0, 0, 16, 16], "texture": "#Voxel-808080"},
				"west": {"uv": [0, 0, 16, 16], "texture": "#Voxel-808080"},
				"up": {"uv": [0, 0, 16, 16], "texture": "#Voxel-808080"},
				"down": {"uv": [0, 0, 16, 16], "texture": "#Voxel-808080"}
			}
		},
		{
			"name": "Voxel-808080",
			"from": [8, 8, 14],
			"to": [12, 12, 15],
			"faces": {
				"north": {"uv": [0, 0, 16, 16], "texture": "#Voxel-808080"},
				"east": {"uv": [0, 0, 16, 16], "texture": "#Voxel-808080"},
				"south": {"uv": [0, 0, 16, 16], "texture": "#Voxel-808080"},
				"west": {"uv": [0, 0, 16, 16], "texture": "#Voxel-808080"},
				"up": {"uv": [0, 0, 16, 16], "texture": "#Voxel-808080"},
				"down": {"uv": [0, 0, 16, 16], "texture": "#Voxel-808080"}
			}
		},
		{
			"name": "Voxel-808080",
			"from": [9, 8, -2],
			"to": [12, 9, 1],
			"faces": {
				"north": {"uv": [0, 0, 16, 16], "texture": "#Voxel-808080"},
				"east": {"uv": [0, 0, 16, 16], "texture": "#Voxel-808080"},
				"south": {"uv": [0, 0, 16, 16], "texture": "#Voxel-808080"},
				"west": {"uv": [0, 0, 16, 16], "texture": "#Voxel-808080"},
				"up": {"uv": [0, 0, 16, 16], "texture": "#Voxel-808080"},
				"down": {"uv": [0, 0, 16, 16], "texture": "#Voxel-808080"}
			}
		},
		{
			"name": "Voxel-808080",
			"from": [9, 8, 14],
			"to": [12, 9, 17],
			"faces": {
				"north": {"uv": [0, 0, 16, 16], "texture": "#Voxel-808080"},
				"east": {"uv": [0, 0, 16, 16], "texture": "#Voxel-808080"},
				"south": {"uv": [0, 0, 16, 16], "texture": "#Voxel-808080"},
				"west": {"uv": [0, 0, 16, 16], "texture": "#Voxel-808080"},
				"up": {"uv": [0, 0, 16, 16], "texture": "#Voxel-808080"},
				"down": {"uv": [0, 0, 16, 16], "texture": "#Voxel-808080"}
			}
		},
		{
			"name": "Voxel-808080",
			"from": [7, 8, 14],
			"to": [9, 9, 15],
			"faces": {
				"north": {"uv": [0, 0, 16, 16], "texture": "#Voxel-808080"},
				"east": {"uv": [0, 0, 16, 16], "texture": "#Voxel-808080"},
				"south": {"uv": [0, 0, 16, 16], "texture": "#Voxel-808080"},
				"west": {"uv": [0, 0, 16, 16], "texture": "#Voxel-808080"},
				"up": {"uv": [0, 0, 16, 16], "texture": "#Voxel-808080"},
				"down": {"uv": [0, 0, 16, 16], "texture": "#Voxel-808080"}
			}
		},
		{
			"name": "Voxel-808080",
			"from": [7, 8, 0],
			"to": [9, 9, 1],
			"faces": {
				"north": {"uv": [0, 0, 16, 16], "texture": "#Voxel-808080"},
				"east": {"uv": [0, 0, 16, 16], "texture": "#Voxel-808080"},
				"south": {"uv": [0, 0, 16, 16], "texture": "#Voxel-808080"},
				"west": {"uv": [0, 0, 16, 16], "texture": "#Voxel-808080"},
				"up": {"uv": [0, 0, 16, 16], "texture": "#Voxel-808080"},
				"down": {"uv": [0, 0, 16, 16], "texture": "#Voxel-808080"}
			}
		},
		{
			"name": "Voxel-808080",
			"from": [9, 9, 15],
			"to": [11, 12, 16],
			"faces": {
				"north": {"uv": [0, 0, 16, 16], "texture": "#Voxel-808080"},
				"east": {"uv": [0, 0, 16, 16], "texture": "#Voxel-808080"},
				"south": {"uv": [0, 0, 16, 16], "texture": "#Voxel-808080"},
				"west": {"uv": [0, 0, 16, 16], "texture": "#Voxel-808080"},
				"up": {"uv": [0, 0, 16, 16], "texture": "#Voxel-808080"},
				"down": {"uv": [0, 0, 16, 16], "texture": "#Voxel-808080"}
			}
		},
		{
			"name": "Voxel-808080",
			"from": [9, 12, 14],
			"to": [11, 14, 15],
			"faces": {
				"north": {"uv": [0, 0, 16, 16], "texture": "#Voxel-808080"},
				"east": {"uv": [0, 0, 16, 16], "texture": "#Voxel-808080"},
				"south": {"uv": [0, 0, 16, 16], "texture": "#Voxel-808080"},
				"west": {"uv": [0, 0, 16, 16], "texture": "#Voxel-808080"},
				"up": {"uv": [0, 0, 16, 16], "texture": "#Voxel-808080"},
				"down": {"uv": [0, 0, 16, 16], "texture": "#Voxel-808080"}
			}
		},
		{
			"name": "Voxel-808080",
			"from": [9, 14, 13],
			"to": [11, 15, 14],
			"faces": {
				"north": {"uv": [0, 0, 16, 16], "texture": "#Voxel-808080"},
				"east": {"uv": [0, 0, 16, 16], "texture": "#Voxel-808080"},
				"south": {"uv": [0, 0, 16, 16], "texture": "#Voxel-808080"},
				"west": {"uv": [0, 0, 16, 16], "texture": "#Voxel-808080"},
				"up": {"uv": [0, 0, 16, 16], "texture": "#Voxel-808080"},
				"down": {"uv": [0, 0, 16, 16], "texture": "#Voxel-808080"}
			}
		},
		{
			"name": "Voxel-808080",
			"from": [9, 8, 12],
			"to": [11, 12, 13],
			"faces": {
				"north": {"uv": [0, 0, 16, 16], "texture": "#Voxel-808080"},
				"east": {"uv": [0, 0, 16, 16], "texture": "#Voxel-808080"},
				"south": {"uv": [0, 0, 16, 16], "texture": "#Voxel-808080"},
				"west": {"uv": [0, 0, 16, 16], "texture": "#Voxel-808080"},
				"up": {"uv": [0, 0, 16, 16], "texture": "#Voxel-808080"},
				"down": {"uv": [0, 0, 16, 16], "texture": "#Voxel-808080"}
			}
		},
		{
			"name": "Voxel-808080",
			"from": [9, 9, 13],
			"to": [11, 10, 14],
			"faces": {
				"north": {"uv": [0, 0, 16, 16], "texture": "#Voxel-808080"},
				"east": {"uv": [0, 0, 16, 16], "texture": "#Voxel-808080"},
				"south": {"uv": [0, 0, 16, 16], "texture": "#Voxel-808080"},
				"west": {"uv": [0, 0, 16, 16], "texture": "#Voxel-808080"},
				"up": {"uv": [0, 0, 16, 16], "texture": "#Voxel-808080"},
				"down": {"uv": [0, 0, 16, 16], "texture": "#Voxel-808080"}
			}
		},
		{
			"name": "Voxel-808080",
			"from": [8, 9, 0],
			"to": [12, 11, 1],
			"faces": {
				"north": {"uv": [0, 0, 16, 16], "texture": "#Voxel-808080"},
				"east": {"uv": [0, 0, 16, 16], "texture": "#Voxel-808080"},
				"south": {"uv": [0, 0, 16, 16], "texture": "#Voxel-808080"},
				"west": {"uv": [0, 0, 16, 16], "texture": "#Voxel-808080"},
				"up": {"uv": [0, 0, 16, 16], "texture": "#Voxel-808080"},
				"down": {"uv": [0, 0, 16, 16], "texture": "#Voxel-808080"}
			}
		},
		{
			"name": "Voxel-808080",
			"from": [8, 12, 2],
			"to": [12, 14, 3],
			"faces": {
				"north": {"uv": [0, 0, 16, 16], "texture": "#Voxel-808080"},
				"east": {"uv": [0, 0, 16, 16], "texture": "#Voxel-808080"},
				"south": {"uv": [0, 0, 16, 16], "texture": "#Voxel-808080"},
				"west": {"uv": [0, 0, 16, 16], "texture": "#Voxel-808080"},
				"up": {"uv": [0, 0, 16, 16], "texture": "#Voxel-808080"},
				"down": {"uv": [0, 0, 16, 16], "texture": "#Voxel-808080"}
			}
		},
		{
			"name": "Voxel-808080",
			"from": [8, 13, 3],
			"to": [12, 15, 4],
			"faces": {
				"north": {"uv": [0, 0, 16, 16], "texture": "#Voxel-808080"},
				"east": {"uv": [0, 0, 16, 16], "texture": "#Voxel-808080"},
				"south": {"uv": [0, 0, 16, 16], "texture": "#Voxel-808080"},
				"west": {"uv": [0, 0, 16, 16], "texture": "#Voxel-808080"},
				"up": {"uv": [0, 0, 16, 16], "texture": "#Voxel-808080"},
				"down": {"uv": [0, 0, 16, 16], "texture": "#Voxel-808080"}
			}
		},
		{
			"name": "Voxel-808080",
			"from": [8, 10, 1],
			"to": [12, 13, 2],
			"faces": {
				"north": {"uv": [0, 0, 16, 16], "texture": "#Voxel-808080"},
				"east": {"uv": [0, 0, 16, 16], "texture": "#Voxel-808080"},
				"south": {"uv": [0, 0, 16, 16], "texture": "#Voxel-808080"},
				"west": {"uv": [0, 0, 16, 16], "texture": "#Voxel-808080"},
				"up": {"uv": [0, 0, 16, 16], "texture": "#Voxel-808080"},
				"down": {"uv": [0, 0, 16, 16], "texture": "#Voxel-808080"}
			}
		},
		{
			"name": "Voxel-808080",
			"from": [9, 14, 2],
			"to": [11, 15, 3],
			"faces": {
				"north": {"uv": [0, 0, 16, 16], "texture": "#Voxel-808080"},
				"east": {"uv": [0, 0, 16, 16], "texture": "#Voxel-808080"},
				"south": {"uv": [0, 0, 16, 16], "texture": "#Voxel-808080"},
				"west": {"uv": [0, 0, 16, 16], "texture": "#Voxel-808080"},
				"up": {"uv": [0, 0, 16, 16], "texture": "#Voxel-808080"},
				"down": {"uv": [0, 0, 16, 16], "texture": "#Voxel-808080"}
			}
		},
		{
			"name": "Voxel-808080",
			"from": [9, 13, 1],
			"to": [11, 14, 2],
			"faces": {
				"north": {"uv": [0, 0, 16, 16], "texture": "#Voxel-808080"},
				"east": {"uv": [0, 0, 16, 16], "texture": "#Voxel-808080"},
				"south": {"uv": [0, 0, 16, 16], "texture": "#Voxel-808080"},
				"west": {"uv": [0, 0, 16, 16], "texture": "#Voxel-808080"},
				"up": {"uv": [0, 0, 16, 16], "texture": "#Voxel-808080"},
				"down": {"uv": [0, 0, 16, 16], "texture": "#Voxel-808080"}
			}
		},
		{
			"name": "Voxel-808080",
			"from": [9, 11, 0],
			"to": [11, 13, 1],
			"faces": {
				"north": {"uv": [0, 0, 16, 16], "texture": "#Voxel-808080"},
				"east": {"uv": [0, 0, 16, 16], "texture": "#Voxel-808080"},
				"south": {"uv": [0, 0, 16, 16], "texture": "#Voxel-808080"},
				"west": {"uv": [0, 0, 16, 16], "texture": "#Voxel-808080"},
				"up": {"uv": [0, 0, 16, 16], "texture": "#Voxel-808080"},
				"down": {"uv": [0, 0, 16, 16], "texture": "#Voxel-808080"}
			}
		},
		{
			"name": "Voxel-808080",
			"from": [9, 9, -1],
			"to": [11, 11, 0],
			"faces": {
				"north": {"uv": [0, 0, 16, 16], "texture": "#Voxel-808080"},
				"east": {"uv": [0, 0, 16, 16], "texture": "#Voxel-808080"},
				"south": {"uv": [0, 0, 16, 16], "texture": "#Voxel-808080"},
				"west": {"uv": [0, 0, 16, 16], "texture": "#Voxel-808080"},
				"up": {"uv": [0, 0, 16, 16], "texture": "#Voxel-808080"},
				"down": {"uv": [0, 0, 16, 16], "texture": "#Voxel-808080"}
			}
		},
		{
			"name": "Voxel-808080",
			"from": [9, 8, 3],
			"to": [11, 13, 4],
			"faces": {
				"north": {"uv": [0, 0, 16, 16], "texture": "#Voxel-808080"},
				"east": {"uv": [0, 0, 16, 16], "texture": "#Voxel-808080"},
				"south": {"uv": [0, 0, 16, 16], "texture": "#Voxel-808080"},
				"west": {"uv": [0, 0, 16, 16], "texture": "#Voxel-808080"},
				"up": {"uv": [0, 0, 16, 16], "texture": "#Voxel-808080"},
				"down": {"uv": [0, 0, 16, 16], "texture": "#Voxel-808080"}
			}
		},
		{
			"name": "Voxel-808080",
			"from": [9, 10, 2],
			"to": [11, 12, 3],
			"faces": {
				"north": {"uv": [0, 0, 16, 16], "texture": "#Voxel-808080"},
				"east": {"uv": [0, 0, 16, 16], "texture": "#Voxel-808080"},
				"south": {"uv": [0, 0, 16, 16], "texture": "#Voxel-808080"},
				"west": {"uv": [0, 0, 16, 16], "texture": "#Voxel-808080"},
				"up": {"uv": [0, 0, 16, 16], "texture": "#Voxel-808080"},
				"down": {"uv": [0, 0, 16, 16], "texture": "#Voxel-808080"}
			}
		},
		{
			"name": "Voxel-808080",
			"from": [9, 9, 1],
			"to": [11, 10, 2],
			"faces": {
				"north": {"uv": [0, 0, 16, 16], "texture": "#Voxel-808080"},
				"east": {"uv": [0, 0, 16, 16], "texture": "#Voxel-808080"},
				"south": {"uv": [0, 0, 16, 16], "texture": "#Voxel-808080"},
				"west": {"uv": [0, 0, 16, 16], "texture": "#Voxel-808080"},
				"up": {"uv": [0, 0, 16, 16], "texture": "#Voxel-808080"},
				"down": {"uv": [0, 0, 16, 16], "texture": "#Voxel-808080"}
			}
		},
		{
			"name": "Voxel-808080",
			"from": [6, 7, 9],
			"to": [9, 9, 13],
			"faces": {
				"north": {"uv": [0, 0, 16, 16], "texture": "#Voxel-808080"},
				"east": {"uv": [0, 0, 16, 16], "texture": "#Voxel-808080"},
				"south": {"uv": [0, 0, 16, 16], "texture": "#Voxel-808080"},
				"west": {"uv": [0, 0, 16, 16], "texture": "#Voxel-808080"},
				"up": {"uv": [0, 0, 16, 16], "texture": "#Voxel-808080"},
				"down": {"uv": [0, 0, 16, 16], "texture": "#Voxel-808080"}
			}
		},
		{
			"name": "Voxel-808080",
			"from": [6, 7, 3],
			"to": [9, 9, 7],
			"faces": {
				"north": {"uv": [0, 0, 16, 16], "texture": "#Voxel-808080"},
				"east": {"uv": [0, 0, 16, 16], "texture": "#Voxel-808080"},
				"south": {"uv": [0, 0, 16, 16], "texture": "#Voxel-808080"},
				"west": {"uv": [0, 0, 16, 16], "texture": "#Voxel-808080"},
				"up": {"uv": [0, 0, 16, 16], "texture": "#Voxel-808080"},
				"down": {"uv": [0, 0, 16, 16], "texture": "#Voxel-808080"}
			}
		},
		{
			"name": "Voxel-808080",
			"from": [5, 8, 10],
			"to": [6, 9, 12],
			"faces": {
				"north": {"uv": [0, 0, 16, 16], "texture": "#Voxel-808080"},
				"east": {"uv": [0, 0, 16, 16], "texture": "#Voxel-808080"},
				"south": {"uv": [0, 0, 16, 16], "texture": "#Voxel-808080"},
				"west": {"uv": [0, 0, 16, 16], "texture": "#Voxel-808080"},
				"up": {"uv": [0, 0, 16, 16], "texture": "#Voxel-808080"},
				"down": {"uv": [0, 0, 16, 16], "texture": "#Voxel-808080"}
			}
		},
		{
			"name": "Voxel-808080",
			"from": [5, 8, 4],
			"to": [6, 9, 6],
			"faces": {
				"north": {"uv": [0, 0, 16, 16], "texture": "#Voxel-808080"},
				"east": {"uv": [0, 0, 16, 16], "texture": "#Voxel-808080"},
				"south": {"uv": [0, 0, 16, 16], "texture": "#Voxel-808080"},
				"west": {"uv": [0, 0, 16, 16], "texture": "#Voxel-808080"},
				"up": {"uv": [0, 0, 16, 16], "texture": "#Voxel-808080"},
				"down": {"uv": [0, 0, 16, 16], "texture": "#Voxel-808080"}
			}
		},
		{
			"name": "Voxel-808080",
			"from": [5, 5, 3],
			"to": [6, 8, 4],
			"faces": {
				"north": {"uv": [0, 0, 16, 16], "texture": "#Voxel-808080"},
				"east": {"uv": [0, 0, 16, 16], "texture": "#Voxel-808080"},
				"south": {"uv": [0, 0, 16, 16], "texture": "#Voxel-808080"},
				"west": {"uv": [0, 0, 16, 16], "texture": "#Voxel-808080"},
				"up": {"uv": [0, 0, 16, 16], "texture": "#Voxel-808080"},
				"down": {"uv": [0, 0, 16, 16], "texture": "#Voxel-808080"}
			}
		},
		{
			"name": "Voxel-808080",
			"from": [4, 5, 4],
			"to": [5, 8, 6],
			"faces": {
				"north": {"uv": [0, 0, 16, 16], "texture": "#Voxel-808080"},
				"east": {"uv": [0, 0, 16, 16], "texture": "#Voxel-808080"},
				"south": {"uv": [0, 0, 16, 16], "texture": "#Voxel-808080"},
				"west": {"uv": [0, 0, 16, 16], "texture": "#Voxel-808080"},
				"up": {"uv": [0, 0, 16, 16], "texture": "#Voxel-808080"},
				"down": {"uv": [0, 0, 16, 16], "texture": "#Voxel-808080"}
			}
		},
		{
			"name": "Voxel-808080",
			"from": [5, 5, 6],
			"to": [6, 8, 7],
			"faces": {
				"north": {"uv": [0, 0, 16, 16], "texture": "#Voxel-808080"},
				"east": {"uv": [0, 0, 16, 16], "texture": "#Voxel-808080"},
				"south": {"uv": [0, 0, 16, 16], "texture": "#Voxel-808080"},
				"west": {"uv": [0, 0, 16, 16], "texture": "#Voxel-808080"},
				"up": {"uv": [0, 0, 16, 16], "texture": "#Voxel-808080"},
				"down": {"uv": [0, 0, 16, 16], "texture": "#Voxel-808080"}
			}
		},
		{
			"name": "Voxel-808080",
			"from": [5, 5, 9],
			"to": [6, 8, 10],
			"faces": {
				"north": {"uv": [0, 0, 16, 16], "texture": "#Voxel-808080"},
				"east": {"uv": [0, 0, 16, 16], "texture": "#Voxel-808080"},
				"south": {"uv": [0, 0, 16, 16], "texture": "#Voxel-808080"},
				"west": {"uv": [0, 0, 16, 16], "texture": "#Voxel-808080"},
				"up": {"uv": [0, 0, 16, 16], "texture": "#Voxel-808080"},
				"down": {"uv": [0, 0, 16, 16], "texture": "#Voxel-808080"}
			}
		},
		{
			"name": "Voxel-808080",
			"from": [4, 5, 10],
			"to": [5, 8, 12],
			"faces": {
				"north": {"uv": [0, 0, 16, 16], "texture": "#Voxel-808080"},
				"east": {"uv": [0, 0, 16, 16], "texture": "#Voxel-808080"},
				"south": {"uv": [0, 0, 16, 16], "texture": "#Voxel-808080"},
				"west": {"uv": [0, 0, 16, 16], "texture": "#Voxel-808080"},
				"up": {"uv": [0, 0, 16, 16], "texture": "#Voxel-808080"},
				"down": {"uv": [0, 0, 16, 16], "texture": "#Voxel-808080"}
			}
		},
		{
			"name": "Voxel-808080",
			"from": [5, 5, 12],
			"to": [6, 8, 13],
			"faces": {
				"north": {"uv": [0, 0, 16, 16], "texture": "#Voxel-808080"},
				"east": {"uv": [0, 0, 16, 16], "texture": "#Voxel-808080"},
				"south": {"uv": [0, 0, 16, 16], "texture": "#Voxel-808080"},
				"west": {"uv": [0, 0, 16, 16], "texture": "#Voxel-808080"},
				"up": {"uv": [0, 0, 16, 16], "texture": "#Voxel-808080"},
				"down": {"uv": [0, 0, 16, 16], "texture": "#Voxel-808080"}
			}
		},
		{
			"name": "Voxel-808080",
			"from": [6, 6, 11],
			"to": [7, 7, 12],
			"faces": {
				"north": {"uv": [0, 0, 16, 16], "texture": "#Voxel-808080"},
				"east": {"uv": [0, 0, 16, 16], "texture": "#Voxel-808080"},
				"south": {"uv": [0, 0, 16, 16], "texture": "#Voxel-808080"},
				"west": {"uv": [0, 0, 16, 16], "texture": "#Voxel-808080"},
				"up": {"uv": [0, 0, 16, 16], "texture": "#Voxel-808080"},
				"down": {"uv": [0, 0, 16, 16], "texture": "#Voxel-808080"}
			}
		},
		{
			"name": "Voxel-808080",
			"from": [6, 6, 4],
			"to": [7, 7, 5],
			"faces": {
				"north": {"uv": [0, 0, 16, 16], "texture": "#Voxel-808080"},
				"east": {"uv": [0, 0, 16, 16], "texture": "#Voxel-808080"},
				"south": {"uv": [0, 0, 16, 16], "texture": "#Voxel-808080"},
				"west": {"uv": [0, 0, 16, 16], "texture": "#Voxel-808080"},
				"up": {"uv": [0, 0, 16, 16], "texture": "#Voxel-808080"},
				"down": {"uv": [0, 0, 16, 16], "texture": "#Voxel-808080"}
			}
		},
		{
			"name": "Voxel-808080",
			"from": [3, 4, 4],
			"to": [6, 5, 7],
			"faces": {
				"north": {"uv": [0, 0, 16, 16], "texture": "#Voxel-808080"},
				"east": {"uv": [0, 0, 16, 16], "texture": "#Voxel-808080"},
				"south": {"uv": [0, 0, 16, 16], "texture": "#Voxel-808080"},
				"west": {"uv": [0, 0, 16, 16], "texture": "#Voxel-808080"},
				"up": {"uv": [0, 0, 16, 16], "texture": "#Voxel-808080"},
				"down": {"uv": [0, 0, 16, 16], "texture": "#Voxel-808080"}
			}
		},
		{
			"name": "Voxel-808080",
			"from": [3, 4, 9],
			"to": [6, 5, 12],
			"faces": {
				"north": {"uv": [0, 0, 16, 16], "texture": "#Voxel-808080"},
				"east": {"uv": [0, 0, 16, 16], "texture": "#Voxel-808080"},
				"south": {"uv": [0, 0, 16, 16], "texture": "#Voxel-808080"},
				"west": {"uv": [0, 0, 16, 16], "texture": "#Voxel-808080"},
				"up": {"uv": [0, 0, 16, 16], "texture": "#Voxel-808080"},
				"down": {"uv": [0, 0, 16, 16], "texture": "#Voxel-808080"}
			}
		},
		{
			"name": "Voxel-808080",
			"from": [4, 4, 12],
			"to": [6, 5, 13],
			"faces": {
				"north": {"uv": [0, 0, 16, 16], "texture": "#Voxel-808080"},
				"east": {"uv": [0, 0, 16, 16], "texture": "#Voxel-808080"},
				"south": {"uv": [0, 0, 16, 16], "texture": "#Voxel-808080"},
				"west": {"uv": [0, 0, 16, 16], "texture": "#Voxel-808080"},
				"up": {"uv": [0, 0, 16, 16], "texture": "#Voxel-808080"},
				"down": {"uv": [0, 0, 16, 16], "texture": "#Voxel-808080"}
			}
		},
		{
			"name": "Voxel-808080",
			"from": [4, 4, 3],
			"to": [6, 5, 4],
			"faces": {
				"north": {"uv": [0, 0, 16, 16], "texture": "#Voxel-808080"},
				"east": {"uv": [0, 0, 16, 16], "texture": "#Voxel-808080"},
				"south": {"uv": [0, 0, 16, 16], "texture": "#Voxel-808080"},
				"west": {"uv": [0, 0, 16, 16], "texture": "#Voxel-808080"},
				"up": {"uv": [0, 0, 16, 16], "texture": "#Voxel-808080"},
				"down": {"uv": [0, 0, 16, 16], "texture": "#Voxel-808080"}
			}
		},
		{
			"name": "Voxel-808080",
			"from": [5, 5, 3],
			"to": [6, 7, 7],
			"faces": {
				"north": {"uv": [0, 0, 16, 16], "texture": "#Voxel-808080"},
				"east": {"uv": [0, 0, 16, 16], "texture": "#Voxel-808080"},
				"south": {"uv": [0, 0, 16, 16], "texture": "#Voxel-808080"},
				"west": {"uv": [0, 0, 16, 16], "texture": "#Voxel-808080"},
				"up": {"uv": [0, 0, 16, 16], "texture": "#Voxel-808080"},
				"down": {"uv": [0, 0, 16, 16], "texture": "#Voxel-808080"}
			}
		},
		{
			"name": "Voxel-808080",
			"from": [5, 5, 9],
			"to": [6, 7, 13],
			"faces": {
				"north": {"uv": [0, 0, 16, 16], "texture": "#Voxel-808080"},
				"east": {"uv": [0, 0, 16, 16], "texture": "#Voxel-808080"},
				"south": {"uv": [0, 0, 16, 16], "texture": "#Voxel-808080"},
				"west": {"uv": [0, 0, 16, 16], "texture": "#Voxel-808080"},
				"up": {"uv": [0, 0, 16, 16], "texture": "#Voxel-808080"},
				"down": {"uv": [0, 0, 16, 16], "texture": "#Voxel-808080"}
			}
		},
		{
			"name": "Voxel-808080",
			"from": [9, 7, 4],
			"to": [11, 8, 12],
			"faces": {
				"north": {"uv": [0, 0, 16, 16], "texture": "#Voxel-808080"},
				"east": {"uv": [0, 0, 16, 16], "texture": "#Voxel-808080"},
				"south": {"uv": [0, 0, 16, 16], "texture": "#Voxel-808080"},
				"west": {"uv": [0, 0, 16, 16], "texture": "#Voxel-808080"},
				"up": {"uv": [0, 0, 16, 16], "texture": "#Voxel-808080"},
				"down": {"uv": [0, 0, 16, 16], "texture": "#Voxel-808080"}
			}
		},
		{
			"name": "Voxel-808080",
			"from": [11, 7, 5],
			"to": [12, 8, 11],
			"faces": {
				"north": {"uv": [0, 0, 16, 16], "texture": "#Voxel-808080"},
				"east": {"uv": [0, 0, 16, 16], "texture": "#Voxel-808080"},
				"south": {"uv": [0, 0, 16, 16], "texture": "#Voxel-808080"},
				"west": {"uv": [0, 0, 16, 16], "texture": "#Voxel-808080"},
				"up": {"uv": [0, 0, 16, 16], "texture": "#Voxel-808080"},
				"down": {"uv": [0, 0, 16, 16], "texture": "#Voxel-808080"}
			}
		},
		{
			"name": "Voxel-808080",
			"from": [8, 7, 7],
			"to": [9, 8, 9],
			"faces": {
				"north": {"uv": [0, 0, 16, 16], "texture": "#Voxel-808080"},
				"east": {"uv": [0, 0, 16, 16], "texture": "#Voxel-808080"},
				"south": {"uv": [0, 0, 16, 16], "texture": "#Voxel-808080"},
				"west": {"uv": [0, 0, 16, 16], "texture": "#Voxel-808080"},
				"up": {"uv": [0, 0, 16, 16], "texture": "#Voxel-808080"},
				"down": {"uv": [0, 0, 16, 16], "texture": "#Voxel-808080"}
			}
		},
		{
			"name": "Voxel-808080",
			"from": [8, 15, 6],
			"to": [9, 16, 10],
			"faces": {
				"north": {"uv": [0, 0, 16, 16], "texture": "#Voxel-808080"},
				"east": {"uv": [0, 0, 16, 16], "texture": "#Voxel-808080"},
				"south": {"uv": [0, 0, 16, 16], "texture": "#Voxel-808080"},
				"west": {"uv": [0, 0, 16, 16], "texture": "#Voxel-808080"},
				"up": {"uv": [0, 0, 16, 16], "texture": "#Voxel-808080"},
				"down": {"uv": [0, 0, 16, 16], "texture": "#Voxel-808080"}
			}
		},
		{
			"name": "Voxel-808080",
			"from": [8, 14, 7],
			"to": [9, 15, 9],
			"faces": {
				"north": {"uv": [0, 0, 16, 16], "texture": "#Voxel-808080"},
				"east": {"uv": [0, 0, 16, 16], "texture": "#Voxel-808080"},
				"south": {"uv": [0, 0, 16, 16], "texture": "#Voxel-808080"},
				"west": {"uv": [0, 0, 16, 16], "texture": "#Voxel-808080"},
				"up": {"uv": [0, 0, 16, 16], "texture": "#Voxel-808080"},
				"down": {"uv": [0, 0, 16, 16], "texture": "#Voxel-808080"}
			}
		},
		{
			"name": "Voxel-FF0000",
			"from": [8, 11, 6],
			"to": [9, 14, 10],
			"faces": {
				"north": {"uv": [0, 0, 16, 16], "texture": "#Voxel-FF0000"},
				"east": {"uv": [0, 0, 16, 16], "texture": "#Voxel-FF0000"},
				"south": {"uv": [0, 0, 16, 16], "texture": "#Voxel-FF0000"},
				"west": {"uv": [0, 0, 16, 16], "texture": "#Voxel-FF0000"},
				"up": {"uv": [0, 0, 16, 16], "texture": "#Voxel-FF0000"},
				"down": {"uv": [0, 0, 16, 16], "texture": "#Voxel-FF0000"}
			}
		},
		{
			"name": "Voxel-FF0000",
			"from": [8, 12, 5],
			"to": [9, 14, 6],
			"faces": {
				"north": {"uv": [0, 0, 16, 16], "texture": "#Voxel-FF0000"},
				"east": {"uv": [0, 0, 16, 16], "texture": "#Voxel-FF0000"},
				"south": {"uv": [0, 0, 16, 16], "texture": "#Voxel-FF0000"},
				"west": {"uv": [0, 0, 16, 16], "texture": "#Voxel-FF0000"},
				"up": {"uv": [0, 0, 16, 16], "texture": "#Voxel-FF0000"},
				"down": {"uv": [0, 0, 16, 16], "texture": "#Voxel-FF0000"}
			}
		},
		{
			"name": "Voxel-FF0000",
			"from": [8, 12, 10],
			"to": [9, 14, 11],
			"faces": {
				"north": {"uv": [0, 0, 16, 16], "texture": "#Voxel-FF0000"},
				"east": {"uv": [0, 0, 16, 16], "texture": "#Voxel-FF0000"},
				"south": {"uv": [0, 0, 16, 16], "texture": "#Voxel-FF0000"},
				"west": {"uv": [0, 0, 16, 16], "texture": "#Voxel-FF0000"},
				"up": {"uv": [0, 0, 16, 16], "texture": "#Voxel-FF0000"},
				"down": {"uv": [0, 0, 16, 16], "texture": "#Voxel-FF0000"}
			}
		},
		{
			"name": "Voxel-FF0000",
			"from": [8, 14, 9],
			"to": [9, 15, 10],
			"faces": {
				"north": {"uv": [0, 0, 16, 16], "texture": "#Voxel-FF0000"},
				"east": {"uv": [0, 0, 16, 16], "texture": "#Voxel-FF0000"},
				"south": {"uv": [0, 0, 16, 16], "texture": "#Voxel-FF0000"},
				"west": {"uv": [0, 0, 16, 16], "texture": "#Voxel-FF0000"},
				"up": {"uv": [0, 0, 16, 16], "texture": "#Voxel-FF0000"},
				"down": {"uv": [0, 0, 16, 16], "texture": "#Voxel-FF0000"}
			}
		},
		{
			"name": "Voxel-FF0000",
			"from": [8, 14, 6],
			"to": [9, 15, 7],
			"faces": {
				"north": {"uv": [0, 0, 16, 16], "texture": "#Voxel-FF0000"},
				"east": {"uv": [0, 0, 16, 16], "texture": "#Voxel-FF0000"},
				"south": {"uv": [0, 0, 16, 16], "texture": "#Voxel-FF0000"},
				"west": {"uv": [0, 0, 16, 16], "texture": "#Voxel-FF0000"},
				"up": {"uv": [0, 0, 16, 16], "texture": "#Voxel-FF0000"},
				"down": {"uv": [0, 0, 16, 16], "texture": "#Voxel-FF0000"}
			}
		},
		{
			"name": "Voxel-FF0000",
			"from": [8, 10, 7],
			"to": [9, 11, 9],
			"faces": {
				"north": {"uv": [0, 0, 16, 16], "texture": "#Voxel-FF0000"},
				"east": {"uv": [0, 0, 16, 16], "texture": "#Voxel-FF0000"},
				"south": {"uv": [0, 0, 16, 16], "texture": "#Voxel-FF0000"},
				"west": {"uv": [0, 0, 16, 16], "texture": "#Voxel-FF0000"},
				"up": {"uv": [0, 0, 16, 16], "texture": "#Voxel-FF0000"},
				"down": {"uv": [0, 0, 16, 16], "texture": "#Voxel-FF0000"}
			}
		},
		{
			"name": "Voxel-808080",
			"from": [8, 14, 10],
			"to": [9, 15, 12],
			"faces": {
				"north": {"uv": [0, 0, 16, 16], "texture": "#Voxel-808080"},
				"east": {"uv": [0, 0, 16, 16], "texture": "#Voxel-808080"},
				"south": {"uv": [0, 0, 16, 16], "texture": "#Voxel-808080"},
				"west": {"uv": [0, 0, 16, 16], "texture": "#Voxel-808080"},
				"up": {"uv": [0, 0, 16, 16], "texture": "#Voxel-808080"},
				"down": {"uv": [0, 0, 16, 16], "texture": "#Voxel-808080"}
			}
		},
		{
			"name": "Voxel-808080",
			"from": [8, 14, 4],
			"to": [9, 15, 6],
			"faces": {
				"north": {"uv": [0, 0, 16, 16], "texture": "#Voxel-808080"},
				"east": {"uv": [0, 0, 16, 16], "texture": "#Voxel-808080"},
				"south": {"uv": [0, 0, 16, 16], "texture": "#Voxel-808080"},
				"west": {"uv": [0, 0, 16, 16], "texture": "#Voxel-808080"},
				"up": {"uv": [0, 0, 16, 16], "texture": "#Voxel-808080"},
				"down": {"uv": [0, 0, 16, 16], "texture": "#Voxel-808080"}
			}
		},
		{
			"name": "Voxel-808080",
			"from": [8, 9, 11],
			"to": [9, 14, 12],
			"faces": {
				"north": {"uv": [0, 0, 16, 16], "texture": "#Voxel-808080"},
				"east": {"uv": [0, 0, 16, 16], "texture": "#Voxel-808080"},
				"south": {"uv": [0, 0, 16, 16], "texture": "#Voxel-808080"},
				"west": {"uv": [0, 0, 16, 16], "texture": "#Voxel-808080"},
				"up": {"uv": [0, 0, 16, 16], "texture": "#Voxel-808080"},
				"down": {"uv": [0, 0, 16, 16], "texture": "#Voxel-808080"}
			}
		},
		{
			"name": "Voxel-808080",
			"from": [8, 9, 4],
			"to": [9, 14, 5],
			"faces": {
				"north": {"uv": [0, 0, 16, 16], "texture": "#Voxel-808080"},
				"east": {"uv": [0, 0, 16, 16], "texture": "#Voxel-808080"},
				"south": {"uv": [0, 0, 16, 16], "texture": "#Voxel-808080"},
				"west": {"uv": [0, 0, 16, 16], "texture": "#Voxel-808080"},
				"up": {"uv": [0, 0, 16, 16], "texture": "#Voxel-808080"},
				"down": {"uv": [0, 0, 16, 16], "texture": "#Voxel-808080"}
			}
		},
		{
			"name": "Voxel-808080",
			"from": [8, 9, 10],
			"to": [9, 12, 11],
			"faces": {
				"north": {"uv": [0, 0, 16, 16], "texture": "#Voxel-808080"},
				"east": {"uv": [0, 0, 16, 16], "texture": "#Voxel-808080"},
				"south": {"uv": [0, 0, 16, 16], "texture": "#Voxel-808080"},
				"west": {"uv": [0, 0, 16, 16], "texture": "#Voxel-808080"},
				"up": {"uv": [0, 0, 16, 16], "texture": "#Voxel-808080"},
				"down": {"uv": [0, 0, 16, 16], "texture": "#Voxel-808080"}
			}
		},
		{
			"name": "Voxel-808080",
			"from": [8, 9, 5],
			"to": [9, 12, 6],
			"faces": {
				"north": {"uv": [0, 0, 16, 16], "texture": "#Voxel-808080"},
				"east": {"uv": [0, 0, 16, 16], "texture": "#Voxel-808080"},
				"south": {"uv": [0, 0, 16, 16], "texture": "#Voxel-808080"},
				"west": {"uv": [0, 0, 16, 16], "texture": "#Voxel-808080"},
				"up": {"uv": [0, 0, 16, 16], "texture": "#Voxel-808080"},
				"down": {"uv": [0, 0, 16, 16], "texture": "#Voxel-808080"}
			}
		},
		{
			"name": "Voxel-808080",
			"from": [8, 9, 6],
			"to": [9, 11, 7],
			"faces": {
				"north": {"uv": [0, 0, 16, 16], "texture": "#Voxel-808080"},
				"east": {"uv": [0, 0, 16, 16], "texture": "#Voxel-808080"},
				"south": {"uv": [0, 0, 16, 16], "texture": "#Voxel-808080"},
				"west": {"uv": [0, 0, 16, 16], "texture": "#Voxel-808080"},
				"up": {"uv": [0, 0, 16, 16], "texture": "#Voxel-808080"},
				"down": {"uv": [0, 0, 16, 16], "texture": "#Voxel-808080"}
			}
		},
		{
			"name": "Voxel-808080",
			"from": [8, 9, 9],
			"to": [9, 11, 10],
			"faces": {
				"north": {"uv": [0, 0, 16, 16], "texture": "#Voxel-808080"},
				"east": {"uv": [0, 0, 16, 16], "texture": "#Voxel-808080"},
				"south": {"uv": [0, 0, 16, 16], "texture": "#Voxel-808080"},
				"west": {"uv": [0, 0, 16, 16], "texture": "#Voxel-808080"},
				"up": {"uv": [0, 0, 16, 16], "texture": "#Voxel-808080"},
				"down": {"uv": [0, 0, 16, 16], "texture": "#Voxel-808080"}
			}
		},
		{
			"name": "Voxel-808080",
			"from": [8, 8, 7],
			"to": [9, 10, 9],
			"faces": {
				"north": {"uv": [0, 0, 16, 16], "texture": "#Voxel-808080"},
				"east": {"uv": [0, 0, 16, 16], "texture": "#Voxel-808080"},
				"south": {"uv": [0, 0, 16, 16], "texture": "#Voxel-808080"},
				"west": {"uv": [0, 0, 16, 16], "texture": "#Voxel-808080"},
				"up": {"uv": [0, 0, 16, 16], "texture": "#Voxel-808080"},
				"down": {"uv": [0, 0, 16, 16], "texture": "#Voxel-808080"}
			}
		}
	],
	"display": {
		"gui": {
			"rotation": [0, 45, 0],
			"translation": [0, -5, 0],
			"scale": [0.75, 0.75, 0.75]
		},
		"head": {
			"rotation": [0, -90, 0],
			"translation": [0, -20, -7],
			"scale": [2, 2, 2]
		},
		"fixed": {
			"rotation": [0, -90, 0],
			"translation": [0, -6, -0.5]
		}
	},
	"groups": [
		{
			"name": "healing",
			"origin": [8, 8, 8],
			"color": 0,
			"nbt": "{}",
			"armAnimationEnabled": false,
			"children": [0, 1, 2, 3, 4, 5, 6, 7, 8, 9, 10, 11, 12, 13, 14, 15, 16, 17, 18, 19, 20, 21, 22, 23, 24, 25, 26, 27, 28, 29, 30, 31, 32, 33, 34, 35, 36, 37, 38, 39, 40, 41, 42, 43, 44, 45, 46, 47, 48, 49, 50, 51, 52, 53, 54, 55, 56, 57, 58, 59, 60, 61, 62, 63, 64, 65, 66, 67, 68, 69, 70, 71, 72, 73, 74, 75, 76, 77, 78, 79, 80, 81, 82, 83, 84, 85, 86, 87, 88, 89, 90, 91, 92, 93, 94, 95, 96, 97, 98]
		}
	]
}