{
	"credit": "Made with Blockbench",
	"textures": {
		"Voxel-68450F": "item/voxel-68450f",
		"Voxel-FF0000": "item/voxel-ff0000",
		"particle": "item/particle"
	},
	"elements": [
		{
			"name": "Voxel-68450F",
			"from": [6, -8, 7],
			"to": [11, -6, 10],
			"faces": {
				"north": {"uv": [0, 0, 16, 16], "texture": "#Voxel-68450F"},
				"east": {"uv": [0, 0, 16, 16], "texture": "#Voxel-68450F"},
				"south": {"uv": [0, 0, 16, 16], "texture": "#Voxel-68450F"},
				"west": {"uv": [0, 0, 16, 16], "texture": "#Voxel-68450F"},
				"up": {"uv": [0, 0, 16, 16], "texture": "#Voxel-68450F"},
				"down": {"uv": [0, 0, 16, 16], "texture": "#Voxel-68450F"}
			}
		},
		{
			"name": "Voxel-68450F",
			"from": [7, -8, 6],
			"to": [10, -6, 7],
			"faces": {
				"north": {"uv": [0, 0, 16, 16], "texture": "#Voxel-68450F"},
				"east": {"uv": [0, 0, 16, 16], "texture": "#Voxel-68450F"},
				"south": {"uv": [0, 0, 16, 16], "texture": "#Voxel-68450F"},
				"west": {"uv": [0, 0, 16, 16], "texture": "#Voxel-68450F"},
				"up": {"uv": [0, 0, 16, 16], "texture": "#Voxel-68450F"},
				"down": {"uv": [0, 0, 16, 16], "texture": "#Voxel-68450F"}
			}
		},
		{
			"name": "Voxel-68450F",
			"from": [7, -8, 10],
			"to": [10, -6, 11],
			"faces": {
				"north": {"uv": [0, 0, 16, 16], "texture": "#Voxel-68450F"},
				"east": {"uv": [0, 0, 16, 16], "texture": "#Voxel-68450F"},
				"south": {"uv": [0, 0, 16, 16], "texture": "#Voxel-68450F"},
				"west": {"uv": [0, 0, 16, 16], "texture": "#Voxel-68450F"},
				"up": {"uv": [0, 0, 16, 16], "texture": "#Voxel-68450F"},
				"down": {"uv": [0, 0, 16, 16], "texture": "#Voxel-68450F"}
			}
		},
		{
			"name": "Voxel-68450F",
			"from": [7, -6, 7],
			"to": [8, -5, 10],
			"faces": {
				"north": {"uv": [0, 0, 16, 16], "texture": "#Voxel-68450F"},
				"east": {"uv": [0, 0, 16, 16], "texture": "#Voxel-68450F"},
				"south": {"uv": [0, 0, 16, 16], "texture": "#Voxel-68450F"},
				"west": {"uv": [0, 0, 16, 16], "texture": "#Voxel-68450F"},
				"up": {"uv": [0, 0, 16, 16], "texture": "#Voxel-68450F"},
				"down": {"uv": [0, 0, 16, 16], "texture": "#Voxel-68450F"}
			}
		},
		{
			"name": "Voxel-68450F",
			"from": [8, -6, 6],
			"to": [9, -5, 11],
			"faces": {
				"north": {"uv": [0, 0, 16, 16], "texture": "#Voxel-68450F"},
				"east": {"uv": [0, 0, 16, 16], "texture": "#Voxel-68450F"},
				"south": {"uv": [0, 0, 16, 16], "texture": "#Voxel-68450F"},
				"west": {"uv": [0, 0, 16, 16], "texture": "#Voxel-68450F"},
				"up": {"uv": [0, 0, 16, 16], "texture": "#Voxel-68450F"},
				"down": {"uv": [0, 0, 16, 16], "texture": "#Voxel-68450F"}
			}
		},
		{
			"name": "Voxel-68450F",
			"from": [9, -6, 7],
			"to": [10, -5, 10],
			"faces": {
				"north": {"uv": [0, 0, 16, 16], "texture": "#Voxel-68450F"},
				"east": {"uv": [0, 0, 16, 16], "texture": "#Voxel-68450F"},
				"south": {"uv": [0, 0, 16, 16], "texture": "#Voxel-68450F"},
				"west": {"uv": [0, 0, 16, 16], "texture": "#Voxel-68450F"},
				"up": {"uv": [0, 0, 16, 16], "texture": "#Voxel-68450F"},
				"down": {"uv": [0, 0, 16, 16], "texture": "#Voxel-68450F"}
			}
		},
		{
			"name": "Voxel-68450F",
			"from": [10, -6, 8],
			"to": [11, -5, 9],
			"faces": {
				"north": {"uv": [0, 0, 16, 16], "texture": "#Voxel-68450F"},
				"east": {"uv": [0, 0, 16, 16], "texture": "#Voxel-68450F"},
				"south": {"uv": [0, 0, 16, 16], "texture": "#Voxel-68450F"},
				"west": {"uv": [0, 0, 16, 16], "texture": "#Voxel-68450F"},
				"up": {"uv": [0, 0, 16, 16], "texture": "#Voxel-68450F"},
				"down": {"uv": [0, 0, 16, 16], "texture": "#Voxel-68450F"}
			}
		},
		{
			"name": "Voxel-68450F",
			"from": [6, -6, 8],
			"to": [7, -5, 9],
			"faces": {
				"north": {"uv": [0, 0, 16, 16], "texture": "#Voxel-68450F"},
				"east": {"uv": [0, 0, 16, 16], "texture": "#Voxel-68450F"},
				"south": {"uv": [0, 0, 16, 16], "texture": "#Voxel-68450F"},
				"west": {"uv": [0, 0, 16, 16], "texture": "#Voxel-68450F"},
				"up": {"uv": [0, 0, 16, 16], "texture": "#Voxel-68450F"},
				"down": {"uv": [0, 0, 16, 16], "texture": "#Voxel-68450F"}
			}
		},
		{
			"name": "Voxel-68450F",
			"from": [7, -6, 7],
			"to": [8, -3, 8],
			"faces": {
				"north": {"uv": [0, 0, 16, 16], "texture": "#Voxel-68450F"},
				"east": {"uv": [0, 0, 16, 16], "texture": "#Voxel-68450F"},
				"south": {"uv": [0, 0, 16, 16], "texture": "#Voxel-68450F"},
				"west": {"uv": [0, 0, 16, 16], "texture": "#Voxel-68450F"},
				"up": {"uv": [0, 0, 16, 16], "texture": "#Voxel-68450F"},
				"down": {"uv": [0, 0, 16, 16], "texture": "#Voxel-68450F"}
			}
		},
		{
			"name": "Voxel-68450F",
			"from": [6, -4, 8],
			"to": [7, -2, 9],
			"faces": {
				"north": {"uv": [0, 0, 16, 16], "texture": "#Voxel-68450F"},
				"east": {"uv": [0, 0, 16, 16], "texture": "#Voxel-68450F"},
				"south": {"uv": [0, 0, 16, 16], "texture": "#Voxel-68450F"},
				"west": {"uv": [0, 0, 16, 16], "texture": "#Voxel-68450F"},
				"up": {"uv": [0, 0, 16, 16], "texture": "#Voxel-68450F"},
				"down": {"uv": [0, 0, 16, 16], "texture": "#Voxel-68450F"}
			}
		},
		{
			"name": "Voxel-68450F",
			"from": [7, -3, 9],
			"to": [8, -1, 10],
			"faces": {
				"north": {"uv": [0, 0, 16, 16], "texture": "#Voxel-68450F"},
				"east": {"uv": [0, 0, 16, 16], "texture": "#Voxel-68450F"},
				"south": {"uv": [0, 0, 16, 16], "texture": "#Voxel-68450F"},
				"west": {"uv": [0, 0, 16, 16], "texture": "#Voxel-68450F"},
				"up": {"uv": [0, 0, 16, 16], "texture": "#Voxel-68450F"},
				"down": {"uv": [0, 0, 16, 16], "texture": "#Voxel-68450F"}
			}
		},
		{
			"name": "Voxel-68450F",
			"from": [8, -2, 10],
			"to": [9, 0, 11],
			"faces": {
				"north": {"uv": [0, 0, 16, 16], "texture": "#Voxel-68450F"},
				"east": {"uv": [0, 0, 16, 16], "texture": "#Voxel-68450F"},
				"south": {"uv": [0, 0, 16, 16], "texture": "#Voxel-68450F"},
				"west": {"uv": [0, 0, 16, 16], "texture": "#Voxel-68450F"},
				"up": {"uv": [0, 0, 16, 16], "texture": "#Voxel-68450F"},
				"down": {"uv": [0, 0, 16, 16], "texture": "#Voxel-68450F"}
			}
		},
		{
			"name": "Voxel-68450F",
			"from": [9, -1, 9],
			"to": [10, 1, 10],
			"faces": {
				"north": {"uv": [0, 0, 16, 16], "texture": "#Voxel-68450F"},
				"east": {"uv": [0, 0, 16, 16], "texture": "#Voxel-68450F"},
				"south": {"uv": [0, 0, 16, 16], "texture": "#Voxel-68450F"},
				"west": {"uv": [0, 0, 16, 16], "texture": "#Voxel-68450F"},
				"up": {"uv": [0, 0, 16, 16], "texture": "#Voxel-68450F"},
				"down": {"uv": [0, 0, 16, 16], "texture": "#Voxel-68450F"}
			}
		},
		{
			"name": "Voxel-68450F",
			"from": [10, 0, 8],
			"to": [11, 2, 9],
			"faces": {
				"north": {"uv": [0, 0, 16, 16], "texture": "#Voxel-68450F"},
				"east": {"uv": [0, 0, 16, 16], "texture": "#Voxel-68450F"},
				"south": {"uv": [0, 0, 16, 16], "texture": "#Voxel-68450F"},
				"west": {"uv": [0, 0, 16, 16], "texture": "#Voxel-68450F"},
				"up": {"uv": [0, 0, 16, 16], "texture": "#Voxel-68450F"},
				"down": {"uv": [0, 0, 16, 16], "texture": "#Voxel-68450F"}
			}
		},
		{
			"name": "Voxel-68450F",
			"from": [8, 2, 6],
			"to": [9, 4, 7],
			"faces": {
				"north": {"uv": [0, 0, 16, 16], "texture": "#Voxel-68450F"},
				"east": {"uv": [0, 0, 16, 16], "texture": "#Voxel-68450F"},
				"south": {"uv": [0, 0, 16, 16], "texture": "#Voxel-68450F"},
				"west": {"uv": [0, 0, 16, 16], "texture": "#Voxel-68450F"},
				"up": {"uv": [0, 0, 16, 16], "texture": "#Voxel-68450F"},
				"down": {"uv": [0, 0, 16, 16], "texture": "#Voxel-68450F"}
			}
		},
		{
			"name": "Voxel-68450F",
			"from": [9, 1, 7],
			"to": [10, 3, 8],
			"faces": {
				"north": {"uv": [0, 0, 16, 16], "texture": "#Voxel-68450F"},
				"east": {"uv": [0, 0, 16, 16], "texture": "#Voxel-68450F"},
				"south": {"uv": [0, 0, 16, 16], "texture": "#Voxel-68450F"},
				"west": {"uv": [0, 0, 16, 16], "texture": "#Voxel-68450F"},
				"up": {"uv": [0, 0, 16, 16], "texture": "#Voxel-68450F"},
				"down": {"uv": [0, 0, 16, 16], "texture": "#Voxel-68450F"}
			}
		},
		{
			"name": "Voxel-68450F",
			"from": [7, 3, 7],
			"to": [8, 5, 8],
			"faces": {
				"north": {"uv": [0, 0, 16, 16], "texture": "#Voxel-68450F"},
				"east": {"uv": [0, 0, 16, 16], "texture": "#Voxel-68450F"},
				"south": {"uv": [0, 0, 16, 16], "texture": "#Voxel-68450F"},
				"west": {"uv": [0, 0, 16, 16], "texture": "#Voxel-68450F"},
				"up": {"uv": [0, 0, 16, 16], "texture": "#Voxel-68450F"},
				"down": {"uv": [0, 0, 16, 16], "texture": "#Voxel-68450F"}
			}
		},
		{
			"name": "Voxel-68450F",
			"from": [6, 4, 8],
			"to": [7, 6, 9],
			"faces": {
				"north": {"uv": [0, 0, 16, 16], "texture": "#Voxel-68450F"},
				"east": {"uv": [0, 0, 16, 16], "texture": "#Voxel-68450F"},
				"south": {"uv": [0, 0, 16, 16], "texture": "#Voxel-68450F"},
				"west": {"uv": [0, 0, 16, 16], "texture": "#Voxel-68450F"},
				"up": {"uv": [0, 0, 16, 16], "texture": "#Voxel-68450F"},
				"down": {"uv": [0, 0, 16, 16], "texture": "#Voxel-68450F"}
			}
		},
		{
			"name": "Voxel-68450F",
			"from": [7, 5, 9],
			"to": [8, 7, 10],
			"faces": {
				"north": {"uv": [0, 0, 16, 16], "texture": "#Voxel-68450F"},
				"east": {"uv": [0, 0, 16, 16], "texture": "#Voxel-68450F"},
				"south": {"uv": [0, 0, 16, 16], "texture": "#Voxel-68450F"},
				"west": {"uv": [0, 0, 16, 16], "texture": "#Voxel-68450F"},
				"up": {"uv": [0, 0, 16, 16], "texture": "#Voxel-68450F"},
				"down": {"uv": [0, 0, 16, 16], "texture": "#Voxel-68450F"}
			}
		},
		{
			"name": "Voxel-68450F",
			"from": [8, 6, 10],
			"to": [9, 8, 11],
			"faces": {
				"north": {"uv": [0, 0, 16, 16], "texture": "#Voxel-68450F"},
				"east": {"uv": [0, 0, 16, 16], "texture": "#Voxel-68450F"},
				"south": {"uv": [0, 0, 16, 16], "texture": "#Voxel-68450F"},
				"west": {"uv": [0, 0, 16, 16], "texture": "#Voxel-68450F"},
				"up": {"uv": [0, 0, 16, 16], "texture": "#Voxel-68450F"},
				"down": {"uv": [0, 0, 16, 16], "texture": "#Voxel-68450F"}
			}
		},
		{
			"name": "Voxel-68450F",
			"from": [9, 7, 9],
			"to": [10, 9, 10],
			"faces": {
				"north": {"uv": [0, 0, 16, 16], "texture": "#Voxel-68450F"},
				"east": {"uv": [0, 0, 16, 16], "texture": "#Voxel-68450F"},
				"south": {"uv": [0, 0, 16, 16], "texture": "#Voxel-68450F"},
				"west": {"uv": [0, 0, 16, 16], "texture": "#Voxel-68450F"},
				"up": {"uv": [0, 0, 16, 16], "texture": "#Voxel-68450F"},
				"down": {"uv": [0, 0, 16, 16], "texture": "#Voxel-68450F"}
			}
		},
		{
			"name": "Voxel-68450F",
			"from": [10, 8, 8],
			"to": [11, 10, 9],
			"faces": {
				"north": {"uv": [0, 0, 16, 16], "texture": "#Voxel-68450F"},
				"east": {"uv": [0, 0, 16, 16], "texture": "#Voxel-68450F"},
				"south": {"uv": [0, 0, 16, 16], "texture": "#Voxel-68450F"},
				"west": {"uv": [0, 0, 16, 16], "texture": "#Voxel-68450F"},
				"up": {"uv": [0, 0, 16, 16], "texture": "#Voxel-68450F"},
				"down": {"uv": [0, 0, 16, 16], "texture": "#Voxel-68450F"}
			}
		},
		{
			"name": "Voxel-68450F",
			"from": [9, 9, 7],
			"to": [10, 11, 8],
			"faces": {
				"north": {"uv": [0, 0, 16, 16], "texture": "#Voxel-68450F"},
				"east": {"uv": [0, 0, 16, 16], "texture": "#Voxel-68450F"},
				"south": {"uv": [0, 0, 16, 16], "texture": "#Voxel-68450F"},
				"west": {"uv": [0, 0, 16, 16], "texture": "#Voxel-68450F"},
				"up": {"uv": [0, 0, 16, 16], "texture": "#Voxel-68450F"},
				"down": {"uv": [0, 0, 16, 16], "texture": "#Voxel-68450F"}
			}
		},
		{
			"name": "Voxel-68450F",
			"from": [8, 10, 6],
			"to": [9, 12, 7],
			"faces": {
				"north": {"uv": [0, 0, 16, 16], "texture": "#Voxel-68450F"},
				"east": {"uv": [0, 0, 16, 16], "texture": "#Voxel-68450F"},
				"south": {"uv": [0, 0, 16, 16], "texture": "#Voxel-68450F"},
				"west": {"uv": [0, 0, 16, 16], "texture": "#Voxel-68450F"},
				"up": {"uv": [0, 0, 16, 16], "texture": "#Voxel-68450F"},
				"down": {"uv": [0, 0, 16, 16], "texture": "#Voxel-68450F"}
			}
		},
		{
			"name": "Voxel-68450F",
			"from": [7, 11, 7],
			"to": [8, 13, 8],
			"faces": {
				"north": {"uv": [0, 0, 16, 16], "texture": "#Voxel-68450F"},
				"east": {"uv": [0, 0, 16, 16], "texture": "#Voxel-68450F"},
				"south": {"uv": [0, 0, 16, 16], "texture": "#Voxel-68450F"},
				"west": {"uv": [0, 0, 16, 16], "texture": "#Voxel-68450F"},
				"up": {"uv": [0, 0, 16, 16], "texture": "#Voxel-68450F"},
				"down": {"uv": [0, 0, 16, 16], "texture": "#Voxel-68450F"}
			}
		},
		{
			"name": "Voxel-68450F",
			"from": [6, 12, 8],
			"to": [7, 14, 9],
			"faces": {
				"north": {"uv": [0, 0, 16, 16], "texture": "#Voxel-68450F"},
				"east": {"uv": [0, 0, 16, 16], "texture": "#Voxel-68450F"},
				"south": {"uv": [0, 0, 16, 16], "texture": "#Voxel-68450F"},
				"west": {"uv": [0, 0, 16, 16], "texture": "#Voxel-68450F"},
				"up": {"uv": [0, 0, 16, 16], "texture": "#Voxel-68450F"},
				"down": {"uv": [0, 0, 16, 16], "texture": "#Voxel-68450F"}
			}
		},
		{
			"name": "Voxel-68450F",
			"from": [7, 13, 9],
			"to": [8, 15, 10],
			"faces": {
				"north": {"uv": [0, 0, 16, 16], "texture": "#Voxel-68450F"},
				"east": {"uv": [0, 0, 16, 16], "texture": "#Voxel-68450F"},
				"south": {"uv": [0, 0, 16, 16], "texture": "#Voxel-68450F"},
				"west": {"uv": [0, 0, 16, 16], "texture": "#Voxel-68450F"},
				"up": {"uv": [0, 0, 16, 16], "texture": "#Voxel-68450F"},
				"down": {"uv": [0, 0, 16, 16], "texture": "#Voxel-68450F"}
			}
		},
		{
			"name": "Voxel-68450F",
			"from": [8, 14, 10],
			"to": [9, 16, 11],
			"faces": {
				"north": {"uv": [0, 0, 16, 16], "texture": "#Voxel-68450F"},
				"east": {"uv": [0, 0, 16, 16], "texture": "#Voxel-68450F"},
				"south": {"uv": [0, 0, 16, 16], "texture": "#Voxel-68450F"},
				"west": {"uv": [0, 0, 16, 16], "texture": "#Voxel-68450F"},
				"up": {"uv": [0, 0, 16, 16], "texture": "#Voxel-68450F"},
				"down": {"uv": [0, 0, 16, 16], "texture": "#Voxel-68450F"}
			}
		},
		{
			"name": "Voxel-68450F",
			"from": [9, 15, 9],
			"to": [10, 17, 10],
			"faces": {
				"north": {"uv": [0, 0, 16, 16], "texture": "#Voxel-68450F"},
				"east": {"uv": [0, 0, 16, 16], "texture": "#Voxel-68450F"},
				"south": {"uv": [0, 0, 16, 16], "texture": "#Voxel-68450F"},
				"west": {"uv": [0, 0, 16, 16], "texture": "#Voxel-68450F"},
				"up": {"uv": [0, 0, 16, 16], "texture": "#Voxel-68450F"},
				"down": {"uv": [0, 0, 16, 16], "texture": "#Voxel-68450F"}
			}
		},
		{
			"name": "Voxel-68450F",
			"from": [10, 16, 8],
			"to": [11, 18, 9],
			"faces": {
				"north": {"uv": [0, 0, 16, 16], "texture": "#Voxel-68450F"},
				"east": {"uv": [0, 0, 16, 16], "texture": "#Voxel-68450F"},
				"south": {"uv": [0, 0, 16, 16], "texture": "#Voxel-68450F"},
				"west": {"uv": [0, 0, 16, 16], "texture": "#Voxel-68450F"},
				"up": {"uv": [0, 0, 16, 16], "texture": "#Voxel-68450F"},
				"down": {"uv": [0, 0, 16, 16], "texture": "#Voxel-68450F"}
			}
		},
		{
			"name": "Voxel-68450F",
			"from": [9, 17, 7],
			"to": [10, 19, 8],
			"faces": {
				"north": {"uv": [0, 0, 16, 16], "texture": "#Voxel-68450F"},
				"east": {"uv": [0, 0, 16, 16], "texture": "#Voxel-68450F"},
				"south": {"uv": [0, 0, 16, 16], "texture": "#Voxel-68450F"},
				"west": {"uv": [0, 0, 16, 16], "texture": "#Voxel-68450F"},
				"up": {"uv": [0, 0, 16, 16], "texture": "#Voxel-68450F"},
				"down": {"uv": [0, 0, 16, 16], "texture": "#Voxel-68450F"}
			}
		},
		{
			"name": "Voxel-68450F",
			"from": [8, -5, 7],
			"to": [9, 19, 10],
			"faces": {
				"north": {"uv": [0, 0, 16, 16], "texture": "#Voxel-68450F"},
				"east": {"uv": [0, 0, 16, 16], "texture": "#Voxel-68450F"},
				"south": {"uv": [0, 0, 16, 16], "texture": "#Voxel-68450F"},
				"west": {"uv": [0, 0, 16, 16], "texture": "#Voxel-68450F"},
				"up": {"uv": [0, 0, 16, 16], "texture": "#Voxel-68450F"},
				"down": {"uv": [0, 0, 16, 16], "texture": "#Voxel-68450F"}
			}
		},
		{
			"name": "Voxel-68450F",
			"from": [7, -5, 8],
			"to": [8, 19, 9],
			"faces": {
				"north": {"uv": [0, 0, 16, 16], "texture": "#Voxel-68450F"},
				"east": {"uv": [0, 0, 16, 16], "texture": "#Voxel-68450F"},
				"south": {"uv": [0, 0, 16, 16], "texture": "#Voxel-68450F"},
				"west": {"uv": [0, 0, 16, 16], "texture": "#Voxel-68450F"},
				"up": {"uv": [0, 0, 16, 16], "texture": "#Voxel-68450F"},
				"down": {"uv": [0, 0, 16, 16], "texture": "#Voxel-68450F"}
			}
		},
		{
			"name": "Voxel-68450F",
			"from": [9, -5, 8],
			"to": [10, 19, 9],
			"faces": {
				"north": {"uv": [0, 0, 16, 16], "texture": "#Voxel-68450F"},
				"east": {"uv": [0, 0, 16, 16], "texture": "#Voxel-68450F"},
				"south": {"uv": [0, 0, 16, 16], "texture": "#Voxel-68450F"},
				"west": {"uv": [0, 0, 16, 16], "texture": "#Voxel-68450F"},
				"up": {"uv": [0, 0, 16, 16], "texture": "#Voxel-68450F"},
				"down": {"uv": [0, 0, 16, 16], "texture": "#Voxel-68450F"}
			}
		},
		{
			"name": "Voxel-68450F",
			"from": [6, 19, 7],
			"to": [11, 20, 10],
			"faces": {
				"north": {"uv": [0, 0, 16, 16], "texture": "#Voxel-68450F"},
				"east": {"uv": [0, 0, 16, 16], "texture": "#Voxel-68450F"},
				"south": {"uv": [0, 0, 16, 16], "texture": "#Voxel-68450F"},
				"west": {"uv": [0, 0, 16, 16], "texture": "#Voxel-68450F"},
				"up": {"uv": [0, 0, 16, 16], "texture": "#Voxel-68450F"},
				"down": {"uv": [0, 0, 16, 16], "texture": "#Voxel-68450F"}
			}
		},
		{
			"name": "Voxel-68450F",
			"from": [7, 19, 6],
			"to": [10, 20, 7],
			"faces": {
				"north": {"uv": [0, 0, 16, 16], "texture": "#Voxel-68450F"},
				"east": {"uv": [0, 0, 16, 16], "texture": "#Voxel-68450F"},
				"south": {"uv": [0, 0, 16, 16], "texture": "#Voxel-68450F"},
				"west": {"uv": [0, 0, 16, 16], "texture": "#Voxel-68450F"},
				"up": {"uv": [0, 0, 16, 16], "texture": "#Voxel-68450F"},
				"down": {"uv": [0, 0, 16, 16], "texture": "#Voxel-68450F"}
			}
		},
		{
			"name": "Voxel-68450F",
			"from": [7, 19, 10],
			"to": [10, 20, 11],
			"faces": {
				"north": {"uv": [0, 0, 16, 16], "texture": "#Voxel-68450F"},
				"east": {"uv": [0, 0, 16, 16], "texture": "#Voxel-68450F"},
				"south": {"uv": [0, 0, 16, 16], "texture": "#Voxel-68450F"},
				"west": {"uv": [0, 0, 16, 16], "texture": "#Voxel-68450F"},
				"up": {"uv": [0, 0, 16, 16], "texture": "#Voxel-68450F"},
				"down": {"uv": [0, 0, 16, 16], "texture": "#Voxel-68450F"}
			}
		},
		{
			"name": "Voxel-68450F",
			"from": [4, 19, 8],
			"to": [6, 20, 9],
			"faces": {
				"north": {"uv": [0, 0, 16, 16], "texture": "#Voxel-68450F"},
				"east": {"uv": [0, 0, 16, 16], "texture": "#Voxel-68450F"},
				"south": {"uv": [0, 0, 16, 16], "texture": "#Voxel-68450F"},
				"west": {"uv": [0, 0, 16, 16], "texture": "#Voxel-68450F"},
				"up": {"uv": [0, 0, 16, 16], "texture": "#Voxel-68450F"},
				"down": {"uv": [0, 0, 16, 16], "texture": "#Voxel-68450F"}
			}
		},
		{
			"name": "Voxel-68450F",
			"from": [11, 19, 8],
			"to": [13, 20, 9],
			"faces": {
				"north": {"uv": [0, 0, 16, 16], "texture": "#Voxel-68450F"},
				"east": {"uv": [0, 0, 16, 16], "texture": "#Voxel-68450F"},
				"south": {"uv": [0, 0, 16, 16], "texture": "#Voxel-68450F"},
				"west": {"uv": [0, 0, 16, 16], "texture": "#Voxel-68450F"},
				"up": {"uv": [0, 0, 16, 16], "texture": "#Voxel-68450F"},
				"down": {"uv": [0, 0, 16, 16], "texture": "#Voxel-68450F"}
			}
		},
		{
			"name": "Voxel-68450F",
			"from": [8, 19, 4],
			"to": [9, 20, 6],
			"faces": {
				"north": {"uv": [0, 0, 16, 16], "texture": "#Voxel-68450F"},
				"east": {"uv": [0, 0, 16, 16], "texture": "#Voxel-68450F"},
				"south": {"uv": [0, 0, 16, 16], "texture": "#Voxel-68450F"},
				"west": {"uv": [0, 0, 16, 16], "texture": "#Voxel-68450F"},
				"up": {"uv": [0, 0, 16, 16], "texture": "#Voxel-68450F"},
				"down": {"uv": [0, 0, 16, 16], "texture": "#Voxel-68450F"}
			}
		},
		{
			"name": "Voxel-68450F",
			"from": [8, 19, 11],
			"to": [9, 20, 13],
			"faces": {
				"north": {"uv": [0, 0, 16, 16], "texture": "#Voxel-68450F"},
				"east": {"uv": [0, 0, 16, 16], "texture": "#Voxel-68450F"},
				"south": {"uv": [0, 0, 16, 16], "texture": "#Voxel-68450F"},
				"west": {"uv": [0, 0, 16, 16], "texture": "#Voxel-68450F"},
				"up": {"uv": [0, 0, 16, 16], "texture": "#Voxel-68450F"},
				"down": {"uv": [0, 0, 16, 16], "texture": "#Voxel-68450F"}
			}
		},
		{
			"name": "Voxel-68450F",
			"from": [7, 20, 11],
			"to": [10, 21, 13],
			"faces": {
				"north": {"uv": [0, 0, 16, 16], "texture": "#Voxel-68450F"},
				"east": {"uv": [0, 0, 16, 16], "texture": "#Voxel-68450F"},
				"south": {"uv": [0, 0, 16, 16], "texture": "#Voxel-68450F"},
				"west": {"uv": [0, 0, 16, 16], "texture": "#Voxel-68450F"},
				"up": {"uv": [0, 0, 16, 16], "texture": "#Voxel-68450F"},
				"down": {"uv": [0, 0, 16, 16], "texture": "#Voxel-68450F"}
			}
		},
		{
			"name": "Voxel-68450F",
			"from": [7, 20, 4],
			"to": [10, 21, 6],
			"faces": {
				"north": {"uv": [0, 0, 16, 16], "texture": "#Voxel-68450F"},
				"east": {"uv": [0, 0, 16, 16], "texture": "#Voxel-68450F"},
				"south": {"uv": [0, 0, 16, 16], "texture": "#Voxel-68450F"},
				"west": {"uv": [0, 0, 16, 16], "texture": "#Voxel-68450F"},
				"up": {"uv": [0, 0, 16, 16], "texture": "#Voxel-68450F"},
				"down": {"uv": [0, 0, 16, 16], "texture": "#Voxel-68450F"}
			}
		},
		{
			"name": "Voxel-68450F",
			"from": [4, 20, 7],
			"to": [6, 21, 10],
			"faces": {
				"north": {"uv": [0, 0, 16, 16], "texture": "#Voxel-68450F"},
				"east": {"uv": [0, 0, 16, 16], "texture": "#Voxel-68450F"},
				"south": {"uv": [0, 0, 16, 16], "texture": "#Voxel-68450F"},
				"west": {"uv": [0, 0, 16, 16], "texture": "#Voxel-68450F"},
				"up": {"uv": [0, 0, 16, 16], "texture": "#Voxel-68450F"},
				"down": {"uv": [0, 0, 16, 16], "texture": "#Voxel-68450F"}
			}
		},
		{
			"name": "Voxel-68450F",
			"from": [11, 20, 7],
			"to": [13, 21, 10],
			"faces": {
				"north": {"uv": [0, 0, 16, 16], "texture": "#Voxel-68450F"},
				"east": {"uv": [0, 0, 16, 16], "texture": "#Voxel-68450F"},
				"south": {"uv": [0, 0, 16, 16], "texture": "#Voxel-68450F"},
				"west": {"uv": [0, 0, 16, 16], "texture": "#Voxel-68450F"},
				"up": {"uv": [0, 0, 16, 16], "texture": "#Voxel-68450F"},
				"down": {"uv": [0, 0, 16, 16], "texture": "#Voxel-68450F"}
			}
		},
		{
			"name": "Voxel-68450F",
			"from": [7, 21, 4],
			"to": [10, 22, 5],
			"faces": {
				"north": {"uv": [0, 0, 16, 16], "texture": "#Voxel-68450F"},
				"east": {"uv": [0, 0, 16, 16], "texture": "#Voxel-68450F"},
				"south": {"uv": [0, 0, 16, 16], "texture": "#Voxel-68450F"},
				"west": {"uv": [0, 0, 16, 16], "texture": "#Voxel-68450F"},
				"up": {"uv": [0, 0, 16, 16], "texture": "#Voxel-68450F"},
				"down": {"uv": [0, 0, 16, 16], "texture": "#Voxel-68450F"}
			}
		},
		{
			"name": "Voxel-68450F",
			"from": [7, 21, 12],
			"to": [10, 22, 13],
			"faces": {
				"north": {"uv": [0, 0, 16, 16], "texture": "#Voxel-68450F"},
				"east": {"uv": [0, 0, 16, 16], "texture": "#Voxel-68450F"},
				"south": {"uv": [0, 0, 16, 16], "texture": "#Voxel-68450F"},
				"west": {"uv": [0, 0, 16, 16], "texture": "#Voxel-68450F"},
				"up": {"uv": [0, 0, 16, 16], "texture": "#Voxel-68450F"},
				"down": {"uv": [0, 0, 16, 16], "texture": "#Voxel-68450F"}
			}
		},
		{
			"name": "Voxel-68450F",
			"from": [8, 20, 3],
			"to": [9, 22, 4],
			"faces": {
				"north": {"uv": [0, 0, 16, 16], "texture": "#Voxel-68450F"},
				"east": {"uv": [0, 0, 16, 16], "texture": "#Voxel-68450F"},
				"south": {"uv": [0, 0, 16, 16], "texture": "#Voxel-68450F"},
				"west": {"uv": [0, 0, 16, 16], "texture": "#Voxel-68450F"},
				"up": {"uv": [0, 0, 16, 16], "texture": "#Voxel-68450F"},
				"down": {"uv": [0, 0, 16, 16], "texture": "#Voxel-68450F"}
			}
		},
		{
			"name": "Voxel-68450F",
			"from": [13, 20, 8],
			"to": [14, 22, 9],
			"faces": {
				"north": {"uv": [0, 0, 16, 16], "texture": "#Voxel-68450F"},
				"east": {"uv": [0, 0, 16, 16], "texture": "#Voxel-68450F"},
				"south": {"uv": [0, 0, 16, 16], "texture": "#Voxel-68450F"},
				"west": {"uv": [0, 0, 16, 16], "texture": "#Voxel-68450F"},
				"up": {"uv": [0, 0, 16, 16], "texture": "#Voxel-68450F"},
				"down": {"uv": [0, 0, 16, 16], "texture": "#Voxel-68450F"}
			}
		},
		{
			"name": "Voxel-68450F",
			"from": [3, 20, 8],
			"to": [4, 22, 9],
			"faces": {
				"north": {"uv": [0, 0, 16, 16], "texture": "#Voxel-68450F"},
				"east": {"uv": [0, 0, 16, 16], "texture": "#Voxel-68450F"},
				"south": {"uv": [0, 0, 16, 16], "texture": "#Voxel-68450F"},
				"west": {"uv": [0, 0, 16, 16], "texture": "#Voxel-68450F"},
				"up": {"uv": [0, 0, 16, 16], "texture": "#Voxel-68450F"},
				"down": {"uv": [0, 0, 16, 16], "texture": "#Voxel-68450F"}
			}
		},
		{
			"name": "Voxel-68450F",
			"from": [8, 20, 13],
			"to": [9, 22, 14],
			"faces": {
				"north": {"uv": [0, 0, 16, 16], "texture": "#Voxel-68450F"},
				"east": {"uv": [0, 0, 16, 16], "texture": "#Voxel-68450F"},
				"south": {"uv": [0, 0, 16, 16], "texture": "#Voxel-68450F"},
				"west": {"uv": [0, 0, 16, 16], "texture": "#Voxel-68450F"},
				"up": {"uv": [0, 0, 16, 16], "texture": "#Voxel-68450F"},
				"down": {"uv": [0, 0, 16, 16], "texture": "#Voxel-68450F"}
			}
		},
		{
			"name": "Voxel-68450F",
			"from": [7, 22, 13],
			"to": [10, 27, 14],
			"faces": {
				"north": {"uv": [0, 0, 16, 16], "texture": "#Voxel-68450F"},
				"east": {"uv": [0, 0, 16, 16], "texture": "#Voxel-68450F"},
				"south": {"uv": [0, 0, 16, 16], "texture": "#Voxel-68450F"},
				"west": {"uv": [0, 0, 16, 16], "texture": "#Voxel-68450F"},
				"up": {"uv": [0, 0, 16, 16], "texture": "#Voxel-68450F"},
				"down": {"uv": [0, 0, 16, 16], "texture": "#Voxel-68450F"}
			}
		},
		{
			"name": "Voxel-68450F",
			"from": [7, 22, 3],
			"to": [10, 27, 4],
			"faces": {
				"north": {"uv": [0, 0, 16, 16], "texture": "#Voxel-68450F"},
				"east": {"uv": [0, 0, 16, 16], "texture": "#Voxel-68450F"},
				"south": {"uv": [0, 0, 16, 16], "texture": "#Voxel-68450F"},
				"west": {"uv": [0, 0, 16, 16], "texture": "#Voxel-68450F"},
				"up": {"uv": [0, 0, 16, 16], "texture": "#Voxel-68450F"},
				"down": {"uv": [0, 0, 16, 16], "texture": "#Voxel-68450F"}
			}
		},
		{
			"name": "Voxel-68450F",
			"from": [13, 22, 7],
			"to": [14, 27, 10],
			"faces": {
				"north": {"uv": [0, 0, 16, 16], "texture": "#Voxel-68450F"},
				"east": {"uv": [0, 0, 16, 16], "texture": "#Voxel-68450F"},
				"south": {"uv": [0, 0, 16, 16], "texture": "#Voxel-68450F"},
				"west": {"uv": [0, 0, 16, 16], "texture": "#Voxel-68450F"},
				"up": {"uv": [0, 0, 16, 16], "texture": "#Voxel-68450F"},
				"down": {"uv": [0, 0, 16, 16], "texture": "#Voxel-68450F"}
			}
		},
		{
			"name": "Voxel-68450F",
			"from": [3, 22, 7],
			"to": [4, 27, 10],
			"faces": {
				"north": {"uv": [0, 0, 16, 16], "texture": "#Voxel-68450F"},
				"east": {"uv": [0, 0, 16, 16], "texture": "#Voxel-68450F"},
				"south": {"uv": [0, 0, 16, 16], "texture": "#Voxel-68450F"},
				"west": {"uv": [0, 0, 16, 16], "texture": "#Voxel-68450F"},
				"up": {"uv": [0, 0, 16, 16], "texture": "#Voxel-68450F"},
				"down": {"uv": [0, 0, 16, 16], "texture": "#Voxel-68450F"}
			}
		},
		{
			"name": "Voxel-68450F",
			"from": [8, 27, 13],
			"to": [9, 29, 14],
			"faces": {
				"north": {"uv": [0, 0, 16, 16], "texture": "#Voxel-68450F"},
				"east": {"uv": [0, 0, 16, 16], "texture": "#Voxel-68450F"},
				"south": {"uv": [0, 0, 16, 16], "texture": "#Voxel-68450F"},
				"west": {"uv": [0, 0, 16, 16], "texture": "#Voxel-68450F"},
				"up": {"uv": [0, 0, 16, 16], "texture": "#Voxel-68450F"},
				"down": {"uv": [0, 0, 16, 16], "texture": "#Voxel-68450F"}
			}
		},
		{
			"name": "Voxel-68450F",
			"from": [3, 27, 8],
			"to": [4, 29, 9],
			"faces": {
				"north": {"uv": [0, 0, 16, 16], "texture": "#Voxel-68450F"},
				"east": {"uv": [0, 0, 16, 16], "texture": "#Voxel-68450F"},
				"south": {"uv": [0, 0, 16, 16], "texture": "#Voxel-68450F"},
				"west": {"uv": [0, 0, 16, 16], "texture": "#Voxel-68450F"},
				"up": {"uv": [0, 0, 16, 16], "texture": "#Voxel-68450F"},
				"down": {"uv": [0, 0, 16, 16], "texture": "#Voxel-68450F"}
			}
		},
		{
			"name": "Voxel-68450F",
			"from": [13, 27, 8],
			"to": [14, 29, 9],
			"faces": {
				"north": {"uv": [0, 0, 16, 16], "texture": "#Voxel-68450F"},
				"east": {"uv": [0, 0, 16, 16], "texture": "#Voxel-68450F"},
				"south": {"uv": [0, 0, 16, 16], "texture": "#Voxel-68450F"},
				"west": {"uv": [0, 0, 16, 16], "texture": "#Voxel-68450F"},
				"up": {"uv": [0, 0, 16, 16], "texture": "#Voxel-68450F"},
				"down": {"uv": [0, 0, 16, 16], "texture": "#Voxel-68450F"}
			}
		},
		{
			"name": "Voxel-68450F",
			"from": [8, 27, 3],
			"to": [9, 29, 4],
			"faces": {
				"north": {"uv": [0, 0, 16, 16], "texture": "#Voxel-68450F"},
				"east": {"uv": [0, 0, 16, 16], "texture": "#Voxel-68450F"},
				"south": {"uv": [0, 0, 16, 16], "texture": "#Voxel-68450F"},
				"west": {"uv": [0, 0, 16, 16], "texture": "#Voxel-68450F"},
				"up": {"uv": [0, 0, 16, 16], "texture": "#Voxel-68450F"},
				"down": {"uv": [0, 0, 16, 16], "texture": "#Voxel-68450F"}
			}
		},
		{
			"name": "Voxel-68450F",
			"from": [8, 29, 4],
			"to": [9, 30, 6],
			"faces": {
				"north": {"uv": [0, 0, 16, 16], "texture": "#Voxel-68450F"},
				"east": {"uv": [0, 0, 16, 16], "texture": "#Voxel-68450F"},
				"south": {"uv": [0, 0, 16, 16], "texture": "#Voxel-68450F"},
				"west": {"uv": [0, 0, 16, 16], "texture": "#Voxel-68450F"},
				"up": {"uv": [0, 0, 16, 16], "texture": "#Voxel-68450F"},
				"down": {"uv": [0, 0, 16, 16], "texture": "#Voxel-68450F"}
			}
		},
		{
			"name": "Voxel-68450F",
			"from": [8, 29, 11],
			"to": [9, 30, 13],
			"faces": {
				"north": {"uv": [0, 0, 16, 16], "texture": "#Voxel-68450F"},
				"east": {"uv": [0, 0, 16, 16], "texture": "#Voxel-68450F"},
				"south": {"uv": [0, 0, 16, 16], "texture": "#Voxel-68450F"},
				"west": {"uv": [0, 0, 16, 16], "texture": "#Voxel-68450F"},
				"up": {"uv": [0, 0, 16, 16], "texture": "#Voxel-68450F"},
				"down": {"uv": [0, 0, 16, 16], "texture": "#Voxel-68450F"}
			}
		},
		{
			"name": "Voxel-68450F",
			"from": [4, 29, 8],
			"to": [6, 30, 9],
			"faces": {
				"north": {"uv": [0, 0, 16, 16], "texture": "#Voxel-68450F"},
				"east": {"uv": [0, 0, 16, 16], "texture": "#Voxel-68450F"},
				"south": {"uv": [0, 0, 16, 16], "texture": "#Voxel-68450F"},
				"west": {"uv": [0, 0, 16, 16], "texture": "#Voxel-68450F"},
				"up": {"uv": [0, 0, 16, 16], "texture": "#Voxel-68450F"},
				"down": {"uv": [0, 0, 16, 16], "texture": "#Voxel-68450F"}
			}
		},
		{
			"name": "Voxel-68450F",
			"from": [11, 29, 8],
			"to": [13, 30, 9],
			"faces": {
				"north": {"uv": [0, 0, 16, 16], "texture": "#Voxel-68450F"},
				"east": {"uv": [0, 0, 16, 16], "texture": "#Voxel-68450F"},
				"south": {"uv": [0, 0, 16, 16], "texture": "#Voxel-68450F"},
				"west": {"uv": [0, 0, 16, 16], "texture": "#Voxel-68450F"},
				"up": {"uv": [0, 0, 16, 16], "texture": "#Voxel-68450F"},
				"down": {"uv": [0, 0, 16, 16], "texture": "#Voxel-68450F"}
			}
		},
		{
			"name": "Voxel-68450F",
			"from": [6, 29, 7],
			"to": [7, 30, 10],
			"faces": {
				"north": {"uv": [0, 0, 16, 16], "texture": "#Voxel-68450F"},
				"east": {"uv": [0, 0, 16, 16], "texture": "#Voxel-68450F"},
				"south": {"uv": [0, 0, 16, 16], "texture": "#Voxel-68450F"},
				"west": {"uv": [0, 0, 16, 16], "texture": "#Voxel-68450F"},
				"up": {"uv": [0, 0, 16, 16], "texture": "#Voxel-68450F"},
				"down": {"uv": [0, 0, 16, 16], "texture": "#Voxel-68450F"}
			}
		},
		{
			"name": "Voxel-68450F",
			"from": [10, 29, 7],
			"to": [11, 30, 10],
			"faces": {
				"north": {"uv": [0, 0, 16, 16], "texture": "#Voxel-68450F"},
				"east": {"uv": [0, 0, 16, 16], "texture": "#Voxel-68450F"},
				"south": {"uv": [0, 0, 16, 16], "texture": "#Voxel-68450F"},
				"west": {"uv": [0, 0, 16, 16], "texture": "#Voxel-68450F"},
				"up": {"uv": [0, 0, 16, 16], "texture": "#Voxel-68450F"},
				"down": {"uv": [0, 0, 16, 16], "texture": "#Voxel-68450F"}
			}
		},
		{
			"name": "Voxel-68450F",
			"from": [7, 29, 6],
			"to": [10, 30, 7],
			"faces": {
				"north": {"uv": [0, 0, 16, 16], "texture": "#Voxel-68450F"},
				"east": {"uv": [0, 0, 16, 16], "texture": "#Voxel-68450F"},
				"south": {"uv": [0, 0, 16, 16], "texture": "#Voxel-68450F"},
				"west": {"uv": [0, 0, 16, 16], "texture": "#Voxel-68450F"},
				"up": {"uv": [0, 0, 16, 16], "texture": "#Voxel-68450F"},
				"down": {"uv": [0, 0, 16, 16], "texture": "#Voxel-68450F"}
			}
		},
		{
			"name": "Voxel-68450F",
			"from": [7, 29, 10],
			"to": [10, 30, 11],
			"faces": {
				"north": {"uv": [0, 0, 16, 16], "texture": "#Voxel-68450F"},
				"east": {"uv": [0, 0, 16, 16], "texture": "#Voxel-68450F"},
				"south": {"uv": [0, 0, 16, 16], "texture": "#Voxel-68450F"},
				"west": {"uv": [0, 0, 16, 16], "texture": "#Voxel-68450F"},
				"up": {"uv": [0, 0, 16, 16], "texture": "#Voxel-68450F"},
				"down": {"uv": [0, 0, 16, 16], "texture": "#Voxel-68450F"}
			}
		},
		{
			"name": "Voxel-68450F",
			"from": [4, 27, 7],
			"to": [5, 28, 10],
			"faces": {
				"north": {"uv": [0, 0, 16, 16], "texture": "#Voxel-68450F"},
				"east": {"uv": [0, 0, 16, 16], "texture": "#Voxel-68450F"},
				"south": {"uv": [0, 0, 16, 16], "texture": "#Voxel-68450F"},
				"west": {"uv": [0, 0, 16, 16], "texture": "#Voxel-68450F"},
				"up": {"uv": [0, 0, 16, 16], "texture": "#Voxel-68450F"},
				"down": {"uv": [0, 0, 16, 16], "texture": "#Voxel-68450F"}
			}
		},
		{
			"name": "Voxel-68450F",
			"from": [12, 27, 7],
			"to": [13, 28, 10],
			"faces": {
				"north": {"uv": [0, 0, 16, 16], "texture": "#Voxel-68450F"},
				"east": {"uv": [0, 0, 16, 16], "texture": "#Voxel-68450F"},
				"south": {"uv": [0, 0, 16, 16], "texture": "#Voxel-68450F"},
				"west": {"uv": [0, 0, 16, 16], "texture": "#Voxel-68450F"},
				"up": {"uv": [0, 0, 16, 16], "texture": "#Voxel-68450F"},
				"down": {"uv": [0, 0, 16, 16], "texture": "#Voxel-68450F"}
			}
		},
		{
			"name": "Voxel-68450F",
			"from": [7, 27, 12],
			"to": [10, 28, 13],
			"faces": {
				"north": {"uv": [0, 0, 16, 16], "texture": "#Voxel-68450F"},
				"east": {"uv": [0, 0, 16, 16], "texture": "#Voxel-68450F"},
				"south": {"uv": [0, 0, 16, 16], "texture": "#Voxel-68450F"},
				"west": {"uv": [0, 0, 16, 16], "texture": "#Voxel-68450F"},
				"up": {"uv": [0, 0, 16, 16], "texture": "#Voxel-68450F"},
				"down": {"uv": [0, 0, 16, 16], "texture": "#Voxel-68450F"}
			}
		},
		{
			"name": "Voxel-68450F",
			"from": [7, 27, 4],
			"to": [10, 28, 5],
			"faces": {
				"north": {"uv": [0, 0, 16, 16], "texture": "#Voxel-68450F"},
				"east": {"uv": [0, 0, 16, 16], "texture": "#Voxel-68450F"},
				"south": {"uv": [0, 0, 16, 16], "texture": "#Voxel-68450F"},
				"west": {"uv": [0, 0, 16, 16], "texture": "#Voxel-68450F"},
				"up": {"uv": [0, 0, 16, 16], "texture": "#Voxel-68450F"},
				"down": {"uv": [0, 0, 16, 16], "texture": "#Voxel-68450F"}
			}
		},
		{
			"name": "Voxel-68450F",
			"from": [7, 28, 4],
			"to": [10, 29, 6],
			"faces": {
				"north": {"uv": [0, 0, 16, 16], "texture": "#Voxel-68450F"},
				"east": {"uv": [0, 0, 16, 16], "texture": "#Voxel-68450F"},
				"south": {"uv": [0, 0, 16, 16], "texture": "#Voxel-68450F"},
				"west": {"uv": [0, 0, 16, 16], "texture": "#Voxel-68450F"},
				"up": {"uv": [0, 0, 16, 16], "texture": "#Voxel-68450F"},
				"down": {"uv": [0, 0, 16, 16], "texture": "#Voxel-68450F"}
			}
		},
		{
			"name": "Voxel-68450F",
			"from": [7, 28, 11],
			"to": [10, 29, 13],
			"faces": {
				"north": {"uv": [0, 0, 16, 16], "texture": "#Voxel-68450F"},
				"east": {"uv": [0, 0, 16, 16], "texture": "#Voxel-68450F"},
				"south": {"uv": [0, 0, 16, 16], "texture": "#Voxel-68450F"},
				"west": {"uv": [0, 0, 16, 16], "texture": "#Voxel-68450F"},
				"up": {"uv": [0, 0, 16, 16], "texture": "#Voxel-68450F"},
				"down": {"uv": [0, 0, 16, 16], "texture": "#Voxel-68450F"}
			}
		},
		{
			"name": "Voxel-68450F",
			"from": [4, 28, 7],
			"to": [6, 29, 10],
			"faces": {
				"north": {"uv": [0, 0, 16, 16], "texture": "#Voxel-68450F"},
				"east": {"uv": [0, 0, 16, 16], "texture": "#Voxel-68450F"},
				"south": {"uv": [0, 0, 16, 16], "texture": "#Voxel-68450F"},
				"west": {"uv": [0, 0, 16, 16], "texture": "#Voxel-68450F"},
				"up": {"uv": [0, 0, 16, 16], "texture": "#Voxel-68450F"},
				"down": {"uv": [0, 0, 16, 16], "texture": "#Voxel-68450F"}
			}
		},
		{
			"name": "Voxel-68450F",
			"from": [11, 28, 7],
			"to": [13, 29, 10],
			"faces": {
				"north": {"uv": [0, 0, 16, 16], "texture": "#Voxel-68450F"},
				"east": {"uv": [0, 0, 16, 16], "texture": "#Voxel-68450F"},
				"south": {"uv": [0, 0, 16, 16], "texture": "#Voxel-68450F"},
				"west": {"uv": [0, 0, 16, 16], "texture": "#Voxel-68450F"},
				"up": {"uv": [0, 0, 16, 16], "texture": "#Voxel-68450F"},
				"down": {"uv": [0, 0, 16, 16], "texture": "#Voxel-68450F"}
			}
		},
		{
			"name": "Voxel-FF0000",
			"from": [7, 30, 7],
			"to": [10, 31, 10],
			"faces": {
				"north": {"uv": [0, 0, 16, 16], "texture": "#Voxel-FF0000"},
				"east": {"uv": [0, 0, 16, 16], "texture": "#Voxel-FF0000"},
				"south": {"uv": [0, 0, 16, 16], "texture": "#Voxel-FF0000"},
				"west": {"uv": [0, 0, 16, 16], "texture": "#Voxel-FF0000"},
				"up": {"uv": [0, 0, 16, 16], "texture": "#Voxel-FF0000"},
				"down": {"uv": [0, 0, 16, 16], "texture": "#Voxel-FF0000"}
			}
		},
		{
			"name": "Voxel-FF0000",
			"from": [8, 21, 7],
			"to": [9, 25, 8],
			"faces": {
				"north": {"uv": [0, 0, 16, 16], "texture": "#Voxel-FF0000"},
				"east": {"uv": [0, 0, 16, 16], "texture": "#Voxel-FF0000"},
				"south": {"uv": [0, 0, 16, 16], "texture": "#Voxel-FF0000"},
				"west": {"uv": [0, 0, 16, 16], "texture": "#Voxel-FF0000"},
				"up": {"uv": [0, 0, 16, 16], "texture": "#Voxel-FF0000"},
				"down": {"uv": [0, 0, 16, 16], "texture": "#Voxel-FF0000"}
			}
		},
		{
			"name": "Voxel-FF0000",
			"from": [8, 21, 9],
			"to": [9, 25, 10],
			"faces": {
				"north": {"uv": [0, 0, 16, 16], "texture": "#Voxel-FF0000"},
				"east": {"uv": [0, 0, 16, 16], "texture": "#Voxel-FF0000"},
				"south": {"uv": [0, 0, 16, 16], "texture": "#Voxel-FF0000"},
				"west": {"uv": [0, 0, 16, 16], "texture": "#Voxel-FF0000"},
				"up": {"uv": [0, 0, 16, 16], "texture": "#Voxel-FF0000"},
				"down": {"uv": [0, 0, 16, 16], "texture": "#Voxel-FF0000"}
			}
		},
		{
			"name": "Voxel-FF0000",
			"from": [7, 22, 7],
			"to": [8, 24, 8],
			"faces": {
				"north": {"uv": [0, 0, 16, 16], "texture": "#Voxel-FF0000"},
				"east": {"uv": [0, 0, 16, 16], "texture": "#Voxel-FF0000"},
				"south": {"uv": [0, 0, 16, 16], "texture": "#Voxel-FF0000"},
				"west": {"uv": [0, 0, 16, 16], "texture": "#Voxel-FF0000"},
				"up": {"uv": [0, 0, 16, 16], "texture": "#Voxel-FF0000"},
				"down": {"uv": [0, 0, 16, 16], "texture": "#Voxel-FF0000"}
			}
		},
		{
			"name": "Voxel-FF0000",
			"from": [7, 22, 9],
			"to": [8, 24, 10],
			"faces": {
				"north": {"uv": [0, 0, 16, 16], "texture": "#Voxel-FF0000"},
				"east": {"uv": [0, 0, 16, 16], "texture": "#Voxel-FF0000"},
				"south": {"uv": [0, 0, 16, 16], "texture": "#Voxel-FF0000"},
				"west": {"uv": [0, 0, 16, 16], "texture": "#Voxel-FF0000"},
				"up": {"uv": [0, 0, 16, 16], "texture": "#Voxel-FF0000"},
				"down": {"uv": [0, 0, 16, 16], "texture": "#Voxel-FF0000"}
			}
		},
		{
			"name": "Voxel-FF0000",
			"from": [9, 22, 7],
			"to": [10, 24, 8],
			"faces": {
				"north": {"uv": [0, 0, 16, 16], "texture": "#Voxel-FF0000"},
				"east": {"uv": [0, 0, 16, 16], "texture": "#Voxel-FF0000"},
				"south": {"uv": [0, 0, 16, 16], "texture": "#Voxel-FF0000"},
				"west": {"uv": [0, 0, 16, 16], "texture": "#Voxel-FF0000"},
				"up": {"uv": [0, 0, 16, 16], "texture": "#Voxel-FF0000"},
				"down": {"uv": [0, 0, 16, 16], "texture": "#Voxel-FF0000"}
			}
		},
		{
			"name": "Voxel-FF0000",
			"from": [9, 22, 9],
			"to": [10, 24, 10],
			"faces": {
				"north": {"uv": [0, 0, 16, 16], "texture": "#Voxel-FF0000"},
				"east": {"uv": [0, 0, 16, 16], "texture": "#Voxel-FF0000"},
				"south": {"uv": [0, 0, 16, 16], "texture": "#Voxel-FF0000"},
				"west": {"uv": [0, 0, 16, 16], "texture": "#Voxel-FF0000"},
				"up": {"uv": [0, 0, 16, 16], "texture": "#Voxel-FF0000"},
				"down": {"uv": [0, 0, 16, 16], "texture": "#Voxel-FF0000"}
			}
		},
		{
			"name": "Voxel-FF0000",
			"from": [9, 21, 8],
			"to": [10, 23, 9],
			"faces": {
				"north": {"uv": [0, 0, 16, 16], "texture": "#Voxel-FF0000"},
				"east": {"uv": [0, 0, 16, 16], "texture": "#Voxel-FF0000"},
				"south": {"uv": [0, 0, 16, 16], "texture": "#Voxel-FF0000"},
				"west": {"uv": [0, 0, 16, 16], "texture": "#Voxel-FF0000"},
				"up": {"uv": [0, 0, 16, 16], "texture": "#Voxel-FF0000"},
				"down": {"uv": [0, 0, 16, 16], "texture": "#Voxel-FF0000"}
			}
		},
		{
			"name": "Voxel-FF0000",
			"from": [7, 21, 8],
			"to": [8, 23, 9],
			"faces": {
				"north": {"uv": [0, 0, 16, 16], "texture": "#Voxel-FF0000"},
				"east": {"uv": [0, 0, 16, 16], "texture": "#Voxel-FF0000"},
				"south": {"uv": [0, 0, 16, 16], "texture": "#Voxel-FF0000"},
				"west": {"uv": [0, 0, 16, 16], "texture": "#Voxel-FF0000"},
				"up": {"uv": [0, 0, 16, 16], "texture": "#Voxel-FF0000"},
				"down": {"uv": [0, 0, 16, 16], "texture": "#Voxel-FF0000"}
			}
		},
		{
			"name": "Voxel-FF0000",
			"from": [8, 22, 6],
			"to": [9, 24, 7],
			"faces": {
				"north": {"uv": [0, 0, 16, 16], "texture": "#Voxel-FF0000"},
				"east": {"uv": [0, 0, 16, 16], "texture": "#Voxel-FF0000"},
				"south": {"uv": [0, 0, 16, 16], "texture": "#Voxel-FF0000"},
				"west": {"uv": [0, 0, 16, 16], "texture": "#Voxel-FF0000"},
				"up": {"uv": [0, 0, 16, 16], "texture": "#Voxel-FF0000"},
				"down": {"uv": [0, 0, 16, 16], "texture": "#Voxel-FF0000"}
			}
		},
		{
			"name": "Voxel-FF0000",
			"from": [8, 22, 10],
			"to": [9, 24, 11],
			"faces": {
				"north": {"uv": [0, 0, 16, 16], "texture": "#Voxel-FF0000"},
				"east": {"uv": [0, 0, 16, 16], "texture": "#Voxel-FF0000"},
				"south": {"uv": [0, 0, 16, 16], "texture": "#Voxel-FF0000"},
				"west": {"uv": [0, 0, 16, 16], "texture": "#Voxel-FF0000"},
				"up": {"uv": [0, 0, 16, 16], "texture": "#Voxel-FF0000"},
				"down": {"uv": [0, 0, 16, 16], "texture": "#Voxel-FF0000"}
			}
		},
		{
			"name": "Voxel-FF0000",
			"from": [8, 23, 8],
			"to": [9, 24, 9],
			"faces": {
				"north": {"uv": [0, 0, 16, 16], "texture": "#Voxel-FF0000"},
				"east": {"uv": [0, 0, 16, 16], "texture": "#Voxel-FF0000"},
				"south": {"uv": [0, 0, 16, 16], "texture": "#Voxel-FF0000"},
				"west": {"uv": [0, 0, 16, 16], "texture": "#Voxel-FF0000"},
				"up": {"uv": [0, 0, 16, 16], "texture": "#Voxel-FF0000"},
				"down": {"uv": [0, 0, 16, 16], "texture": "#Voxel-FF0000"}
			}
		}
	],
	"display": {
		"thirdperson_righthand": {
			"translation": [-0.5, 0.5, 1.5]
		},
		"thirdperson_lefthand": {
			"translation": [0.5, 0.5, 1.5]
		},
		"firstperson_righthand": {
			"rotation": [-25, 85, 5],
			"scale": [0.75, 0.75, 0.75]
		},
		"firstperson_lefthand": {
			"rotation": [-20, 90, 0],
			"scale": [0.75, 0.75, 0.75]
		},
		"gui": {
			"rotation": [0, 30, 0],
			"translation": [0, -1.5, 0],
			"scale": [0.4, 0.4, 0.4]
		},
		"fixed": {
			"translation": [0, -1.75, 0],
			"scale": [0.5, 0.5, 0.5]
		}
	},
	"groups": [
		{
			"name": "healing",
			"origin": [0, 0, 0],
			"color": 0,
			"nbt": "{}",
			"armAnimationEnabled": false,
			"children": [0, 1, 2, 3, 4, 5, 6, 7, 8, 9, 10, 11, 12, 13, 14, 15, 16, 17, 18, 19, 20, 21, 22, 23, 24, 25, 26, 27, 28, 29, 30, 31, 32, 33, 34, 35, 36, 37, 38, 39, 40, 41, 42, 43, 44, 45, 46, 47, 48, 49, 50, 51, 52, 53, 54, 55, 56, 57, 58, 59, 60, 61, 62, 63, 64, 65, 66, 67, 68, 69, 70, 71, 72, 73, 74, 75, 76, 77, 78, 79, 80, 81, 82, 83, 84, 85, 86]
		}
	]
}