{
	"parent": "item/handheld",
	"textures": {
		"layer0": "item/iron_sword"
	},
	"overrides": [
		{"predicate": {"custom_model_data":1}, "model": "item/katana"},
		{"predicate": {"custom_model_data":2}, "model": "item/dagger"},
		{"predicate": {"custom_model_data":3}, "model": "item/big_iron_sword"},
		{"predicate": {"custom_model_data":4}, "model": "item/grappling_hook"},
		{"predicate": {"custom_model_data":5}, "model": "item/diamond_katana"},
		{"predicate": {"custom_model_data":6}, "model": "item/goblin_knife"},
		{"predicate": {"custom_model_data":7}, "model": "item/claws"},
	
		{"predicate": {"damaged": 0, "damage": 0.003984064}, "model": "item/katana"},
		{"predicate": {"damaged": 0, "damage": 0.007968127}, "model": "item/dagger"},
		{"predicate": {"damaged": 0, "damage": 0.011952191}, "model": "item/big_iron_sword"},
		{"predicate": {"damaged": 0, "damage": 0.015936255}, "model": "item/grappling_hook"},
		{"predicate": {"damaged": 0, "damage": 0.019920318}, "model": "item/diamond_katana"},
		{"predicate": {"damaged": 1, "damage": 0}, "model": "item/iron_sword"}
	]
}