{
	"parent": "item/handheld",
	"textures": {
		"layer0": "item/iron_hoe"
	},
	"overrides": [
		{"predicate": {"custom_model_data":1}, "model": "item/slimerer"},
		{"predicate": {"custom_model_data":2}, "model": "item/airhead"},
		{"predicate": {"custom_model_data":3}, "model": "item/goblin"},
		{"predicate": {"custom_model_data":4}, "model": "item/elite_goblin"},
		{"predicate": {"custom_model_data":5}, "model": "item/trader_goblin"},
		{"predicate": {"custom_model_data":6}, "model": "item/goblin_boss"},
		{"predicate": {"custom_model_data":7}, "model": "item/stone_beetle"},
		
		{"predicate": {"damaged": 0, "damage": 0.003984064}, "model": "item/slimerer"},
		{"predicate": {"damaged": 0, "damage": 0.007968127}, "model": "item/airhead"},
		{"predicate": {"damaged": 1, "damage": 0}, "model": "item/iron_hoe"}
	]
}