{
	"credit": "Made with Blockbench",
	"texture_size": [32, 32],
	"textures": {
		"5": "item/katana"
	},
	"elements": [
		{
			"name": "Voxel-939393",
			"from": [1, 6, 1.25],
			"to": [3, 23, 1.75],
			"faces": {
				"north": {"uv": [0, 0, 1, 8.5], "texture": "#5"},
				"east": {"uv": [2, 0, 2.5, 8.5], "texture": "#5"},
				"south": {"uv": [1, 0, 2, 8.5], "texture": "#5"},
				"west": {"uv": [2.5, 0, 3, 8.5], "texture": "#5"},
				"up": {"uv": [6.5, 4, 5.5, 3.5], "texture": "#5"},
				"down": {"uv": [6.5, 4, 5.5, 4.5], "texture": "#5"}
			}
		},
		{
			"name": "Voxel-939393",
			"from": [1, 23, 1.25],
			"to": [2, 26, 1.75],
			"faces": {
				"north": {"uv": [5, 0, 5.5, 1.5], "texture": "#5"},
				"east": {"uv": [3, 5, 3.5, 6.5], "texture": "#5"},
				"south": {"uv": [5, 3, 5.5, 4.5], "texture": "#5"},
				"west": {"uv": [3.5, 5, 4, 6.5], "texture": "#5"},
				"up": {"uv": [7, 6, 6.5, 5.5], "texture": "#5"},
				"down": {"uv": [6.5, 6.5, 6, 7], "texture": "#5"}
			}
		},
		{
			"name": "Voxel-939394",
			"from": [2.15224, 22.23463, 1.25],
			"to": [3.15224, 24.98463, 1.75],
			"rotation": {"angle": 22.5, "axis": "z", "origin": [1.15224, 22.23463, 1]},
			"faces": {
				"north": {"uv": [4, 5, 4.5, 6.5], "texture": "#5"},
				"east": {"uv": [4.5, 5, 5, 6.5], "texture": "#5"},
				"south": {"uv": [5, 4.5, 5.5, 6], "texture": "#5"},
				"west": {"uv": [5.5, 0, 6, 1.5], "texture": "#5"},
				"up": {"uv": [7, 7, 6.5, 6.5], "texture": "#5"},
				"down": {"uv": [7.5, 0, 7, 0.5], "texture": "#5"}
			}
		},
		{
			"name": "Voxel-2B2B2B",
			"from": [1, 1, 1],
			"to": [3, 2, 2],
			"faces": {
				"north": {"uv": [5.5, 4.5, 6.5, 5], "texture": "#5"},
				"east": {"uv": [3, 7, 3.5, 7.5], "texture": "#5"},
				"south": {"uv": [5.5, 5, 6.5, 5.5], "texture": "#5"},
				"west": {"uv": [7, 3, 7.5, 3.5], "texture": "#5"},
				"up": {"uv": [6.5, 6, 5.5, 5.5], "texture": "#5"},
				"down": {"uv": [7, 0, 6, 0.5], "texture": "#5"}
			}
		},
		{
			"name": "Voxel-1B1B1B",
			"from": [1, 4, 1],
			"to": [3, 6, 2],
			"faces": {
				"north": {"uv": [3, 4, 4, 5], "texture": "#5"},
				"east": {"uv": [4.5, 3, 5, 4], "texture": "#5"},
				"south": {"uv": [4, 4, 5, 5], "texture": "#5"},
				"west": {"uv": [6, 0.5, 6.5, 1.5], "texture": "#5"},
				"up": {"uv": [6, 6.5, 5, 6], "texture": "#5"},
				"down": {"uv": [7, 6, 6, 6.5], "texture": "#5"}
			}
		},
		{
			"name": "Voxel-1B1B1B",
			"from": [1, 2, 1],
			"to": [3, 3, 2],
			"faces": {
				"north": {"uv": [6.5, 0.5, 7.5, 1], "texture": "#5"},
				"east": {"uv": [3.5, 7, 4, 7.5], "texture": "#5"},
				"south": {"uv": [6.5, 1, 7.5, 1.5], "texture": "#5"},
				"west": {"uv": [4, 7, 4.5, 7.5], "texture": "#5"},
				"up": {"uv": [7.5, 2, 6.5, 1.5], "texture": "#5"},
				"down": {"uv": [7.5, 2, 6.5, 2.5], "texture": "#5"}
			}
		},
		{
			"name": "Voxel-2B2B2B",
			"from": [1, 3, 1],
			"to": [3, 4, 2],
			"faces": {
				"north": {"uv": [6.5, 2.5, 7.5, 3], "texture": "#5"},
				"east": {"uv": [4.5, 7, 5, 7.5], "texture": "#5"},
				"south": {"uv": [3, 6.5, 4, 7], "texture": "#5"},
				"west": {"uv": [5, 7, 5.5, 7.5], "texture": "#5"},
				"up": {"uv": [7.5, 4, 6.5, 3.5], "texture": "#5"},
				"down": {"uv": [5, 6.5, 4, 7], "texture": "#5"}
			}
		},
		{
			"name": "Voxel-000000",
			"from": [0.75, 0.5, 0.75],
			"to": [3.25, 1, 2.25],
			"faces": {
				"north": {"uv": [5, 1.5, 6.5, 2], "texture": "#5"},
				"east": {"uv": [6.5, 4, 7.5, 4.5], "texture": "#5"},
				"south": {"uv": [5.5, 3, 7, 3.5], "texture": "#5"},
				"west": {"uv": [6.5, 4.5, 7.5, 5], "texture": "#5"},
				"up": {"uv": [4.5, 3, 3, 2], "texture": "#5"},
				"down": {"uv": [4.5, 3, 3, 4], "texture": "#5"}
			}
		},
		{
			"name": "Voxel-000000",
			"from": [0, 5.5, 0.5],
			"to": [4, 6, 2.5],
			"faces": {
				"north": {"uv": [4.5, 2, 6.5, 2.5], "texture": "#5"},
				"east": {"uv": [5, 6.5, 6, 7], "texture": "#5"},
				"south": {"uv": [4.5, 2.5, 6.5, 3], "texture": "#5"},
				"west": {"uv": [6.5, 5, 7.5, 5.5], "texture": "#5"},
				"up": {"uv": [5, 1, 3, 0], "texture": "#5"},
				"down": {"uv": [5, 1, 3, 2], "texture": "#5"}
			}
		}
	],
	"display": {
		"thirdperson_righthand": {
			"rotation": [0, 90, 0],
			"translation": [6.5, 3, -4]
		},
		"thirdperson_lefthand": {
			"rotation": [0, -90, 0],
			"translation": [-6.5, 3, -4]
		},
		"firstperson_righthand": {
			"rotation": [-30, 90, 7],
			"translation": [9, 0.5, -7]
		},
		"firstperson_lefthand": {
			"rotation": [-25, -90, 0],
			"translation": [-7, 0, -7]
		},
		"ground": {
			"translation": [0, 2, 0],
			"scale": [0.5, 0.5, 0.5]
		},
		"gui": {
			"rotation": [0, 180, 0],
			"translation": [-4, -2.5, 0],
			"scale": [0.625, 0.625, 0.625]
		},
		"fixed": {
			"rotation": [0, 0, -45],
			"translation": [0, -6, 7]
		}
	},
	"groups": [
		{
			"name": "katana",
			"origin": [0, 0, 0],
			"color": 0,
			"nbt": "{}",
			"armAnimationEnabled": false,
			"children": [0, 1, 2, 3, 4, 5, 6, 7, 8]
		}
	]
}