{
	"credit": "Made with Blockbench",
	"textures": {
		"Voxel-BFBFBF": "item/voxel-bfbfbf",
		"Voxel-FFD100": "item/voxel-ffd100",
		"Voxel-532A01": "item/voxel-532a01",
		"Voxel-F98E00": "item/voxel-f98e00",
		"particle": "item/particle"
	},
	"elements": [
		{
			"name": "Voxel-FFD100",
			"from": [6, 7, 9],
			"to": [7, 10, 10],
			"faces": {
				"north": {"uv": [0, 0, 16, 16], "texture": "#Voxel-FFD100"},
				"east": {"uv": [0, 0, 16, 16], "texture": "#Voxel-FFD100"},
				"south": {"uv": [0, 0, 16, 16], "texture": "#Voxel-FFD100"},
				"west": {"uv": [0, 0, 16, 16], "texture": "#Voxel-FFD100"},
				"up": {"uv": [0, 0, 16, 16], "texture": "#Voxel-FFD100"},
				"down": {"uv": [0, 0, 16, 16], "texture": "#Voxel-FFD100"}
			}
		},
		{
			"name": "Voxel-FFD100",
			"from": [5, 7, 8],
			"to": [6, 10, 9],
			"faces": {
				"north": {"uv": [0, 0, 16, 16], "texture": "#Voxel-FFD100"},
				"east": {"uv": [0, 0, 16, 16], "texture": "#Voxel-FFD100"},
				"south": {"uv": [0, 0, 16, 16], "texture": "#Voxel-FFD100"},
				"west": {"uv": [0, 0, 16, 16], "texture": "#Voxel-FFD100"},
				"up": {"uv": [0, 0, 16, 16], "texture": "#Voxel-FFD100"},
				"down": {"uv": [0, 0, 16, 16], "texture": "#Voxel-FFD100"}
			}
		},
		{
			"name": "Voxel-FFD100",
			"from": [9, 11, 7],
			"to": [10, 14, 8],
			"faces": {
				"north": {"uv": [0, 0, 16, 16], "texture": "#Voxel-FFD100"},
				"east": {"uv": [0, 0, 16, 16], "texture": "#Voxel-FFD100"},
				"south": {"uv": [0, 0, 16, 16], "texture": "#Voxel-FFD100"},
				"west": {"uv": [0, 0, 16, 16], "texture": "#Voxel-FFD100"},
				"up": {"uv": [0, 0, 16, 16], "texture": "#Voxel-FFD100"},
				"down": {"uv": [0, 0, 16, 16], "texture": "#Voxel-FFD100"}
			}
		},
		{
			"name": "Voxel-FFD100",
			"from": [6, 9, 7],
			"to": [7, 12, 8],
			"faces": {
				"north": {"uv": [0, 0, 16, 16], "texture": "#Voxel-FFD100"},
				"east": {"uv": [0, 0, 16, 16], "texture": "#Voxel-FFD100"},
				"south": {"uv": [0, 0, 16, 16], "texture": "#Voxel-FFD100"},
				"west": {"uv": [0, 0, 16, 16], "texture": "#Voxel-FFD100"},
				"up": {"uv": [0, 0, 16, 16], "texture": "#Voxel-FFD100"},
				"down": {"uv": [0, 0, 16, 16], "texture": "#Voxel-FFD100"}
			}
		},
		{
			"name": "Voxel-FFD100",
			"from": [7, 12, 7],
			"to": [8, 15, 8],
			"faces": {
				"north": {"uv": [0, 0, 16, 16], "texture": "#Voxel-FFD100"},
				"east": {"uv": [0, 0, 16, 16], "texture": "#Voxel-FFD100"},
				"south": {"uv": [0, 0, 16, 16], "texture": "#Voxel-FFD100"},
				"west": {"uv": [0, 0, 16, 16], "texture": "#Voxel-FFD100"},
				"up": {"uv": [0, 0, 16, 16], "texture": "#Voxel-FFD100"},
				"down": {"uv": [0, 0, 16, 16], "texture": "#Voxel-FFD100"}
			}
		},
		{
			"name": "Voxel-FFD100",
			"from": [9, 9, 9],
			"to": [10, 11, 10],
			"faces": {
				"north": {"uv": [0, 0, 16, 16], "texture": "#Voxel-FFD100"},
				"east": {"uv": [0, 0, 16, 16], "texture": "#Voxel-FFD100"},
				"south": {"uv": [0, 0, 16, 16], "texture": "#Voxel-FFD100"},
				"west": {"uv": [0, 0, 16, 16], "texture": "#Voxel-FFD100"},
				"up": {"uv": [0, 0, 16, 16], "texture": "#Voxel-FFD100"},
				"down": {"uv": [0, 0, 16, 16], "texture": "#Voxel-FFD100"}
			}
		},
		{
			"name": "Voxel-FFD100",
			"from": [10, 9, 7],
			"to": [11, 11, 8],
			"faces": {
				"north": {"uv": [0, 0, 16, 16], "texture": "#Voxel-FFD100"},
				"east": {"uv": [0, 0, 16, 16], "texture": "#Voxel-FFD100"},
				"south": {"uv": [0, 0, 16, 16], "texture": "#Voxel-FFD100"},
				"west": {"uv": [0, 0, 16, 16], "texture": "#Voxel-FFD100"},
				"up": {"uv": [0, 0, 16, 16], "texture": "#Voxel-FFD100"},
				"down": {"uv": [0, 0, 16, 16], "texture": "#Voxel-FFD100"}
			}
		},
		{
			"name": "Voxel-FFD100",
			"from": [9, 11, 6],
			"to": [10, 12, 9],
			"faces": {
				"north": {"uv": [0, 0, 16, 16], "texture": "#Voxel-FFD100"},
				"east": {"uv": [0, 0, 16, 16], "texture": "#Voxel-FFD100"},
				"south": {"uv": [0, 0, 16, 16], "texture": "#Voxel-FFD100"},
				"west": {"uv": [0, 0, 16, 16], "texture": "#Voxel-FFD100"},
				"up": {"uv": [0, 0, 16, 16], "texture": "#Voxel-FFD100"},
				"down": {"uv": [0, 0, 16, 16], "texture": "#Voxel-FFD100"}
			}
		},
		{
			"name": "Voxel-FFD100",
			"from": [8, 12, 6],
			"to": [9, 13, 9],
			"faces": {
				"north": {"uv": [0, 0, 16, 16], "texture": "#Voxel-FFD100"},
				"east": {"uv": [0, 0, 16, 16], "texture": "#Voxel-FFD100"},
				"south": {"uv": [0, 0, 16, 16], "texture": "#Voxel-FFD100"},
				"west": {"uv": [0, 0, 16, 16], "texture": "#Voxel-FFD100"},
				"up": {"uv": [0, 0, 16, 16], "texture": "#Voxel-FFD100"},
				"down": {"uv": [0, 0, 16, 16], "texture": "#Voxel-FFD100"}
			}
		},
		{
			"name": "Voxel-FFD100",
			"from": [6, 8, 6],
			"to": [7, 9, 7],
			"faces": {
				"north": {"uv": [0, 0, 16, 16], "texture": "#Voxel-FFD100"},
				"east": {"uv": [0, 0, 16, 16], "texture": "#Voxel-FFD100"},
				"south": {"uv": [0, 0, 16, 16], "texture": "#Voxel-FFD100"},
				"west": {"uv": [0, 0, 16, 16], "texture": "#Voxel-FFD100"},
				"up": {"uv": [0, 0, 16, 16], "texture": "#Voxel-FFD100"},
				"down": {"uv": [0, 0, 16, 16], "texture": "#Voxel-FFD100"}
			}
		},
		{
			"name": "Voxel-FFD100",
			"from": [6, 8, 7],
			"to": [7, 13, 8],
			"faces": {
				"north": {"uv": [0, 0, 16, 16], "texture": "#Voxel-FFD100"},
				"east": {"uv": [0, 0, 16, 16], "texture": "#Voxel-FFD100"},
				"south": {"uv": [0, 0, 16, 16], "texture": "#Voxel-FFD100"},
				"west": {"uv": [0, 0, 16, 16], "texture": "#Voxel-FFD100"},
				"up": {"uv": [0, 0, 16, 16], "texture": "#Voxel-FFD100"},
				"down": {"uv": [0, 0, 16, 16], "texture": "#Voxel-FFD100"}
			}
		},
		{
			"name": "Voxel-F98E00",
			"from": [8, 8, 6],
			"to": [10, 11, 9],
			"faces": {
				"north": {"uv": [0, 0, 16, 16], "texture": "#Voxel-F98E00"},
				"east": {"uv": [0, 0, 16, 16], "texture": "#Voxel-F98E00"},
				"south": {"uv": [0, 0, 16, 16], "texture": "#Voxel-F98E00"},
				"west": {"uv": [0, 0, 16, 16], "texture": "#Voxel-F98E00"},
				"up": {"uv": [0, 0, 16, 16], "texture": "#Voxel-F98E00"},
				"down": {"uv": [0, 0, 16, 16], "texture": "#Voxel-F98E00"}
			}
		},
		{
			"name": "Voxel-F98E00",
			"from": [7, 10, 8],
			"to": [8, 11, 9],
			"faces": {
				"north": {"uv": [0, 0, 16, 16], "texture": "#Voxel-F98E00"},
				"east": {"uv": [0, 0, 16, 16], "texture": "#Voxel-F98E00"},
				"south": {"uv": [0, 0, 16, 16], "texture": "#Voxel-F98E00"},
				"west": {"uv": [0, 0, 16, 16], "texture": "#Voxel-F98E00"},
				"up": {"uv": [0, 0, 16, 16], "texture": "#Voxel-F98E00"},
				"down": {"uv": [0, 0, 16, 16], "texture": "#Voxel-F98E00"}
			}
		},
		{
			"name": "Voxel-F98E00",
			"from": [8, 11, 8],
			"to": [9, 12, 9],
			"faces": {
				"north": {"uv": [0, 0, 16, 16], "texture": "#Voxel-F98E00"},
				"east": {"uv": [0, 0, 16, 16], "texture": "#Voxel-F98E00"},
				"south": {"uv": [0, 0, 16, 16], "texture": "#Voxel-F98E00"},
				"west": {"uv": [0, 0, 16, 16], "texture": "#Voxel-F98E00"},
				"up": {"uv": [0, 0, 16, 16], "texture": "#Voxel-F98E00"},
				"down": {"uv": [0, 0, 16, 16], "texture": "#Voxel-F98E00"}
			}
		},
		{
			"name": "Voxel-F98E00",
			"from": [7, 11, 7],
			"to": [8, 12, 8],
			"faces": {
				"north": {"uv": [0, 0, 16, 16], "texture": "#Voxel-F98E00"},
				"east": {"uv": [0, 0, 16, 16], "texture": "#Voxel-F98E00"},
				"south": {"uv": [0, 0, 16, 16], "texture": "#Voxel-F98E00"},
				"west": {"uv": [0, 0, 16, 16], "texture": "#Voxel-F98E00"},
				"up": {"uv": [0, 0, 16, 16], "texture": "#Voxel-F98E00"},
				"down": {"uv": [0, 0, 16, 16], "texture": "#Voxel-F98E00"}
			}
		},
		{
			"name": "Voxel-F98E00",
			"from": [7, 7, 9],
			"to": [8, 9, 10],
			"faces": {
				"north": {"uv": [0, 0, 16, 16], "texture": "#Voxel-F98E00"},
				"east": {"uv": [0, 0, 16, 16], "texture": "#Voxel-F98E00"},
				"south": {"uv": [0, 0, 16, 16], "texture": "#Voxel-F98E00"},
				"west": {"uv": [0, 0, 16, 16], "texture": "#Voxel-F98E00"},
				"up": {"uv": [0, 0, 16, 16], "texture": "#Voxel-F98E00"},
				"down": {"uv": [0, 0, 16, 16], "texture": "#Voxel-F98E00"}
			}
		},
		{
			"name": "Voxel-F98E00",
			"from": [10, 7, 8],
			"to": [11, 10, 9],
			"faces": {
				"north": {"uv": [0, 0, 16, 16], "texture": "#Voxel-F98E00"},
				"east": {"uv": [0, 0, 16, 16], "texture": "#Voxel-F98E00"},
				"south": {"uv": [0, 0, 16, 16], "texture": "#Voxel-F98E00"},
				"west": {"uv": [0, 0, 16, 16], "texture": "#Voxel-F98E00"},
				"up": {"uv": [0, 0, 16, 16], "texture": "#Voxel-F98E00"},
				"down": {"uv": [0, 0, 16, 16], "texture": "#Voxel-F98E00"}
			}
		},
		{
			"name": "Voxel-F98E00",
			"from": [10, 8, 6],
			"to": [11, 9, 8],
			"faces": {
				"north": {"uv": [0, 0, 16, 16], "texture": "#Voxel-F98E00"},
				"east": {"uv": [0, 0, 16, 16], "texture": "#Voxel-F98E00"},
				"south": {"uv": [0, 0, 16, 16], "texture": "#Voxel-F98E00"},
				"west": {"uv": [0, 0, 16, 16], "texture": "#Voxel-F98E00"},
				"up": {"uv": [0, 0, 16, 16], "texture": "#Voxel-F98E00"},
				"down": {"uv": [0, 0, 16, 16], "texture": "#Voxel-F98E00"}
			}
		},
		{
			"name": "Voxel-FFD100",
			"from": [6, 10, 8],
			"to": [7, 11, 9],
			"faces": {
				"north": {"uv": [0, 0, 16, 16], "texture": "#Voxel-FFD100"},
				"east": {"uv": [0, 0, 16, 16], "texture": "#Voxel-FFD100"},
				"south": {"uv": [0, 0, 16, 16], "texture": "#Voxel-FFD100"},
				"west": {"uv": [0, 0, 16, 16], "texture": "#Voxel-FFD100"},
				"up": {"uv": [0, 0, 16, 16], "texture": "#Voxel-FFD100"},
				"down": {"uv": [0, 0, 16, 16], "texture": "#Voxel-FFD100"}
			}
		},
		{
			"name": "Voxel-FFD100",
			"from": [7, 9, 9],
			"to": [8, 10, 10],
			"faces": {
				"north": {"uv": [0, 0, 16, 16], "texture": "#Voxel-FFD100"},
				"east": {"uv": [0, 0, 16, 16], "texture": "#Voxel-FFD100"},
				"south": {"uv": [0, 0, 16, 16], "texture": "#Voxel-FFD100"},
				"west": {"uv": [0, 0, 16, 16], "texture": "#Voxel-FFD100"},
				"up": {"uv": [0, 0, 16, 16], "texture": "#Voxel-FFD100"},
				"down": {"uv": [0, 0, 16, 16], "texture": "#Voxel-FFD100"}
			}
		},
		{
			"name": "Voxel-F98E00",
			"from": [8, 8, 9],
			"to": [10, 9, 10],
			"faces": {
				"north": {"uv": [0, 0, 16, 16], "texture": "#Voxel-F98E00"},
				"east": {"uv": [0, 0, 16, 16], "texture": "#Voxel-F98E00"},
				"south": {"uv": [0, 0, 16, 16], "texture": "#Voxel-F98E00"},
				"west": {"uv": [0, 0, 16, 16], "texture": "#Voxel-F98E00"},
				"up": {"uv": [0, 0, 16, 16], "texture": "#Voxel-F98E00"},
				"down": {"uv": [0, 0, 16, 16], "texture": "#Voxel-F98E00"}
			}
		},
		{
			"name": "Voxel-FFD100",
			"from": [10, 7, 9],
			"to": [11, 8, 10],
			"faces": {
				"north": {"uv": [0, 0, 16, 16], "texture": "#Voxel-FFD100"},
				"east": {"uv": [0, 0, 16, 16], "texture": "#Voxel-FFD100"},
				"south": {"uv": [0, 0, 16, 16], "texture": "#Voxel-FFD100"},
				"west": {"uv": [0, 0, 16, 16], "texture": "#Voxel-FFD100"},
				"up": {"uv": [0, 0, 16, 16], "texture": "#Voxel-FFD100"},
				"down": {"uv": [0, 0, 16, 16], "texture": "#Voxel-FFD100"}
			}
		},
		{
			"name": "Voxel-FFD100",
			"from": [10, 9, 6],
			"to": [11, 10, 7],
			"faces": {
				"north": {"uv": [0, 0, 16, 16], "texture": "#Voxel-FFD100"},
				"east": {"uv": [0, 0, 16, 16], "texture": "#Voxel-FFD100"},
				"south": {"uv": [0, 0, 16, 16], "texture": "#Voxel-FFD100"},
				"west": {"uv": [0, 0, 16, 16], "texture": "#Voxel-FFD100"},
				"up": {"uv": [0, 0, 16, 16], "texture": "#Voxel-FFD100"},
				"down": {"uv": [0, 0, 16, 16], "texture": "#Voxel-FFD100"}
			}
		},
		{
			"name": "Voxel-FFD100",
			"from": [7, 10, 6],
			"to": [8, 11, 7],
			"faces": {
				"north": {"uv": [0, 0, 16, 16], "texture": "#Voxel-FFD100"},
				"east": {"uv": [0, 0, 16, 16], "texture": "#Voxel-FFD100"},
				"south": {"uv": [0, 0, 16, 16], "texture": "#Voxel-FFD100"},
				"west": {"uv": [0, 0, 16, 16], "texture": "#Voxel-FFD100"},
				"up": {"uv": [0, 0, 16, 16], "texture": "#Voxel-FFD100"},
				"down": {"uv": [0, 0, 16, 16], "texture": "#Voxel-FFD100"}
			}
		},
		{
			"name": "Voxel-F98E00",
			"from": [8, 11, 6],
			"to": [9, 12, 7],
			"faces": {
				"north": {"uv": [0, 0, 16, 16], "texture": "#Voxel-F98E00"},
				"east": {"uv": [0, 0, 16, 16], "texture": "#Voxel-F98E00"},
				"south": {"uv": [0, 0, 16, 16], "texture": "#Voxel-F98E00"},
				"west": {"uv": [0, 0, 16, 16], "texture": "#Voxel-F98E00"},
				"up": {"uv": [0, 0, 16, 16], "texture": "#Voxel-F98E00"},
				"down": {"uv": [0, 0, 16, 16], "texture": "#Voxel-F98E00"}
			}
		},
		{
			"name": "Voxel-F98E00",
			"from": [7, 8, 6],
			"to": [8, 10, 7],
			"faces": {
				"north": {"uv": [0, 0, 16, 16], "texture": "#Voxel-F98E00"},
				"east": {"uv": [0, 0, 16, 16], "texture": "#Voxel-F98E00"},
				"south": {"uv": [0, 0, 16, 16], "texture": "#Voxel-F98E00"},
				"west": {"uv": [0, 0, 16, 16], "texture": "#Voxel-F98E00"},
				"up": {"uv": [0, 0, 16, 16], "texture": "#Voxel-F98E00"},
				"down": {"uv": [0, 0, 16, 16], "texture": "#Voxel-F98E00"}
			}
		},
		{
			"name": "Voxel-532A01",
			"from": [6, 6, 10],
			"to": [8, 7, 11],
			"faces": {
				"north": {"uv": [0, 0, 16, 16], "texture": "#Voxel-532A01"},
				"east": {"uv": [0, 0, 16, 16], "texture": "#Voxel-532A01"},
				"south": {"uv": [0, 0, 16, 16], "texture": "#Voxel-532A01"},
				"west": {"uv": [0, 0, 16, 16], "texture": "#Voxel-532A01"},
				"up": {"uv": [0, 0, 16, 16], "texture": "#Voxel-532A01"},
				"down": {"uv": [0, 0, 16, 16], "texture": "#Voxel-532A01"}
			}
		},
		{
			"name": "Voxel-532A01",
			"from": [9, 6, 10],
			"to": [11, 7, 11],
			"faces": {
				"north": {"uv": [0, 0, 16, 16], "texture": "#Voxel-532A01"},
				"east": {"uv": [0, 0, 16, 16], "texture": "#Voxel-532A01"},
				"south": {"uv": [0, 0, 16, 16], "texture": "#Voxel-532A01"},
				"west": {"uv": [0, 0, 16, 16], "texture": "#Voxel-532A01"},
				"up": {"uv": [0, 0, 16, 16], "texture": "#Voxel-532A01"},
				"down": {"uv": [0, 0, 16, 16], "texture": "#Voxel-532A01"}
			}
		},
		{
			"name": "Voxel-532A01",
			"from": [8, 6, 9],
			"to": [10, 8, 10],
			"faces": {
				"north": {"uv": [0, 0, 16, 16], "texture": "#Voxel-532A01"},
				"east": {"uv": [0, 0, 16, 16], "texture": "#Voxel-532A01"},
				"south": {"uv": [0, 0, 16, 16], "texture": "#Voxel-532A01"},
				"west": {"uv": [0, 0, 16, 16], "texture": "#Voxel-532A01"},
				"up": {"uv": [0, 0, 16, 16], "texture": "#Voxel-532A01"},
				"down": {"uv": [0, 0, 16, 16], "texture": "#Voxel-532A01"}
			}
		},
		{
			"name": "Voxel-532A01",
			"from": [6, 6, 11],
			"to": [7, 7, 12],
			"faces": {
				"north": {"uv": [0, 0, 16, 16], "texture": "#Voxel-532A01"},
				"east": {"uv": [0, 0, 16, 16], "texture": "#Voxel-532A01"},
				"south": {"uv": [0, 0, 16, 16], "texture": "#Voxel-532A01"},
				"west": {"uv": [0, 0, 16, 16], "texture": "#Voxel-532A01"},
				"up": {"uv": [0, 0, 16, 16], "texture": "#Voxel-532A01"},
				"down": {"uv": [0, 0, 16, 16], "texture": "#Voxel-532A01"}
			}
		},
		{
			"name": "Voxel-BFBFBF",
			"from": [6, 7, 5],
			"to": [11, 8, 6],
			"faces": {
				"north": {"uv": [0, 0, 16, 16], "texture": "#Voxel-BFBFBF"},
				"east": {"uv": [0, 0, 16, 16], "texture": "#Voxel-BFBFBF"},
				"south": {"uv": [0, 0, 16, 16], "texture": "#Voxel-BFBFBF"},
				"west": {"uv": [0, 0, 16, 16], "texture": "#Voxel-BFBFBF"},
				"up": {"uv": [0, 0, 16, 16], "texture": "#Voxel-BFBFBF"},
				"down": {"uv": [0, 0, 16, 16], "texture": "#Voxel-BFBFBF"}
			}
		},
		{
			"name": "Voxel-BFBFBF",
			"from": [7, 6, 5],
			"to": [10, 7, 6],
			"faces": {
				"north": {"uv": [0, 0, 16, 16], "texture": "#Voxel-BFBFBF"},
				"east": {"uv": [0, 0, 16, 16], "texture": "#Voxel-BFBFBF"},
				"south": {"uv": [0, 0, 16, 16], "texture": "#Voxel-BFBFBF"},
				"west": {"uv": [0, 0, 16, 16], "texture": "#Voxel-BFBFBF"},
				"up": {"uv": [0, 0, 16, 16], "texture": "#Voxel-BFBFBF"},
				"down": {"uv": [0, 0, 16, 16], "texture": "#Voxel-BFBFBF"}
			}
		},
		{
			"name": "Voxel-BFBFBF",
			"from": [11, 7, 6],
			"to": [12, 8, 8],
			"faces": {
				"north": {"uv": [0, 0, 16, 16], "texture": "#Voxel-BFBFBF"},
				"east": {"uv": [0, 0, 16, 16], "texture": "#Voxel-BFBFBF"},
				"south": {"uv": [0, 0, 16, 16], "texture": "#Voxel-BFBFBF"},
				"west": {"uv": [0, 0, 16, 16], "texture": "#Voxel-BFBFBF"},
				"up": {"uv": [0, 0, 16, 16], "texture": "#Voxel-BFBFBF"},
				"down": {"uv": [0, 0, 16, 16], "texture": "#Voxel-BFBFBF"}
			}
		},
		{
			"name": "Voxel-BFBFBF",
			"from": [5, 7, 6],
			"to": [6, 8, 8],
			"faces": {
				"north": {"uv": [0, 0, 16, 16], "texture": "#Voxel-BFBFBF"},
				"east": {"uv": [0, 0, 16, 16], "texture": "#Voxel-BFBFBF"},
				"south": {"uv": [0, 0, 16, 16], "texture": "#Voxel-BFBFBF"},
				"west": {"uv": [0, 0, 16, 16], "texture": "#Voxel-BFBFBF"},
				"up": {"uv": [0, 0, 16, 16], "texture": "#Voxel-BFBFBF"},
				"down": {"uv": [0, 0, 16, 16], "texture": "#Voxel-BFBFBF"}
			}
		},
		{
			"name": "Voxel-BFBFBF",
			"from": [5, 6, 7],
			"to": [6, 7, 9],
			"faces": {
				"north": {"uv": [0, 0, 16, 16], "texture": "#Voxel-BFBFBF"},
				"east": {"uv": [0, 0, 16, 16], "texture": "#Voxel-BFBFBF"},
				"south": {"uv": [0, 0, 16, 16], "texture": "#Voxel-BFBFBF"},
				"west": {"uv": [0, 0, 16, 16], "texture": "#Voxel-BFBFBF"},
				"up": {"uv": [0, 0, 16, 16], "texture": "#Voxel-BFBFBF"},
				"down": {"uv": [0, 0, 16, 16], "texture": "#Voxel-BFBFBF"}
			}
		},
		{
			"name": "Voxel-BFBFBF",
			"from": [11, 6, 7],
			"to": [12, 7, 9],
			"faces": {
				"north": {"uv": [0, 0, 16, 16], "texture": "#Voxel-BFBFBF"},
				"east": {"uv": [0, 0, 16, 16], "texture": "#Voxel-BFBFBF"},
				"south": {"uv": [0, 0, 16, 16], "texture": "#Voxel-BFBFBF"},
				"west": {"uv": [0, 0, 16, 16], "texture": "#Voxel-BFBFBF"},
				"up": {"uv": [0, 0, 16, 16], "texture": "#Voxel-BFBFBF"},
				"down": {"uv": [0, 0, 16, 16], "texture": "#Voxel-BFBFBF"}
			}
		},
		{
			"name": "Voxel-BFBFBF",
			"from": [6, 4, 6],
			"to": [11, 7, 7],
			"faces": {
				"north": {"uv": [0, 0, 16, 16], "texture": "#Voxel-BFBFBF"},
				"east": {"uv": [0, 0, 16, 16], "texture": "#Voxel-BFBFBF"},
				"south": {"uv": [0, 0, 16, 16], "texture": "#Voxel-BFBFBF"},
				"west": {"uv": [0, 0, 16, 16], "texture": "#Voxel-BFBFBF"},
				"up": {"uv": [0, 0, 16, 16], "texture": "#Voxel-BFBFBF"},
				"down": {"uv": [0, 0, 16, 16], "texture": "#Voxel-BFBFBF"}
			}
		},
		{
			"name": "Voxel-BFBFBF",
			"from": [10, 1, 7],
			"to": [11, 5, 8],
			"faces": {
				"north": {"uv": [0, 0, 16, 16], "texture": "#Voxel-BFBFBF"},
				"east": {"uv": [0, 0, 16, 16], "texture": "#Voxel-BFBFBF"},
				"south": {"uv": [0, 0, 16, 16], "texture": "#Voxel-BFBFBF"},
				"west": {"uv": [0, 0, 16, 16], "texture": "#Voxel-BFBFBF"},
				"up": {"uv": [0, 0, 16, 16], "texture": "#Voxel-BFBFBF"},
				"down": {"uv": [0, 0, 16, 16], "texture": "#Voxel-BFBFBF"}
			}
		},
		{
			"name": "Voxel-BFBFBF",
			"from": [7, 1, 6],
			"to": [10, 4, 7],
			"faces": {
				"north": {"uv": [0, 0, 16, 16], "texture": "#Voxel-BFBFBF"},
				"east": {"uv": [0, 0, 16, 16], "texture": "#Voxel-BFBFBF"},
				"south": {"uv": [0, 0, 16, 16], "texture": "#Voxel-BFBFBF"},
				"west": {"uv": [0, 0, 16, 16], "texture": "#Voxel-BFBFBF"},
				"up": {"uv": [0, 0, 16, 16], "texture": "#Voxel-BFBFBF"},
				"down": {"uv": [0, 0, 16, 16], "texture": "#Voxel-BFBFBF"}
			}
		},
		{
			"name": "Voxel-BFBFBF",
			"from": [6, 1, 7],
			"to": [7, 5, 8],
			"faces": {
				"north": {"uv": [0, 0, 16, 16], "texture": "#Voxel-BFBFBF"},
				"east": {"uv": [0, 0, 16, 16], "texture": "#Voxel-BFBFBF"},
				"south": {"uv": [0, 0, 16, 16], "texture": "#Voxel-BFBFBF"},
				"west": {"uv": [0, 0, 16, 16], "texture": "#Voxel-BFBFBF"},
				"up": {"uv": [0, 0, 16, 16], "texture": "#Voxel-BFBFBF"},
				"down": {"uv": [0, 0, 16, 16], "texture": "#Voxel-BFBFBF"}
			}
		},
		{
			"name": "Voxel-BFBFBF",
			"from": [11, 1, 8],
			"to": [12, 6, 11],
			"faces": {
				"north": {"uv": [0, 0, 16, 16], "texture": "#Voxel-BFBFBF"},
				"east": {"uv": [0, 0, 16, 16], "texture": "#Voxel-BFBFBF"},
				"south": {"uv": [0, 0, 16, 16], "texture": "#Voxel-BFBFBF"},
				"west": {"uv": [0, 0, 16, 16], "texture": "#Voxel-BFBFBF"},
				"up": {"uv": [0, 0, 16, 16], "texture": "#Voxel-BFBFBF"},
				"down": {"uv": [0, 0, 16, 16], "texture": "#Voxel-BFBFBF"}
			}
		},
		{
			"name": "Voxel-BFBFBF",
			"from": [5, 1, 8],
			"to": [6, 6, 11],
			"faces": {
				"north": {"uv": [0, 0, 16, 16], "texture": "#Voxel-BFBFBF"},
				"east": {"uv": [0, 0, 16, 16], "texture": "#Voxel-BFBFBF"},
				"south": {"uv": [0, 0, 16, 16], "texture": "#Voxel-BFBFBF"},
				"west": {"uv": [0, 0, 16, 16], "texture": "#Voxel-BFBFBF"},
				"up": {"uv": [0, 0, 16, 16], "texture": "#Voxel-BFBFBF"},
				"down": {"uv": [0, 0, 16, 16], "texture": "#Voxel-BFBFBF"}
			}
		},
		{
			"name": "Voxel-BFBFBF",
			"from": [5, 5, 9],
			"to": [12, 6, 12],
			"faces": {
				"north": {"uv": [0, 0, 16, 16], "texture": "#Voxel-BFBFBF"},
				"east": {"uv": [0, 0, 16, 16], "texture": "#Voxel-BFBFBF"},
				"south": {"uv": [0, 0, 16, 16], "texture": "#Voxel-BFBFBF"},
				"west": {"uv": [0, 0, 16, 16], "texture": "#Voxel-BFBFBF"},
				"up": {"uv": [0, 0, 16, 16], "texture": "#Voxel-BFBFBF"},
				"down": {"uv": [0, 0, 16, 16], "texture": "#Voxel-BFBFBF"}
			}
		},
		{
			"name": "Voxel-BFBFBF",
			"from": [7, 1, 9],
			"to": [8, 5, 10],
			"faces": {
				"north": {"uv": [0, 0, 16, 16], "texture": "#Voxel-BFBFBF"},
				"east": {"uv": [0, 0, 16, 16], "texture": "#Voxel-BFBFBF"},
				"south": {"uv": [0, 0, 16, 16], "texture": "#Voxel-BFBFBF"},
				"west": {"uv": [0, 0, 16, 16], "texture": "#Voxel-BFBFBF"},
				"up": {"uv": [0, 0, 16, 16], "texture": "#Voxel-BFBFBF"},
				"down": {"uv": [0, 0, 16, 16], "texture": "#Voxel-BFBFBF"}
			}
		},
		{
			"name": "Voxel-BFBFBF",
			"from": [8, 1, 10],
			"to": [9, 5, 11],
			"faces": {
				"north": {"uv": [0, 0, 16, 16], "texture": "#Voxel-BFBFBF"},
				"east": {"uv": [0, 0, 16, 16], "texture": "#Voxel-BFBFBF"},
				"south": {"uv": [0, 0, 16, 16], "texture": "#Voxel-BFBFBF"},
				"west": {"uv": [0, 0, 16, 16], "texture": "#Voxel-BFBFBF"},
				"up": {"uv": [0, 0, 16, 16], "texture": "#Voxel-BFBFBF"},
				"down": {"uv": [0, 0, 16, 16], "texture": "#Voxel-BFBFBF"}
			}
		},
		{
			"name": "Voxel-BFBFBF",
			"from": [9, 1, 9],
			"to": [10, 5, 10],
			"faces": {
				"north": {"uv": [0, 0, 16, 16], "texture": "#Voxel-BFBFBF"},
				"east": {"uv": [0, 0, 16, 16], "texture": "#Voxel-BFBFBF"},
				"south": {"uv": [0, 0, 16, 16], "texture": "#Voxel-BFBFBF"},
				"west": {"uv": [0, 0, 16, 16], "texture": "#Voxel-BFBFBF"},
				"up": {"uv": [0, 0, 16, 16], "texture": "#Voxel-BFBFBF"},
				"down": {"uv": [0, 0, 16, 16], "texture": "#Voxel-BFBFBF"}
			}
		},
		{
			"name": "Voxel-BFBFBF",
			"from": [11, 1, 11],
			"to": [12, 2, 12],
			"faces": {
				"north": {"uv": [0, 0, 16, 16], "texture": "#Voxel-BFBFBF"},
				"east": {"uv": [0, 0, 16, 16], "texture": "#Voxel-BFBFBF"},
				"south": {"uv": [0, 0, 16, 16], "texture": "#Voxel-BFBFBF"},
				"west": {"uv": [0, 0, 16, 16], "texture": "#Voxel-BFBFBF"},
				"up": {"uv": [0, 0, 16, 16], "texture": "#Voxel-BFBFBF"},
				"down": {"uv": [0, 0, 16, 16], "texture": "#Voxel-BFBFBF"}
			}
		},
		{
			"name": "Voxel-BFBFBF",
			"from": [5, 1, 11],
			"to": [6, 2, 12],
			"faces": {
				"north": {"uv": [0, 0, 16, 16], "texture": "#Voxel-BFBFBF"},
				"east": {"uv": [0, 0, 16, 16], "texture": "#Voxel-BFBFBF"},
				"south": {"uv": [0, 0, 16, 16], "texture": "#Voxel-BFBFBF"},
				"west": {"uv": [0, 0, 16, 16], "texture": "#Voxel-BFBFBF"},
				"up": {"uv": [0, 0, 16, 16], "texture": "#Voxel-BFBFBF"},
				"down": {"uv": [0, 0, 16, 16], "texture": "#Voxel-BFBFBF"}
			}
		},
		{
			"name": "Voxel-BFBFBF",
			"from": [6, 0, 8],
			"to": [11, 1, 12],
			"faces": {
				"north": {"uv": [0, 0, 16, 16], "texture": "#Voxel-BFBFBF"},
				"east": {"uv": [0, 0, 16, 16], "texture": "#Voxel-BFBFBF"},
				"south": {"uv": [0, 0, 16, 16], "texture": "#Voxel-BFBFBF"},
				"west": {"uv": [0, 0, 16, 16], "texture": "#Voxel-BFBFBF"},
				"up": {"uv": [0, 0, 16, 16], "texture": "#Voxel-BFBFBF"},
				"down": {"uv": [0, 0, 16, 16], "texture": "#Voxel-BFBFBF"}
			}
		},
		{
			"name": "Voxel-BFBFBF",
			"from": [7, 0, 7],
			"to": [10, 1, 8],
			"faces": {
				"north": {"uv": [0, 0, 16, 16], "texture": "#Voxel-BFBFBF"},
				"east": {"uv": [0, 0, 16, 16], "texture": "#Voxel-BFBFBF"},
				"south": {"uv": [0, 0, 16, 16], "texture": "#Voxel-BFBFBF"},
				"west": {"uv": [0, 0, 16, 16], "texture": "#Voxel-BFBFBF"},
				"up": {"uv": [0, 0, 16, 16], "texture": "#Voxel-BFBFBF"},
				"down": {"uv": [0, 0, 16, 16], "texture": "#Voxel-BFBFBF"}
			}
		},
		{
			"name": "Voxel-BFBFBF",
			"from": [11, 4, 7],
			"to": [12, 6, 8],
			"faces": {
				"north": {"uv": [0, 0, 16, 16], "texture": "#Voxel-BFBFBF"},
				"east": {"uv": [0, 0, 16, 16], "texture": "#Voxel-BFBFBF"},
				"south": {"uv": [0, 0, 16, 16], "texture": "#Voxel-BFBFBF"},
				"west": {"uv": [0, 0, 16, 16], "texture": "#Voxel-BFBFBF"},
				"up": {"uv": [0, 0, 16, 16], "texture": "#Voxel-BFBFBF"},
				"down": {"uv": [0, 0, 16, 16], "texture": "#Voxel-BFBFBF"}
			}
		},
		{
			"name": "Voxel-BFBFBF",
			"from": [5, 4, 7],
			"to": [6, 6, 8],
			"faces": {
				"north": {"uv": [0, 0, 16, 16], "texture": "#Voxel-BFBFBF"},
				"east": {"uv": [0, 0, 16, 16], "texture": "#Voxel-BFBFBF"},
				"south": {"uv": [0, 0, 16, 16], "texture": "#Voxel-BFBFBF"},
				"west": {"uv": [0, 0, 16, 16], "texture": "#Voxel-BFBFBF"},
				"up": {"uv": [0, 0, 16, 16], "texture": "#Voxel-BFBFBF"},
				"down": {"uv": [0, 0, 16, 16], "texture": "#Voxel-BFBFBF"}
			}
		},
		{
			"name": "Voxel-F98E00",
			"from": [10, 6, 9],
			"to": [11, 7, 10],
			"faces": {
				"north": {"uv": [0, 0, 16, 16], "texture": "#Voxel-F98E00"},
				"east": {"uv": [0, 0, 16, 16], "texture": "#Voxel-F98E00"},
				"south": {"uv": [0, 0, 16, 16], "texture": "#Voxel-F98E00"},
				"west": {"uv": [0, 0, 16, 16], "texture": "#Voxel-F98E00"},
				"up": {"uv": [0, 0, 16, 16], "texture": "#Voxel-F98E00"},
				"down": {"uv": [0, 0, 16, 16], "texture": "#Voxel-F98E00"}
			}
		},
		{
			"name": "Voxel-F98E00",
			"from": [6, 6, 9],
			"to": [7, 7, 10],
			"faces": {
				"north": {"uv": [0, 0, 16, 16], "texture": "#Voxel-F98E00"},
				"east": {"uv": [0, 0, 16, 16], "texture": "#Voxel-F98E00"},
				"south": {"uv": [0, 0, 16, 16], "texture": "#Voxel-F98E00"},
				"west": {"uv": [0, 0, 16, 16], "texture": "#Voxel-F98E00"},
				"up": {"uv": [0, 0, 16, 16], "texture": "#Voxel-F98E00"},
				"down": {"uv": [0, 0, 16, 16], "texture": "#Voxel-F98E00"}
			}
		}
	],
	"display": {
		"thirdperson_lefthand": {
			"translation": [0, 3, 0]
		},
		"firstperson_righthand": {
			"translation": [-5, 4, 0]
		},
		"firstperson_lefthand": {
			"translation": [-5, 4, 0]
		},
		"ground": {
			"translation": [0, 3, 0]
		},
		"gui": {
			"rotation": [25, 25, 0],
			"translation": [0, 1.5, 0]
		}
	},
	"groups": [
		{
			"name": "magic",
			"origin": [8, 8, 8],
			"color": 0,
			"nbt": "{}",
			"armAnimationEnabled": false,
			"children": [0, 1, 2, 3, 4, 5, 6, 7, 8, 9, 10, 11, 12, 13, 14, 15, 16, 17, 18, 19, 20, 21, 22, 23, 24, 25, 26, 27, 28, 29, 30, 31, 32, 33, 34, 35, 36, 37, 38, 39, 40, 41, 42, 43, 44, 45, 46, 47, 48, 49, 50, 51, 52, 53]
		}
	]
}