{
	"credit": "Made with Blockbench",
	"textures": {
		"Voxel-666666": "item/voxel-666666",
		"Voxel-FFFFFF": "item/voxel-ffffff",
		"Voxel-DE0000": "item/voxel-de0000",
		"Voxel-FF7171": "item/voxel-ff7171",
		"Voxel-000000": "item/voxel-000000",
		"particle": "item/particle"
	},
	"elements": [
		{
			"name": "Voxel-666666",
			"from": [6, 0, 13],
			"to": [11, 10, 14],
			"faces": {
				"north": {"uv": [0, 0, 0, 0], "texture": "#Voxel-666666"},
				"east": {"uv": [0, 0, 0, 0], "texture": "#Voxel-666666"},
				"south": {"uv": [0, 0, 16, 16], "texture": "#Voxel-666666"},
				"west": {"uv": [0, 0, 16, 16], "texture": "#Voxel-666666"},
				"up": {"uv": [0, 0, 0, 0], "texture": "#Voxel-666666"},
				"down": {"uv": [0, 0, 16, 16], "texture": "#Voxel-666666", "cullface": "down"}
			}
		},
		{
			"name": "Voxel-666666",
			"from": [5, 0, 12],
			"to": [6, 10, 13],
			"faces": {
				"north": {"uv": [0, 0, 0, 0], "texture": "#Voxel-666666"},
				"east": {"uv": [0, 0, 0, 0], "texture": "#Voxel-666666"},
				"south": {"uv": [0, 0, 16, 16], "texture": "#Voxel-666666"},
				"west": {"uv": [0, 0, 16, 16], "texture": "#Voxel-666666"},
				"up": {"uv": [0, 0, 0, 0], "texture": "#Voxel-666666"},
				"down": {"uv": [0, 0, 16, 16], "texture": "#Voxel-666666", "cullface": "down"}
			}
		},
		{
			"name": "Voxel-666666",
			"from": [4, 0, 11],
			"to": [5, 10, 12],
			"faces": {
				"north": {"uv": [0, 0, 0, 0], "texture": "#Voxel-666666"},
				"east": {"uv": [0, 0, 0, 0], "texture": "#Voxel-666666"},
				"south": {"uv": [0, 0, 16, 16], "texture": "#Voxel-666666"},
				"west": {"uv": [0, 0, 16, 16], "texture": "#Voxel-666666"},
				"up": {"uv": [0, 0, 0, 0], "texture": "#Voxel-666666"},
				"down": {"uv": [0, 0, 16, 16], "texture": "#Voxel-666666", "cullface": "down"}
			}
		},
		{
			"name": "Voxel-666666",
			"from": [3, 0, 6],
			"to": [4, 10, 11],
			"faces": {
				"north": {"uv": [0, 0, 0, 0], "texture": "#Voxel-666666"},
				"east": {"uv": [0, 0, 0, 0], "texture": "#Voxel-666666"},
				"south": {"uv": [0, 0, 16, 16], "texture": "#Voxel-666666"},
				"west": {"uv": [0, 0, 16, 16], "texture": "#Voxel-666666"},
				"up": {"uv": [0, 0, 0, 0], "texture": "#Voxel-666666"},
				"down": {"uv": [0, 0, 16, 16], "texture": "#Voxel-666666", "cullface": "down"}
			}
		},
		{
			"name": "Voxel-666666",
			"from": [11, 0, 12],
			"to": [12, 10, 13],
			"faces": {
				"north": {"uv": [0, 0, 0, 0], "texture": "#Voxel-666666"},
				"east": {"uv": [0, 0, 16, 16], "texture": "#Voxel-666666"},
				"south": {"uv": [0, 0, 16, 16], "texture": "#Voxel-666666"},
				"west": {"uv": [0, 0, 0, 0], "texture": "#Voxel-666666"},
				"up": {"uv": [0, 0, 0, 0], "texture": "#Voxel-666666"},
				"down": {"uv": [0, 0, 16, 16], "texture": "#Voxel-666666", "cullface": "down"}
			}
		},
		{
			"name": "Voxel-666666",
			"from": [12, 0, 11],
			"to": [13, 10, 12],
			"faces": {
				"north": {"uv": [0, 0, 0, 0], "texture": "#Voxel-666666"},
				"east": {"uv": [0, 0, 16, 16], "texture": "#Voxel-666666"},
				"south": {"uv": [0, 0, 16, 16], "texture": "#Voxel-666666"},
				"west": {"uv": [0, 0, 0, 0], "texture": "#Voxel-666666"},
				"up": {"uv": [0, 0, 0, 0], "texture": "#Voxel-666666"},
				"down": {"uv": [0, 0, 16, 16], "texture": "#Voxel-666666", "cullface": "down"}
			}
		},
		{
			"name": "Voxel-666666",
			"from": [13, 0, 6],
			"to": [14, 10, 11],
			"faces": {
				"north": {"uv": [0, 0, 0, 0], "texture": "#Voxel-666666"},
				"east": {"uv": [0, 0, 16, 16], "texture": "#Voxel-666666"},
				"south": {"uv": [0, 0, 16, 16], "texture": "#Voxel-666666"},
				"west": {"uv": [0, 0, 0, 0], "texture": "#Voxel-666666"},
				"up": {"uv": [0, 0, 0, 0], "texture": "#Voxel-666666"},
				"down": {"uv": [0, 0, 16, 16], "texture": "#Voxel-666666", "cullface": "down"}
			}
		},
		{
			"name": "Voxel-666666",
			"from": [12, 0, 5],
			"to": [13, 10, 6],
			"faces": {
				"north": {"uv": [0, 0, 16, 16], "texture": "#Voxel-666666"},
				"east": {"uv": [0, 0, 16, 16], "texture": "#Voxel-666666"},
				"south": {"uv": [0, 0, 0, 0], "texture": "#Voxel-666666"},
				"west": {"uv": [0, 0, 0, 0], "texture": "#Voxel-666666"},
				"up": {"uv": [0, 0, 0, 0], "texture": "#Voxel-666666"},
				"down": {"uv": [0, 0, 16, 16], "texture": "#Voxel-666666", "cullface": "down"}
			}
		},
		{
			"name": "Voxel-666666",
			"from": [11, 0, 4],
			"to": [12, 10, 5],
			"faces": {
				"north": {"uv": [0, 0, 16, 16], "texture": "#Voxel-666666"},
				"east": {"uv": [0, 0, 16, 16], "texture": "#Voxel-666666"},
				"south": {"uv": [0, 0, 0, 0], "texture": "#Voxel-666666"},
				"west": {"uv": [0, 0, 0, 0], "texture": "#Voxel-666666"},
				"up": {"uv": [0, 0, 0, 0], "texture": "#Voxel-666666"},
				"down": {"uv": [0, 0, 16, 16], "texture": "#Voxel-666666", "cullface": "down"}
			}
		},
		{
			"name": "Voxel-666666",
			"from": [6, 0, 3],
			"to": [11, 10, 4],
			"faces": {
				"north": {"uv": [0, 0, 16, 16], "texture": "#Voxel-666666"},
				"east": {"uv": [0, 0, 16, 16], "texture": "#Voxel-666666"},
				"south": {"uv": [0, 0, 0, 0], "texture": "#Voxel-666666"},
				"west": {"uv": [0, 0, 0, 0], "texture": "#Voxel-666666"},
				"up": {"uv": [0, 0, 0, 0], "texture": "#Voxel-666666"},
				"down": {"uv": [0, 0, 16, 16], "texture": "#Voxel-666666", "cullface": "down"}
			}
		},
		{
			"name": "Voxel-666666",
			"from": [5, 0, 4],
			"to": [6, 10, 5],
			"faces": {
				"north": {"uv": [0, 0, 16, 16], "texture": "#Voxel-666666"},
				"east": {"uv": [0, 0, 0, 0], "texture": "#Voxel-666666"},
				"south": {"uv": [0, 0, 0, 0], "texture": "#Voxel-666666"},
				"west": {"uv": [0, 0, 16, 16], "texture": "#Voxel-666666"},
				"up": {"uv": [0, 0, 0, 0], "texture": "#Voxel-666666"},
				"down": {"uv": [0, 0, 16, 16], "texture": "#Voxel-666666", "cullface": "down"}
			}
		},
		{
			"name": "Voxel-666666",
			"from": [4, 0, 5],
			"to": [5, 10, 6],
			"faces": {
				"north": {"uv": [0, 0, 16, 16], "texture": "#Voxel-666666"},
				"east": {"uv": [0, 0, 0, 0], "texture": "#Voxel-666666"},
				"south": {"uv": [0, 0, 0, 0], "texture": "#Voxel-666666"},
				"west": {"uv": [0, 0, 16, 16], "texture": "#Voxel-666666"},
				"up": {"uv": [0, 0, 0, 0], "texture": "#Voxel-666666"},
				"down": {"uv": [0, 0, 16, 16], "texture": "#Voxel-666666", "cullface": "down"}
			}
		},
		{
			"name": "Voxel-666666",
			"from": [5, 0, 5],
			"to": [12, 1, 6],
			"faces": {
				"north": {"uv": [0, 0, 0, 0], "texture": "#Voxel-666666"},
				"east": {"uv": [0, 0, 0, 0], "texture": "#Voxel-666666"},
				"south": {"uv": [0, 0, 0, 0], "texture": "#Voxel-666666"},
				"west": {"uv": [0, 0, 0, 0], "texture": "#Voxel-666666"},
				"up": {"uv": [0, 0, 0, 0], "texture": "#Voxel-666666"},
				"down": {"uv": [0, 0, 16, 16], "texture": "#Voxel-666666", "cullface": "down"}
			}
		},
		{
			"name": "Voxel-666666",
			"from": [5, 0, 11],
			"to": [12, 1, 12],
			"faces": {
				"north": {"uv": [0, 0, 0, 0], "texture": "#Voxel-666666"},
				"east": {"uv": [0, 0, 0, 0], "texture": "#Voxel-666666"},
				"south": {"uv": [0, 0, 0, 0], "texture": "#Voxel-666666"},
				"west": {"uv": [0, 0, 0, 0], "texture": "#Voxel-666666"},
				"up": {"uv": [0, 0, 0, 0], "texture": "#Voxel-666666"},
				"down": {"uv": [0, 0, 16, 16], "texture": "#Voxel-666666", "cullface": "down"}
			}
		},
		{
			"name": "Voxel-666666",
			"from": [6, 0, 12],
			"to": [11, 1, 13],
			"faces": {
				"north": {"uv": [0, 0, 0, 0], "texture": "#Voxel-666666"},
				"east": {"uv": [0, 0, 0, 0], "texture": "#Voxel-666666"},
				"south": {"uv": [0, 0, 0, 0], "texture": "#Voxel-666666"},
				"west": {"uv": [0, 0, 0, 0], "texture": "#Voxel-666666"},
				"up": {"uv": [0, 0, 0, 0], "texture": "#Voxel-666666"},
				"down": {"uv": [0, 0, 16, 16], "texture": "#Voxel-666666", "cullface": "down"}
			}
		},
		{
			"name": "Voxel-666666",
			"from": [6, 0, 4],
			"to": [11, 1, 5],
			"faces": {
				"north": {"uv": [0, 0, 0, 0], "texture": "#Voxel-666666"},
				"east": {"uv": [0, 0, 0, 0], "texture": "#Voxel-666666"},
				"south": {"uv": [0, 0, 0, 0], "texture": "#Voxel-666666"},
				"west": {"uv": [0, 0, 0, 0], "texture": "#Voxel-666666"},
				"up": {"uv": [0, 0, 0, 0], "texture": "#Voxel-666666"},
				"down": {"uv": [0, 0, 16, 16], "texture": "#Voxel-666666", "cullface": "down"}
			}
		},
		{
			"name": "Voxel-666666",
			"from": [4, 0, 6],
			"to": [13, 1, 11],
			"faces": {
				"north": {"uv": [0, 0, 0, 0], "texture": "#Voxel-666666"},
				"east": {"uv": [0, 0, 0, 0], "texture": "#Voxel-666666"},
				"south": {"uv": [0, 0, 0, 0], "texture": "#Voxel-666666"},
				"west": {"uv": [0, 0, 0, 0], "texture": "#Voxel-666666"},
				"up": {"uv": [0, 0, 0, 0], "texture": "#Voxel-666666"},
				"down": {"uv": [0, 0, 16, 16], "texture": "#Voxel-666666", "cullface": "down"}
			}
		},
		{
			"name": "Voxel-666666",
			"from": [2, 10, 2],
			"to": [15, 12, 15],
			"faces": {
				"north": {"uv": [0, 0, 0, 0], "texture": "#Voxel-666666"},
				"east": {"uv": [0, 0, 16, 16], "texture": "#Voxel-666666"},
				"south": {"uv": [0, 0, 16, 16], "texture": "#Voxel-666666"},
				"west": {"uv": [0, 0, 0, 0], "texture": "#Voxel-666666"},
				"up": {"uv": [0, 0, 16, 16], "texture": "#Voxel-666666"},
				"down": {"uv": [0, 0, 0, 0], "texture": "#Voxel-666666"}
			}
		},
		{
			"name": "Voxel-FFFFFF",
			"from": [10, 24, 7],
			"to": [11, 25, 10],
			"faces": {
				"north": {"uv": [0, 0, 0, 0], "texture": "#Voxel-FFFFFF"},
				"east": {"uv": [0, 0, 16, 16], "texture": "#Voxel-FFFFFF", "cullface": "up"},
				"south": {"uv": [0, 0, 0, 0], "texture": "#Voxel-FFFFFF"},
				"west": {"uv": [0, 0, 0, 0], "texture": "#Voxel-FFFFFF"},
				"up": {"uv": [0, 0, 0, 0], "texture": "#Voxel-FFFFFF"},
				"down": {"uv": [0, 0, 0, 0], "texture": "#Voxel-FFFFFF"}
			}
		},
		{
			"name": "Voxel-FFFFFF",
			"from": [10, 21, 7],
			"to": [11, 22, 10],
			"faces": {
				"north": {"uv": [0, 0, 0, 0], "texture": "#Voxel-FFFFFF"},
				"east": {"uv": [0, 0, 16, 16], "texture": "#Voxel-FFFFFF", "cullface": "up"},
				"south": {"uv": [0, 0, 16, 16], "texture": "#Voxel-FFFFFF", "cullface": "up"},
				"west": {"uv": [0, 0, 0, 0], "texture": "#Voxel-FFFFFF"},
				"up": {"uv": [0, 0, 0, 0], "texture": "#Voxel-FFFFFF"},
				"down": {"uv": [0, 0, 16, 16], "texture": "#Voxel-FFFFFF", "cullface": "up"}
			}
		},
		{
			"name": "Voxel-FFFFFF",
			"from": [10, 22, 6],
			"to": [11, 25, 7],
			"faces": {
				"north": {"uv": [0, 0, 16, 16], "texture": "#Voxel-FFFFFF", "cullface": "up"},
				"east": {"uv": [0, 0, 16, 16], "texture": "#Voxel-FFFFFF", "cullface": "up"},
				"south": {"uv": [0, 0, 0, 0], "texture": "#Voxel-FFFFFF"},
				"west": {"uv": [0, 0, 0, 0], "texture": "#Voxel-FFFFFF"},
				"up": {"uv": [0, 0, 0, 0], "texture": "#Voxel-FFFFFF"},
				"down": {"uv": [0, 0, 16, 16], "texture": "#Voxel-FFFFFF", "cullface": "up"}
			}
		},
		{
			"name": "Voxel-FFFFFF",
			"from": [10, 22, 10],
			"to": [11, 25, 11],
			"faces": {
				"north": {"uv": [0, 0, 0, 0], "texture": "#Voxel-FFFFFF"},
				"east": {"uv": [0, 0, 16, 16], "texture": "#Voxel-FFFFFF", "cullface": "up"},
				"south": {"uv": [0, 0, 16, 16], "texture": "#Voxel-FFFFFF", "cullface": "up"},
				"west": {"uv": [0, 0, 0, 0], "texture": "#Voxel-FFFFFF"},
				"up": {"uv": [0, 0, 0, 0], "texture": "#Voxel-FFFFFF"},
				"down": {"uv": [0, 0, 16, 16], "texture": "#Voxel-FFFFFF", "cullface": "up"}
			}
		},
		{
			"name": "Voxel-FFFFFF",
			"from": [10, 22, 7],
			"to": [11, 23, 8],
			"faces": {
				"north": {"uv": [0, 0, 0, 0], "texture": "#Voxel-FFFFFF"},
				"east": {"uv": [0, 0, 16, 16], "texture": "#Voxel-FFFFFF", "cullface": "up"},
				"south": {"uv": [0, 0, 0, 0], "texture": "#Voxel-FFFFFF"},
				"west": {"uv": [0, 0, 0, 0], "texture": "#Voxel-FFFFFF"},
				"up": {"uv": [0, 0, 0, 0], "texture": "#Voxel-FFFFFF"},
				"down": {"uv": [0, 0, 0, 0], "texture": "#Voxel-FFFFFF"}
			}
		},
		{
			"name": "Voxel-FFFFFF",
			"from": [10, 22, 9],
			"to": [11, 23, 10],
			"faces": {
				"north": {"uv": [0, 0, 0, 0], "texture": "#Voxel-FFFFFF"},
				"east": {"uv": [0, 0, 16, 16], "texture": "#Voxel-FFFFFF", "cullface": "up"},
				"south": {"uv": [0, 0, 0, 0], "texture": "#Voxel-FFFFFF"},
				"west": {"uv": [0, 0, 0, 0], "texture": "#Voxel-FFFFFF"},
				"up": {"uv": [0, 0, 0, 0], "texture": "#Voxel-FFFFFF"},
				"down": {"uv": [0, 0, 0, 0], "texture": "#Voxel-FFFFFF"}
			}
		},
		{
			"name": "Voxel-DE0000",
			"from": [10, 23, 7],
			"to": [11, 24, 10],
			"faces": {
				"east": {"uv": [0, 0, 16, 16], "texture": "#Voxel-DE0000", "cullface": "up"}
			}
		},
		{
			"name": "Voxel-DE0000",
			"from": [10, 22, 8],
			"to": [11, 23, 9],
			"faces": {
				"east": {"uv": [0, 0, 16, 16], "texture": "#Voxel-DE0000", "cullface": "up"}
			}
		},
		{
			"name": "Voxel-FFFFFF",
			"from": [9, 24, 11],
			"to": [10, 25, 12],
			"faces": {
				"north": {"uv": [0, 0, 0, 0], "texture": "#Voxel-FFFFFF"},
				"east": {"uv": [0, 0, 16, 16], "texture": "#Voxel-FFFFFF", "cullface": "up"},
				"south": {"uv": [0, 0, 16, 16], "texture": "#Voxel-FFFFFF", "cullface": "up"},
				"west": {"uv": [0, 0, 0, 0], "texture": "#Voxel-FFFFFF"},
				"up": {"uv": [0, 0, 0, 0], "texture": "#Voxel-FFFFFF"},
				"down": {"uv": [0, 0, 0, 0], "texture": "#Voxel-FFFFFF"}
			}
		},
		{
			"name": "Voxel-FFFFFF",
			"from": [9, 24, 5],
			"to": [10, 25, 6],
			"faces": {
				"north": {"uv": [0, 0, 16, 16], "texture": "#Voxel-FFFFFF", "cullface": "up"},
				"east": {"uv": [0, 0, 16, 16], "texture": "#Voxel-FFFFFF", "cullface": "up"},
				"south": {"uv": [0, 0, 0, 0], "texture": "#Voxel-FFFFFF"},
				"west": {"uv": [0, 0, 0, 0], "texture": "#Voxel-FFFFFF"},
				"up": {"uv": [0, 0, 0, 0], "texture": "#Voxel-FFFFFF"},
				"down": {"uv": [0, 0, 0, 0], "texture": "#Voxel-FFFFFF"}
			}
		},
		{
			"name": "Voxel-666666",
			"from": [10, 25, 6],
			"to": [11, 26, 11],
			"faces": {
				"north": {"uv": [0, 0, 0, 0], "texture": "#Voxel-666666"},
				"east": {"uv": [0, 0, 16, 16], "texture": "#Voxel-666666", "cullface": "up"},
				"south": {"uv": [0, 0, 16, 16], "texture": "#Voxel-666666", "cullface": "up"},
				"west": {"uv": [0, 0, 0, 0], "texture": "#Voxel-666666"},
				"up": {"uv": [0, 0, 0, 0], "texture": "#Voxel-666666"},
				"down": {"uv": [0, 0, 0, 0], "texture": "#Voxel-666666"}
			}
		},
		{
			"name": "Voxel-666666",
			"from": [10, 26, 8],
			"to": [11, 27, 9],
			"faces": {
				"north": {"uv": [0, 0, 0, 0], "texture": "#Voxel-666666"},
				"east": {"uv": [0, 0, 16, 16], "texture": "#Voxel-666666", "cullface": "up"},
				"south": {"uv": [0, 0, 0, 0], "texture": "#Voxel-666666"},
				"west": {"uv": [0, 0, 0, 0], "texture": "#Voxel-666666"},
				"up": {"uv": [0, 0, 16, 16], "texture": "#Voxel-666666", "cullface": "up"},
				"down": {"uv": [0, 0, 0, 0], "texture": "#Voxel-666666"}
			}
		},
		{
			"name": "Voxel-FFFFFF",
			"from": [10, 26, 6],
			"to": [11, 28, 7],
			"faces": {
				"north": {"uv": [0, 0, 16, 16], "texture": "#Voxel-FFFFFF", "cullface": "up"},
				"east": {"uv": [0, 0, 16, 16], "texture": "#Voxel-FFFFFF", "cullface": "up"},
				"south": {"uv": [0, 0, 0, 0], "texture": "#Voxel-FFFFFF"},
				"west": {"uv": [0, 0, 0, 0], "texture": "#Voxel-FFFFFF"},
				"up": {"uv": [0, 0, 0, 0], "texture": "#Voxel-FFFFFF"},
				"down": {"uv": [0, 0, 0, 0], "texture": "#Voxel-FFFFFF"}
			}
		},
		{
			"name": "Voxel-FF7171",
			"from": [10, 26, 7],
			"to": [11, 27, 8],
			"faces": {
				"north": {"uv": [0, 0, 0, 0], "texture": "#Voxel-FF7171"},
				"east": {"uv": [0, 0, 16, 16], "texture": "#Voxel-FF7171", "cullface": "up"},
				"south": {"uv": [0, 0, 0, 0], "texture": "#Voxel-FF7171"},
				"west": {"uv": [0, 0, 0, 0], "texture": "#Voxel-FF7171"},
				"up": {"uv": [0, 0, 0, 0], "texture": "#Voxel-FF7171"},
				"down": {"uv": [0, 0, 0, 0], "texture": "#Voxel-FF7171"}
			}
		},
		{
			"name": "Voxel-FF7171",
			"from": [10, 26, 10],
			"to": [11, 28, 11],
			"faces": {
				"north": {"uv": [0, 0, 0, 0], "texture": "#Voxel-FF7171"},
				"east": {"uv": [0, 0, 16, 16], "texture": "#Voxel-FF7171", "cullface": "up"},
				"south": {"uv": [0, 0, 16, 16], "texture": "#Voxel-FF7171", "cullface": "up"},
				"west": {"uv": [0, 0, 0, 0], "texture": "#Voxel-FF7171"},
				"up": {"uv": [0, 0, 0, 0], "texture": "#Voxel-FF7171"},
				"down": {"uv": [0, 0, 0, 0], "texture": "#Voxel-FF7171"}
			}
		},
		{
			"name": "Voxel-FF7171",
			"from": [10, 26, 9],
			"to": [11, 27, 10],
			"faces": {
				"north": {"uv": [0, 0, 0, 0], "texture": "#Voxel-FF7171"},
				"east": {"uv": [0, 0, 16, 16], "texture": "#Voxel-FF7171", "cullface": "up"},
				"south": {"uv": [0, 0, 0, 0], "texture": "#Voxel-FF7171"},
				"west": {"uv": [0, 0, 0, 0], "texture": "#Voxel-FF7171"},
				"up": {"uv": [0, 0, 0, 0], "texture": "#Voxel-FF7171"},
				"down": {"uv": [0, 0, 0, 0], "texture": "#Voxel-FF7171"}
			}
		},
		{
			"name": "Voxel-000000",
			"from": [10, 27, 9],
			"to": [11, 28, 10],
			"faces": {
				"north": {"uv": [0, 0, 16, 16], "texture": "#Voxel-000000", "cullface": "up"},
				"east": {"uv": [0, 0, 16, 16], "texture": "#Voxel-000000", "cullface": "up"},
				"south": {"uv": [0, 0, 0, 0], "texture": "#Voxel-000000"},
				"west": {"uv": [0, 0, 0, 0], "texture": "#Voxel-000000"},
				"up": {"uv": [0, 0, 16, 16], "texture": "#Voxel-000000", "cullface": "up"},
				"down": {"uv": [0, 0, 0, 0], "texture": "#Voxel-000000"}
			}
		},
		{
			"name": "Voxel-000000",
			"from": [10, 27, 7],
			"to": [11, 28, 8],
			"faces": {
				"north": {"uv": [0, 0, 0, 0], "texture": "#Voxel-000000"},
				"east": {"uv": [0, 0, 16, 16], "texture": "#Voxel-000000", "cullface": "up"},
				"south": {"uv": [0, 0, 16, 16], "texture": "#Voxel-000000", "cullface": "up"},
				"west": {"uv": [0, 0, 0, 0], "texture": "#Voxel-000000"},
				"up": {"uv": [0, 0, 16, 16], "texture": "#Voxel-000000", "cullface": "up"},
				"down": {"uv": [0, 0, 0, 0], "texture": "#Voxel-000000"}
			}
		},
		{
			"name": "Voxel-666666",
			"from": [5, 25, 5],
			"to": [10, 28, 12],
			"faces": {
				"north": {"uv": [0, 0, 16, 16], "texture": "#Voxel-666666", "cullface": "up"},
				"east": {"uv": [0, 0, 16, 16], "texture": "#Voxel-666666", "cullface": "up"},
				"south": {"uv": [0, 0, 0, 0], "texture": "#Voxel-666666"},
				"west": {"uv": [0, 0, 0, 0], "texture": "#Voxel-666666"},
				"up": {"uv": [0, 0, 16, 16], "texture": "#Voxel-666666", "cullface": "up"},
				"down": {"uv": [0, 0, 0, 0], "texture": "#Voxel-666666"}
			}
		},
		{
			"name": "Voxel-666666",
			"from": [6, 24, 4],
			"to": [9, 27, 5],
			"faces": {
				"north": {"uv": [0, 0, 16, 16], "texture": "#Voxel-666666", "cullface": "up"},
				"east": {"uv": [0, 0, 16, 16], "texture": "#Voxel-666666", "cullface": "up"},
				"south": {"uv": [0, 0, 0, 0], "texture": "#Voxel-666666"},
				"west": {"uv": [0, 0, 0, 0], "texture": "#Voxel-666666"},
				"up": {"uv": [0, 0, 0, 0], "texture": "#Voxel-666666"},
				"down": {"uv": [0, 0, 16, 16], "texture": "#Voxel-666666", "cullface": "up"}
			}
		},
		{
			"name": "Voxel-666666",
			"from": [6, 24, 12],
			"to": [9, 27, 13],
			"faces": {
				"north": {"uv": [0, 0, 0, 0], "texture": "#Voxel-666666"},
				"east": {"uv": [0, 0, 16, 16], "texture": "#Voxel-666666", "cullface": "up"},
				"south": {"uv": [0, 0, 16, 16], "texture": "#Voxel-666666", "cullface": "up"},
				"west": {"uv": [0, 0, 0, 0], "texture": "#Voxel-666666"},
				"up": {"uv": [0, 0, 0, 0], "texture": "#Voxel-666666"},
				"down": {"uv": [0, 0, 16, 16], "texture": "#Voxel-666666", "cullface": "up"}
			}
		},
		{
			"name": "Voxel-666666",
			"from": [7, 28, 9],
			"to": [9, 29, 11],
			"faces": {
				"north": {"uv": [0, 0, 0, 0], "texture": "#Voxel-666666"},
				"east": {"uv": [0, 0, 16, 16], "texture": "#Voxel-666666", "cullface": "up"},
				"south": {"uv": [0, 0, 0, 0], "texture": "#Voxel-666666"},
				"west": {"uv": [0, 0, 0, 0], "texture": "#Voxel-666666"},
				"up": {"uv": [0, 0, 16, 16], "texture": "#Voxel-666666", "cullface": "up"},
				"down": {"uv": [0, 0, 0, 0], "texture": "#Voxel-666666"}
			}
		},
		{
			"name": "Voxel-666666",
			"from": [7, 28, 6],
			"to": [9, 29, 8],
			"faces": {
				"north": {"uv": [0, 0, 0, 0], "texture": "#Voxel-666666"},
				"east": {"uv": [0, 0, 16, 16], "texture": "#Voxel-666666", "cullface": "up"},
				"south": {"uv": [0, 0, 0, 0], "texture": "#Voxel-666666"},
				"west": {"uv": [0, 0, 0, 0], "texture": "#Voxel-666666"},
				"up": {"uv": [0, 0, 0, 0], "texture": "#Voxel-666666"},
				"down": {"uv": [0, 0, 0, 0], "texture": "#Voxel-666666"}
			}
		},
		{
			"name": "Voxel-FFFFFF",
			"from": [6, 29, 6],
			"to": [7, 30, 11],
			"faces": {
				"north": {"uv": [0, 0, 0, 0], "texture": "#Voxel-FFFFFF"},
				"east": {"uv": [0, 0, 16, 16], "texture": "#Voxel-FFFFFF", "cullface": "up"},
				"south": {"uv": [0, 0, 16, 16], "texture": "#Voxel-FFFFFF", "cullface": "up"},
				"west": {"uv": [0, 0, 16, 16], "texture": "#Voxel-FFFFFF", "cullface": "up"},
				"up": {"uv": [0, 0, 16, 16], "texture": "#Voxel-FFFFFF", "cullface": "up"},
				"down": {"uv": [0, 0, 0, 0], "texture": "#Voxel-FFFFFF"}
			}
		},
		{
			"name": "Voxel-FFFFFF",
			"from": [7, 29, 7],
			"to": [9, 30, 10],
			"faces": {
				"north": {"uv": [0, 0, 16, 16], "texture": "#Voxel-FFFFFF", "cullface": "up"},
				"east": {"uv": [0, 0, 16, 16], "texture": "#Voxel-FFFFFF", "cullface": "up"},
				"south": {"uv": [0, 0, 0, 0], "texture": "#Voxel-FFFFFF"},
				"west": {"uv": [0, 0, 0, 0], "texture": "#Voxel-FFFFFF"},
				"up": {"uv": [0, 0, 16, 16], "texture": "#Voxel-FFFFFF", "cullface": "up"},
				"down": {"uv": [0, 0, 0, 0], "texture": "#Voxel-FFFFFF"}
			}
		},
		{
			"name": "Voxel-FFFFFF",
			"from": [6, 28, 5],
			"to": [9, 29, 6],
			"faces": {
				"north": {"uv": [0, 0, 16, 16], "texture": "#Voxel-FFFFFF", "cullface": "up"},
				"east": {"uv": [0, 0, 16, 16], "texture": "#Voxel-FFFFFF", "cullface": "up"},
				"south": {"uv": [0, 0, 0, 0], "texture": "#Voxel-FFFFFF"},
				"west": {"uv": [0, 0, 0, 0], "texture": "#Voxel-FFFFFF"},
				"up": {"uv": [0, 0, 16, 16], "texture": "#Voxel-FFFFFF", "cullface": "up"},
				"down": {"uv": [0, 0, 0, 0], "texture": "#Voxel-FFFFFF"}
			}
		},
		{
			"name": "Voxel-FFFFFF",
			"from": [6, 28, 8],
			"to": [9, 29, 9],
			"faces": {
				"north": {"uv": [0, 0, 16, 16], "texture": "#Voxel-FFFFFF", "cullface": "up"},
				"east": {"uv": [0, 0, 16, 16], "texture": "#Voxel-FFFFFF", "cullface": "up"},
				"south": {"uv": [0, 0, 0, 0], "texture": "#Voxel-FFFFFF"},
				"west": {"uv": [0, 0, 0, 0], "texture": "#Voxel-FFFFFF"},
				"up": {"uv": [0, 0, 16, 16], "texture": "#Voxel-FFFFFF", "cullface": "up"},
				"down": {"uv": [0, 0, 0, 0], "texture": "#Voxel-FFFFFF"}
			}
		},
		{
			"name": "Voxel-FFFFFF",
			"from": [6, 28, 11],
			"to": [9, 29, 12],
			"faces": {
				"north": {"uv": [0, 0, 0, 0], "texture": "#Voxel-FFFFFF"},
				"east": {"uv": [0, 0, 16, 16], "texture": "#Voxel-FFFFFF", "cullface": "up"},
				"south": {"uv": [0, 0, 16, 16], "texture": "#Voxel-FFFFFF", "cullface": "up"},
				"west": {"uv": [0, 0, 0, 0], "texture": "#Voxel-FFFFFF"},
				"up": {"uv": [0, 0, 16, 16], "texture": "#Voxel-FFFFFF", "cullface": "up"},
				"down": {"uv": [0, 0, 0, 0], "texture": "#Voxel-FFFFFF"}
			}
		},
		{
			"name": "Voxel-FFFFFF",
			"from": [5, 28, 6],
			"to": [6, 29, 11],
			"faces": {
				"north": {"uv": [0, 0, 16, 16], "texture": "#Voxel-FFFFFF", "cullface": "up"},
				"east": {"uv": [0, 0, 0, 0], "texture": "#Voxel-FFFFFF"},
				"south": {"uv": [0, 0, 0, 0], "texture": "#Voxel-FFFFFF"},
				"west": {"uv": [0, 0, 16, 16], "texture": "#Voxel-FFFFFF", "cullface": "up"},
				"up": {"uv": [0, 0, 16, 16], "texture": "#Voxel-FFFFFF", "cullface": "up"},
				"down": {"uv": [0, 0, 0, 0], "texture": "#Voxel-FFFFFF"}
			}
		},
		{
			"name": "Voxel-FFFFFF",
			"from": [4, 27, 6],
			"to": [5, 28, 11],
			"faces": {
				"north": {"uv": [0, 0, 16, 16], "texture": "#Voxel-FFFFFF", "cullface": "up"},
				"east": {"uv": [0, 0, 0, 0], "texture": "#Voxel-FFFFFF"},
				"south": {"uv": [0, 0, 0, 0], "texture": "#Voxel-FFFFFF"},
				"west": {"uv": [0, 0, 16, 16], "texture": "#Voxel-FFFFFF", "cullface": "up"},
				"up": {"uv": [0, 0, 16, 16], "texture": "#Voxel-FFFFFF", "cullface": "up"},
				"down": {"uv": [0, 0, 0, 0], "texture": "#Voxel-FFFFFF"}
			}
		},
		{
			"name": "Voxel-FFFFFF",
			"from": [3, 25, 6],
			"to": [4, 27, 11],
			"faces": {
				"north": {"uv": [0, 0, 16, 16], "texture": "#Voxel-FFFFFF", "cullface": "up"},
				"east": {"uv": [0, 0, 0, 0], "texture": "#Voxel-FFFFFF"},
				"south": {"uv": [0, 0, 0, 0], "texture": "#Voxel-FFFFFF"},
				"west": {"uv": [0, 0, 16, 16], "texture": "#Voxel-FFFFFF", "cullface": "up"},
				"up": {"uv": [0, 0, 16, 16], "texture": "#Voxel-FFFFFF", "cullface": "up"},
				"down": {"uv": [0, 0, 0, 0], "texture": "#Voxel-FFFFFF"}
			}
		},
		{
			"name": "Voxel-FFFFFF",
			"from": [3, 24, 7],
			"to": [4, 25, 10],
			"faces": {
				"north": {"uv": [0, 0, 16, 16], "texture": "#Voxel-FFFFFF", "cullface": "up"},
				"east": {"uv": [0, 0, 0, 0], "texture": "#Voxel-FFFFFF"},
				"south": {"uv": [0, 0, 0, 0], "texture": "#Voxel-FFFFFF"},
				"west": {"uv": [0, 0, 16, 16], "texture": "#Voxel-FFFFFF", "cullface": "up"},
				"up": {"uv": [0, 0, 0, 0], "texture": "#Voxel-FFFFFF"},
				"down": {"uv": [0, 0, 16, 16], "texture": "#Voxel-FFFFFF", "cullface": "up"}
			}
		},
		{
			"name": "Voxel-FFFFFF",
			"from": [4, 25, 11],
			"to": [5, 27, 12],
			"faces": {
				"north": {"uv": [0, 0, 0, 0], "texture": "#Voxel-FFFFFF"},
				"east": {"uv": [0, 0, 0, 0], "texture": "#Voxel-FFFFFF"},
				"south": {"uv": [0, 0, 16, 16], "texture": "#Voxel-FFFFFF", "cullface": "up"},
				"west": {"uv": [0, 0, 16, 16], "texture": "#Voxel-FFFFFF", "cullface": "up"},
				"up": {"uv": [0, 0, 16, 16], "texture": "#Voxel-FFFFFF", "cullface": "up"},
				"down": {"uv": [0, 0, 0, 0], "texture": "#Voxel-FFFFFF"}
			}
		},
		{
			"name": "Voxel-FFFFFF",
			"from": [4, 25, 5],
			"to": [5, 27, 6],
			"faces": {
				"north": {"uv": [0, 0, 16, 16], "texture": "#Voxel-FFFFFF", "cullface": "up"},
				"east": {"uv": [0, 0, 0, 0], "texture": "#Voxel-FFFFFF"},
				"south": {"uv": [0, 0, 0, 0], "texture": "#Voxel-FFFFFF"},
				"west": {"uv": [0, 0, 16, 16], "texture": "#Voxel-FFFFFF", "cullface": "up"},
				"up": {"uv": [0, 0, 16, 16], "texture": "#Voxel-FFFFFF", "cullface": "up"},
				"down": {"uv": [0, 0, 0, 0], "texture": "#Voxel-FFFFFF"}
			}
		},
		{
			"name": "Voxel-666666",
			"from": [5, 23, 10],
			"to": [10, 24, 12],
			"faces": {
				"north": {"uv": [0, 0, 0, 0], "texture": "#Voxel-666666"},
				"east": {"uv": [0, 0, 16, 16], "texture": "#Voxel-666666", "cullface": "up"},
				"south": {"uv": [0, 0, 16, 16], "texture": "#Voxel-666666", "cullface": "up"},
				"west": {"uv": [0, 0, 0, 0], "texture": "#Voxel-666666"},
				"up": {"uv": [0, 0, 0, 0], "texture": "#Voxel-666666"},
				"down": {"uv": [0, 0, 16, 16], "texture": "#Voxel-666666", "cullface": "up"}
			}
		},
		{
			"name": "Voxel-666666",
			"from": [5, 23, 5],
			"to": [10, 24, 7],
			"faces": {
				"north": {"uv": [0, 0, 16, 16], "texture": "#Voxel-666666", "cullface": "up"},
				"east": {"uv": [0, 0, 16, 16], "texture": "#Voxel-666666", "cullface": "up"},
				"south": {"uv": [0, 0, 0, 0], "texture": "#Voxel-666666"},
				"west": {"uv": [0, 0, 0, 0], "texture": "#Voxel-666666"},
				"up": {"uv": [0, 0, 0, 0], "texture": "#Voxel-666666"},
				"down": {"uv": [0, 0, 16, 16], "texture": "#Voxel-666666", "cullface": "up"}
			}
		},
		{
			"name": "Voxel-666666",
			"from": [4, 20, 7],
			"to": [5, 24, 10],
			"faces": {
				"north": {"uv": [0, 0, 0, 0], "texture": "#Voxel-666666"},
				"east": {"uv": [0, 0, 0, 0], "texture": "#Voxel-666666"},
				"south": {"uv": [0, 0, 16, 16], "texture": "#Voxel-666666", "cullface": "up"},
				"west": {"uv": [0, 0, 16, 16], "texture": "#Voxel-666666", "cullface": "up"},
				"up": {"uv": [0, 0, 0, 0], "texture": "#Voxel-666666"},
				"down": {"uv": [0, 0, 0, 0], "texture": "#Voxel-666666"}
			}
		},
		{
			"name": "Voxel-666666",
			"from": [3, 18, 7],
			"to": [4, 20, 10],
			"faces": {
				"north": {"uv": [0, 0, 0, 0], "texture": "#Voxel-666666"},
				"east": {"uv": [0, 0, 0, 0], "texture": "#Voxel-666666"},
				"south": {"uv": [0, 0, 16, 16], "texture": "#Voxel-666666", "cullface": "up"},
				"west": {"uv": [0, 0, 16, 16], "texture": "#Voxel-666666", "cullface": "up"},
				"up": {"uv": [0, 0, 0, 0], "texture": "#Voxel-666666"},
				"down": {"uv": [0, 0, 0, 0], "texture": "#Voxel-666666"}
			}
		},
		{
			"name": "Voxel-666666",
			"from": [4, 18, 5],
			"to": [5, 20, 7],
			"faces": {
				"north": {"uv": [0, 0, 16, 16], "texture": "#Voxel-666666", "cullface": "up"},
				"east": {"uv": [0, 0, 0, 0], "texture": "#Voxel-666666"},
				"south": {"uv": [0, 0, 0, 0], "texture": "#Voxel-666666"},
				"west": {"uv": [0, 0, 16, 16], "texture": "#Voxel-666666", "cullface": "up"},
				"up": {"uv": [0, 0, 16, 16], "texture": "#Voxel-666666", "cullface": "up"},
				"down": {"uv": [0, 0, 0, 0], "texture": "#Voxel-666666"}
			}
		},
		{
			"name": "Voxel-666666",
			"from": [4, 18, 10],
			"to": [5, 20, 12],
			"faces": {
				"north": {"uv": [0, 0, 0, 0], "texture": "#Voxel-666666"},
				"east": {"uv": [0, 0, 0, 0], "texture": "#Voxel-666666"},
				"south": {"uv": [0, 0, 0, 0], "texture": "#Voxel-666666"},
				"west": {"uv": [0, 0, 16, 16], "texture": "#Voxel-666666", "cullface": "up"},
				"up": {"uv": [0, 0, 0, 0], "texture": "#Voxel-666666"},
				"down": {"uv": [0, 0, 0, 0], "texture": "#Voxel-666666"}
			}
		},
		{
			"name": "Voxel-666666",
			"from": [4, 20, 10],
			"to": [5, 21, 11],
			"faces": {
				"north": {"uv": [0, 0, 0, 0], "texture": "#Voxel-666666"},
				"east": {"uv": [0, 0, 0, 0], "texture": "#Voxel-666666"},
				"south": {"uv": [0, 0, 16, 16], "texture": "#Voxel-666666", "cullface": "up"},
				"west": {"uv": [0, 0, 16, 16], "texture": "#Voxel-666666", "cullface": "up"},
				"up": {"uv": [0, 0, 16, 16], "texture": "#Voxel-666666", "cullface": "up"},
				"down": {"uv": [0, 0, 0, 0], "texture": "#Voxel-666666"}
			}
		},
		{
			"name": "Voxel-666666",
			"from": [4, 20, 6],
			"to": [5, 21, 7],
			"faces": {
				"north": {"uv": [0, 0, 16, 16], "texture": "#Voxel-666666", "cullface": "up"},
				"east": {"uv": [0, 0, 0, 0], "texture": "#Voxel-666666"},
				"south": {"uv": [0, 0, 0, 0], "texture": "#Voxel-666666"},
				"west": {"uv": [0, 0, 16, 16], "texture": "#Voxel-666666", "cullface": "up"},
				"up": {"uv": [0, 0, 16, 16], "texture": "#Voxel-666666", "cullface": "up"},
				"down": {"uv": [0, 0, 0, 0], "texture": "#Voxel-666666"}
			}
		},
		{
			"name": "Voxel-666666",
			"from": [5, 12, 10],
			"to": [16, 14, 13],
			"faces": {
				"north": {"uv": [0, 0, 0, 0], "texture": "#Voxel-666666"},
				"east": {"uv": [0, 0, 16, 16], "texture": "#Voxel-666666", "cullface": "east"},
				"south": {"uv": [0, 0, 16, 16], "texture": "#Voxel-666666"},
				"west": {"uv": [0, 0, 0, 0], "texture": "#Voxel-666666"},
				"up": {"uv": [0, 0, 0, 0], "texture": "#Voxel-666666"},
				"down": {"uv": [0, 0, 16, 16], "texture": "#Voxel-666666"}
			}
		},
		{
			"name": "Voxel-666666",
			"from": [5, 12, 4],
			"to": [16, 14, 7],
			"faces": {
				"north": {"uv": [0, 0, 0, 0], "texture": "#Voxel-666666"},
				"east": {"uv": [0, 0, 16, 16], "texture": "#Voxel-666666", "cullface": "east"},
				"south": {"uv": [0, 0, 16, 16], "texture": "#Voxel-666666"},
				"west": {"uv": [0, 0, 0, 0], "texture": "#Voxel-666666"},
				"up": {"uv": [0, 0, 0, 0], "texture": "#Voxel-666666"},
				"down": {"uv": [0, 0, 16, 16], "texture": "#Voxel-666666"}
			}
		},
		{
			"name": "Voxel-666666",
			"from": [14, 14, 4],
			"to": [16, 15, 7],
			"faces": {
				"north": {"uv": [0, 0, 0, 0], "texture": "#Voxel-666666"},
				"east": {"uv": [0, 0, 16, 16], "texture": "#Voxel-666666", "cullface": "east"},
				"south": {"uv": [0, 0, 16, 16], "texture": "#Voxel-666666"},
				"west": {"uv": [0, 0, 0, 0], "texture": "#Voxel-666666"},
				"up": {"uv": [0, 0, 16, 16], "texture": "#Voxel-666666"},
				"down": {"uv": [0, 0, 0, 0], "texture": "#Voxel-666666"}
			}
		},
		{
			"name": "Voxel-666666",
			"from": [14, 14, 10],
			"to": [16, 15, 13],
			"faces": {
				"north": {"uv": [0, 0, 0, 0], "texture": "#Voxel-666666"},
				"east": {"uv": [0, 0, 16, 16], "texture": "#Voxel-666666", "cullface": "east"},
				"south": {"uv": [0, 0, 16, 16], "texture": "#Voxel-666666"},
				"west": {"uv": [0, 0, 0, 0], "texture": "#Voxel-666666"},
				"up": {"uv": [0, 0, 16, 16], "texture": "#Voxel-666666"},
				"down": {"uv": [0, 0, 0, 0], "texture": "#Voxel-666666"}
			}
		},
		{
			"name": "Voxel-666666",
			"from": [10, 14, 5],
			"to": [11, 17, 12],
			"faces": {
				"north": {"uv": [0, 0, 0, 0], "texture": "#Voxel-666666"},
				"east": {"uv": [0, 0, 16, 16], "texture": "#Voxel-666666", "cullface": "up"},
				"south": {"uv": [0, 0, 16, 16], "texture": "#Voxel-666666", "cullface": "up"},
				"west": {"uv": [0, 0, 0, 0], "texture": "#Voxel-666666"},
				"up": {"uv": [0, 0, 16, 16], "texture": "#Voxel-666666", "cullface": "up"},
				"down": {"uv": [0, 0, 0, 0], "texture": "#Voxel-666666"}
			}
		},
		{
			"name": "Voxel-666666",
			"from": [10, 12, 7],
			"to": [11, 14, 10],
			"faces": {
				"north": {"uv": [0, 0, 0, 0], "texture": "#Voxel-666666"},
				"east": {"uv": [0, 0, 16, 16], "texture": "#Voxel-666666"},
				"south": {"uv": [0, 0, 0, 0], "texture": "#Voxel-666666"},
				"west": {"uv": [0, 0, 0, 0], "texture": "#Voxel-666666"},
				"up": {"uv": [0, 0, 0, 0], "texture": "#Voxel-666666"},
				"down": {"uv": [0, 0, 0, 0], "texture": "#Voxel-666666"}
			}
		},
		{
			"name": "Voxel-666666",
			"from": [10, 17, 6],
			"to": [11, 18, 11],
			"faces": {
				"north": {"uv": [0, 0, 0, 0], "texture": "#Voxel-666666"},
				"east": {"uv": [0, 0, 16, 16], "texture": "#Voxel-666666", "cullface": "up"},
				"south": {"uv": [0, 0, 16, 16], "texture": "#Voxel-666666", "cullface": "up"},
				"west": {"uv": [0, 0, 0, 0], "texture": "#Voxel-666666"},
				"up": {"uv": [0, 0, 16, 16], "texture": "#Voxel-666666", "cullface": "up"},
				"down": {"uv": [0, 0, 0, 0], "texture": "#Voxel-666666"}
			}
		},
		{
			"name": "Voxel-666666",
			"from": [9, 18, 6],
			"to": [10, 20, 11],
			"faces": {
				"north": {"uv": [0, 0, 0, 0], "texture": "#Voxel-666666"},
				"east": {"uv": [0, 0, 16, 16], "texture": "#Voxel-666666", "cullface": "up"},
				"south": {"uv": [0, 0, 16, 16], "texture": "#Voxel-666666", "cullface": "up"},
				"west": {"uv": [0, 0, 0, 0], "texture": "#Voxel-666666"},
				"up": {"uv": [0, 0, 0, 0], "texture": "#Voxel-666666"},
				"down": {"uv": [0, 0, 0, 0], "texture": "#Voxel-666666"}
			}
		},
		{
			"name": "Voxel-666666",
			"from": [9, 20, 7],
			"to": [10, 23, 10],
			"faces": {
				"north": {"uv": [0, 0, 0, 0], "texture": "#Voxel-666666"},
				"east": {"uv": [0, 0, 16, 16], "texture": "#Voxel-666666", "cullface": "up"},
				"south": {"uv": [0, 0, 16, 16], "texture": "#Voxel-666666", "cullface": "up"},
				"west": {"uv": [0, 0, 0, 0], "texture": "#Voxel-666666"},
				"up": {"uv": [0, 0, 0, 0], "texture": "#Voxel-666666"},
				"down": {"uv": [0, 0, 0, 0], "texture": "#Voxel-666666"}
			}
		},
		{
			"name": "Voxel-666666",
			"from": [5, 21, 6],
			"to": [9, 23, 7],
			"faces": {
				"north": {"uv": [0, 0, 16, 16], "texture": "#Voxel-666666", "cullface": "up"},
				"east": {"uv": [0, 0, 16, 16], "texture": "#Voxel-666666", "cullface": "up"},
				"south": {"uv": [0, 0, 0, 0], "texture": "#Voxel-666666"},
				"west": {"uv": [0, 0, 0, 0], "texture": "#Voxel-666666"},
				"up": {"uv": [0, 0, 0, 0], "texture": "#Voxel-666666"},
				"down": {"uv": [0, 0, 0, 0], "texture": "#Voxel-666666"}
			}
		},
		{
			"name": "Voxel-666666",
			"from": [5, 21, 10],
			"to": [9, 23, 11],
			"faces": {
				"north": {"uv": [0, 0, 0, 0], "texture": "#Voxel-666666"},
				"east": {"uv": [0, 0, 16, 16], "texture": "#Voxel-666666", "cullface": "up"},
				"south": {"uv": [0, 0, 0, 0], "texture": "#Voxel-666666"},
				"west": {"uv": [0, 0, 0, 0], "texture": "#Voxel-666666"},
				"up": {"uv": [0, 0, 0, 0], "texture": "#Voxel-666666"},
				"down": {"uv": [0, 0, 0, 0], "texture": "#Voxel-666666"}
			}
		},
		{
			"name": "Voxel-666666",
			"from": [6, 21, 11],
			"to": [9, 23, 12],
			"faces": {
				"north": {"uv": [0, 0, 0, 0], "texture": "#Voxel-666666"},
				"east": {"uv": [0, 0, 16, 16], "texture": "#Voxel-666666", "cullface": "up"},
				"south": {"uv": [0, 0, 16, 16], "texture": "#Voxel-666666", "cullface": "up"},
				"west": {"uv": [0, 0, 0, 0], "texture": "#Voxel-666666"},
				"up": {"uv": [0, 0, 0, 0], "texture": "#Voxel-666666"},
				"down": {"uv": [0, 0, 0, 0], "texture": "#Voxel-666666"}
			}
		},
		{
			"name": "Voxel-666666",
			"from": [6, 22, 5],
			"to": [9, 23, 6],
			"faces": {
				"north": {"uv": [0, 0, 16, 16], "texture": "#Voxel-666666", "cullface": "up"},
				"east": {"uv": [0, 0, 16, 16], "texture": "#Voxel-666666", "cullface": "up"},
				"south": {"uv": [0, 0, 0, 0], "texture": "#Voxel-666666"},
				"west": {"uv": [0, 0, 0, 0], "texture": "#Voxel-666666"},
				"up": {"uv": [0, 0, 0, 0], "texture": "#Voxel-666666"},
				"down": {"uv": [0, 0, 16, 16], "texture": "#Voxel-666666", "cullface": "up"}
			}
		},
		{
			"name": "Voxel-666666",
			"from": [9, 22, 6],
			"to": [10, 23, 7],
			"faces": {
				"north": {"uv": [0, 0, 16, 16], "texture": "#Voxel-666666", "cullface": "up"},
				"east": {"uv": [0, 0, 0, 0], "texture": "#Voxel-666666"},
				"south": {"uv": [0, 0, 0, 0], "texture": "#Voxel-666666"},
				"west": {"uv": [0, 0, 0, 0], "texture": "#Voxel-666666"},
				"up": {"uv": [0, 0, 0, 0], "texture": "#Voxel-666666"},
				"down": {"uv": [0, 0, 16, 16], "texture": "#Voxel-666666", "cullface": "up"}
			}
		},
		{
			"name": "Voxel-666666",
			"from": [5, 24, 11],
			"to": [6, 25, 12],
			"faces": {
				"north": {"uv": [0, 0, 0, 0], "texture": "#Voxel-666666"},
				"east": {"uv": [0, 0, 0, 0], "texture": "#Voxel-666666"},
				"south": {"uv": [0, 0, 16, 16], "texture": "#Voxel-666666", "cullface": "up"},
				"west": {"uv": [0, 0, 16, 16], "texture": "#Voxel-666666", "cullface": "up"},
				"up": {"uv": [0, 0, 0, 0], "texture": "#Voxel-666666"},
				"down": {"uv": [0, 0, 0, 0], "texture": "#Voxel-666666"}
			}
		},
		{
			"name": "Voxel-666666",
			"from": [4, 24, 10],
			"to": [5, 25, 11],
			"faces": {
				"north": {"uv": [0, 0, 0, 0], "texture": "#Voxel-666666"},
				"east": {"uv": [0, 0, 0, 0], "texture": "#Voxel-666666"},
				"south": {"uv": [0, 0, 16, 16], "texture": "#Voxel-666666", "cullface": "up"},
				"west": {"uv": [0, 0, 16, 16], "texture": "#Voxel-666666", "cullface": "up"},
				"up": {"uv": [0, 0, 0, 0], "texture": "#Voxel-666666"},
				"down": {"uv": [0, 0, 16, 16], "texture": "#Voxel-666666", "cullface": "up"}
			}
		},
		{
			"name": "Voxel-666666",
			"from": [4, 24, 6],
			"to": [5, 25, 7],
			"faces": {
				"north": {"uv": [0, 0, 16, 16], "texture": "#Voxel-666666", "cullface": "up"},
				"east": {"uv": [0, 0, 0, 0], "texture": "#Voxel-666666"},
				"south": {"uv": [0, 0, 0, 0], "texture": "#Voxel-666666"},
				"west": {"uv": [0, 0, 16, 16], "texture": "#Voxel-666666", "cullface": "up"},
				"up": {"uv": [0, 0, 0, 0], "texture": "#Voxel-666666"},
				"down": {"uv": [0, 0, 16, 16], "texture": "#Voxel-666666", "cullface": "up"}
			}
		},
		{
			"name": "Voxel-666666",
			"from": [5, 24, 5],
			"to": [6, 25, 6],
			"faces": {
				"north": {"uv": [0, 0, 16, 16], "texture": "#Voxel-666666", "cullface": "up"},
				"east": {"uv": [0, 0, 0, 0], "texture": "#Voxel-666666"},
				"south": {"uv": [0, 0, 0, 0], "texture": "#Voxel-666666"},
				"west": {"uv": [0, 0, 16, 16], "texture": "#Voxel-666666", "cullface": "up"},
				"up": {"uv": [0, 0, 0, 0], "texture": "#Voxel-666666"},
				"down": {"uv": [0, 0, 0, 0], "texture": "#Voxel-666666"}
			}
		},
		{
			"name": "Voxel-666666",
			"from": [4, 13, 4],
			"to": [5, 18, 5],
			"faces": {
				"north": {"uv": [0, 0, 16, 16], "texture": "#Voxel-666666", "cullface": "up"},
				"east": {"uv": [0, 0, 0, 0], "texture": "#Voxel-666666"},
				"south": {"uv": [0, 0, 0, 0], "texture": "#Voxel-666666"},
				"west": {"uv": [0, 0, 16, 16], "texture": "#Voxel-666666", "cullface": "up"},
				"up": {"uv": [0, 0, 16, 16], "texture": "#Voxel-666666", "cullface": "up"},
				"down": {"uv": [0, 0, 0, 0], "texture": "#Voxel-666666"}
			}
		},
		{
			"name": "Voxel-666666",
			"from": [5, 13, 13],
			"to": [6, 18, 14],
			"faces": {
				"north": {"uv": [0, 0, 0, 0], "texture": "#Voxel-666666"},
				"east": {"uv": [0, 0, 0, 0], "texture": "#Voxel-666666"},
				"south": {"uv": [0, 0, 16, 16], "texture": "#Voxel-666666", "cullface": "up"},
				"west": {"uv": [0, 0, 16, 16], "texture": "#Voxel-666666", "cullface": "up"},
				"up": {"uv": [0, 0, 16, 16], "texture": "#Voxel-666666", "cullface": "up"},
				"down": {"uv": [0, 0, 0, 0], "texture": "#Voxel-666666"}
			}
		},
		{
			"name": "Voxel-666666",
			"from": [4, 13, 12],
			"to": [5, 18, 13],
			"faces": {
				"north": {"uv": [0, 0, 0, 0], "texture": "#Voxel-666666"},
				"east": {"uv": [0, 0, 0, 0], "texture": "#Voxel-666666"},
				"south": {"uv": [0, 0, 16, 16], "texture": "#Voxel-666666", "cullface": "up"},
				"west": {"uv": [0, 0, 16, 16], "texture": "#Voxel-666666", "cullface": "up"},
				"up": {"uv": [0, 0, 16, 16], "texture": "#Voxel-666666", "cullface": "up"},
				"down": {"uv": [0, 0, 0, 0], "texture": "#Voxel-666666"}
			}
		},
		{
			"name": "Voxel-666666",
			"from": [3, 13, 10],
			"to": [4, 18, 12],
			"faces": {
				"north": {"uv": [0, 0, 0, 0], "texture": "#Voxel-666666"},
				"east": {"uv": [0, 0, 0, 0], "texture": "#Voxel-666666"},
				"south": {"uv": [0, 0, 16, 16], "texture": "#Voxel-666666", "cullface": "up"},
				"west": {"uv": [0, 0, 16, 16], "texture": "#Voxel-666666", "cullface": "up"},
				"up": {"uv": [0, 0, 16, 16], "texture": "#Voxel-666666", "cullface": "up"},
				"down": {"uv": [0, 0, 0, 0], "texture": "#Voxel-666666"}
			}
		},
		{
			"name": "Voxel-666666",
			"from": [2, 13, 6],
			"to": [3, 18, 11],
			"faces": {
				"north": {"uv": [0, 0, 0, 0], "texture": "#Voxel-666666"},
				"east": {"uv": [0, 0, 0, 0], "texture": "#Voxel-666666"},
				"south": {"uv": [0, 0, 16, 16], "texture": "#Voxel-666666", "cullface": "up"},
				"west": {"uv": [0, 0, 16, 16], "texture": "#Voxel-666666", "cullface": "up"},
				"up": {"uv": [0, 0, 16, 16], "texture": "#Voxel-666666", "cullface": "up"},
				"down": {"uv": [0, 0, 0, 0], "texture": "#Voxel-666666"}
			}
		},
		{
			"name": "Voxel-666666",
			"from": [3, 13, 5],
			"to": [4, 18, 7],
			"faces": {
				"north": {"uv": [0, 0, 16, 16], "texture": "#Voxel-666666", "cullface": "up"},
				"east": {"uv": [0, 0, 0, 0], "texture": "#Voxel-666666"},
				"south": {"uv": [0, 0, 0, 0], "texture": "#Voxel-666666"},
				"west": {"uv": [0, 0, 16, 16], "texture": "#Voxel-666666", "cullface": "up"},
				"up": {"uv": [0, 0, 16, 16], "texture": "#Voxel-666666", "cullface": "up"},
				"down": {"uv": [0, 0, 0, 0], "texture": "#Voxel-666666"}
			}
		},
		{
			"name": "Voxel-666666",
			"from": [3, 12, 5],
			"to": [5, 13, 12],
			"faces": {
				"north": {"uv": [0, 0, 16, 16], "texture": "#Voxel-666666"},
				"east": {"uv": [0, 0, 0, 0], "texture": "#Voxel-666666"},
				"south": {"uv": [0, 0, 0, 0], "texture": "#Voxel-666666"},
				"west": {"uv": [0, 0, 16, 16], "texture": "#Voxel-666666"},
				"up": {"uv": [0, 0, 0, 0], "texture": "#Voxel-666666"},
				"down": {"uv": [0, 0, 0, 0], "texture": "#Voxel-666666"}
			}
		},
		{
			"name": "Voxel-666666",
			"from": [6, 16, 1],
			"to": [13, 18, 3],
			"faces": {
				"north": {"uv": [0, 0, 0, 0], "texture": "#Voxel-666666"},
				"east": {"uv": [0, 0, 16, 16], "texture": "#Voxel-666666", "cullface": "up"},
				"south": {"uv": [0, 0, 16, 16], "texture": "#Voxel-666666", "cullface": "up"},
				"west": {"uv": [0, 0, 0, 0], "texture": "#Voxel-666666"},
				"up": {"uv": [0, 0, 16, 16], "texture": "#Voxel-666666", "cullface": "up"},
				"down": {"uv": [0, 0, 0, 0], "texture": "#Voxel-666666"}
			}
		},
		{
			"name": "Voxel-666666",
			"from": [7, 16, 15],
			"to": [14, 18, 17],
			"faces": {
				"north": {"uv": [0, 0, 0, 0], "texture": "#Voxel-666666"},
				"east": {"uv": [0, 0, 16, 16], "texture": "#Voxel-666666"},
				"south": {"uv": [0, 0, 16, 16], "texture": "#Voxel-666666"},
				"west": {"uv": [0, 0, 0, 0], "texture": "#Voxel-666666"},
				"up": {"uv": [0, 0, 16, 16], "texture": "#Voxel-666666"},
				"down": {"uv": [0, 0, 0, 0], "texture": "#Voxel-666666"}
			}
		},
		{
			"name": "Voxel-666666",
			"from": [12, 18, 15],
			"to": [13, 19, 17],
			"faces": {
				"north": {"uv": [0, 0, 0, 0], "texture": "#Voxel-666666"},
				"east": {"uv": [0, 0, 16, 16], "texture": "#Voxel-666666"},
				"south": {"uv": [0, 0, 16, 16], "texture": "#Voxel-666666"},
				"west": {"uv": [0, 0, 16, 16], "texture": "#Voxel-666666"},
				"up": {"uv": [0, 0, 16, 16], "texture": "#Voxel-666666"},
				"down": {"uv": [0, 0, 0, 0], "texture": "#Voxel-666666"}
			}
		},
		{
			"name": "Voxel-666666",
			"from": [11, 18, 1],
			"to": [12, 19, 3],
			"faces": {
				"north": {"uv": [0, 0, 0, 0], "texture": "#Voxel-666666"},
				"east": {"uv": [0, 0, 16, 16], "texture": "#Voxel-666666", "cullface": "up"},
				"south": {"uv": [0, 0, 16, 16], "texture": "#Voxel-666666", "cullface": "up"},
				"west": {"uv": [0, 0, 16, 16], "texture": "#Voxel-666666", "cullface": "up"},
				"up": {"uv": [0, 0, 16, 16], "texture": "#Voxel-666666", "cullface": "up"},
				"down": {"uv": [0, 0, 0, 0], "texture": "#Voxel-666666"}
			}
		},
		{
			"name": "Voxel-666666",
			"from": [7, 15, 1],
			"to": [12, 16, 3],
			"faces": {
				"north": {"uv": [0, 0, 0, 0], "texture": "#Voxel-666666"},
				"east": {"uv": [0, 0, 16, 16], "texture": "#Voxel-666666"},
				"south": {"uv": [0, 0, 16, 16], "texture": "#Voxel-666666"},
				"west": {"uv": [0, 0, 0, 0], "texture": "#Voxel-666666"},
				"up": {"uv": [0, 0, 0, 0], "texture": "#Voxel-666666"},
				"down": {"uv": [0, 0, 16, 16], "texture": "#Voxel-666666"}
			}
		},
		{
			"name": "Voxel-666666",
			"from": [8, 15, 15],
			"to": [13, 16, 17],
			"faces": {
				"north": {"uv": [0, 0, 0, 0], "texture": "#Voxel-666666"},
				"east": {"uv": [0, 0, 16, 16], "texture": "#Voxel-666666"},
				"south": {"uv": [0, 0, 16, 16], "texture": "#Voxel-666666", "cullface": "south"},
				"west": {"uv": [0, 0, 0, 0], "texture": "#Voxel-666666"},
				"up": {"uv": [0, 0, 0, 0], "texture": "#Voxel-666666"},
				"down": {"uv": [0, 0, 16, 16], "texture": "#Voxel-666666"}
			}
		},
		{
			"name": "Voxel-666666",
			"from": [9, 16, 14],
			"to": [13, 18, 15],
			"faces": {
				"north": {"uv": [0, 0, 16, 16], "texture": "#Voxel-666666", "cullface": "up"},
				"east": {"uv": [0, 0, 16, 16], "texture": "#Voxel-666666", "cullface": "up"},
				"south": {"uv": [0, 0, 0, 0], "texture": "#Voxel-666666"},
				"west": {"uv": [0, 0, 0, 0], "texture": "#Voxel-666666"},
				"up": {"uv": [0, 0, 0, 0], "texture": "#Voxel-666666"},
				"down": {"uv": [0, 0, 16, 16], "texture": "#Voxel-666666", "cullface": "up"}
			}
		},
		{
			"name": "Voxel-666666",
			"from": [8, 16, 3],
			"to": [12, 18, 4],
			"faces": {
				"north": {"uv": [0, 0, 0, 0], "texture": "#Voxel-666666"},
				"east": {"uv": [0, 0, 16, 16], "texture": "#Voxel-666666", "cullface": "up"},
				"south": {"uv": [0, 0, 16, 16], "texture": "#Voxel-666666", "cullface": "up"},
				"west": {"uv": [0, 0, 0, 0], "texture": "#Voxel-666666"},
				"up": {"uv": [0, 0, 0, 0], "texture": "#Voxel-666666"},
				"down": {"uv": [0, 0, 16, 16], "texture": "#Voxel-666666", "cullface": "up"}
			}
		},
		{
			"name": "Voxel-666666",
			"from": [11, 16, 0],
			"to": [12, 18, 1],
			"faces": {
				"north": {"uv": [0, 0, 16, 16], "texture": "#Voxel-666666"},
				"east": {"uv": [0, 0, 16, 16], "texture": "#Voxel-666666"},
				"south": {"uv": [0, 0, 0, 0], "texture": "#Voxel-666666"},
				"west": {"uv": [0, 0, 16, 16], "texture": "#Voxel-666666"},
				"up": {"uv": [0, 0, 0, 0], "texture": "#Voxel-666666"},
				"down": {"uv": [0, 0, 16, 16], "texture": "#Voxel-666666"}
			}
		},
		{
			"name": "Voxel-666666",
			"from": [12, 16, 17],
			"to": [13, 18, 18],
			"faces": {
				"north": {"uv": [0, 0, 0, 0], "texture": "#Voxel-666666"},
				"east": {"uv": [0, 0, 16, 16], "texture": "#Voxel-666666"},
				"south": {"uv": [0, 0, 16, 16], "texture": "#Voxel-666666"},
				"west": {"uv": [0, 0, 16, 16], "texture": "#Voxel-666666"},
				"up": {"uv": [0, 0, 0, 0], "texture": "#Voxel-666666"},
				"down": {"uv": [0, 0, 16, 16], "texture": "#Voxel-666666"}
			}
		},
		{
			"name": "Voxel-666666",
			"from": [6, 20, 3],
			"to": [7, 21, 4],
			"faces": {
				"north": {"uv": [0, 0, 16, 16], "texture": "#Voxel-666666", "cullface": "up"},
				"east": {"uv": [0, 0, 16, 16], "texture": "#Voxel-666666", "cullface": "up"},
				"south": {"uv": [0, 0, 0, 0], "texture": "#Voxel-666666"},
				"west": {"uv": [0, 0, 16, 16], "texture": "#Voxel-666666", "cullface": "up"},
				"up": {"uv": [0, 0, 16, 16], "texture": "#Voxel-666666", "cullface": "up"},
				"down": {"uv": [0, 0, 0, 0], "texture": "#Voxel-666666"}
			}
		},
		{
			"name": "Voxel-666666",
			"from": [6, 19, 2],
			"to": [7, 20, 3],
			"faces": {
				"north": {"uv": [0, 0, 16, 16], "texture": "#Voxel-666666", "cullface": "up"},
				"east": {"uv": [0, 0, 16, 16], "texture": "#Voxel-666666", "cullface": "up"},
				"south": {"uv": [0, 0, 0, 0], "texture": "#Voxel-666666"},
				"west": {"uv": [0, 0, 16, 16], "texture": "#Voxel-666666", "cullface": "up"},
				"up": {"uv": [0, 0, 16, 16], "texture": "#Voxel-666666", "cullface": "up"},
				"down": {"uv": [0, 0, 0, 0], "texture": "#Voxel-666666"}
			}
		},
		{
			"name": "Voxel-666666",
			"from": [6, 18, 1],
			"to": [7, 19, 2],
			"faces": {
				"north": {"uv": [0, 0, 16, 16], "texture": "#Voxel-666666", "cullface": "up"},
				"east": {"uv": [0, 0, 16, 16], "texture": "#Voxel-666666", "cullface": "up"},
				"south": {"uv": [0, 0, 0, 0], "texture": "#Voxel-666666"},
				"west": {"uv": [0, 0, 16, 16], "texture": "#Voxel-666666", "cullface": "up"},
				"up": {"uv": [0, 0, 16, 16], "texture": "#Voxel-666666", "cullface": "up"},
				"down": {"uv": [0, 0, 0, 0], "texture": "#Voxel-666666"}
			}
		},
		{
			"name": "Voxel-666666",
			"from": [7, 20, 14],
			"to": [8, 21, 15],
			"faces": {
				"north": {"uv": [0, 0, 0, 0], "texture": "#Voxel-666666"},
				"east": {"uv": [0, 0, 16, 16], "texture": "#Voxel-666666", "cullface": "up"},
				"south": {"uv": [0, 0, 16, 16], "texture": "#Voxel-666666", "cullface": "up"},
				"west": {"uv": [0, 0, 16, 16], "texture": "#Voxel-666666", "cullface": "up"},
				"up": {"uv": [0, 0, 16, 16], "texture": "#Voxel-666666", "cullface": "up"},
				"down": {"uv": [0, 0, 0, 0], "texture": "#Voxel-666666"}
			}
		},
		{
			"name": "Voxel-666666",
			"from": [7, 19, 15],
			"to": [8, 20, 16],
			"faces": {
				"north": {"uv": [0, 0, 0, 0], "texture": "#Voxel-666666"},
				"east": {"uv": [0, 0, 16, 16], "texture": "#Voxel-666666", "cullface": "up"},
				"south": {"uv": [0, 0, 16, 16], "texture": "#Voxel-666666", "cullface": "up"},
				"west": {"uv": [0, 0, 16, 16], "texture": "#Voxel-666666", "cullface": "up"},
				"up": {"uv": [0, 0, 16, 16], "texture": "#Voxel-666666", "cullface": "up"},
				"down": {"uv": [0, 0, 0, 0], "texture": "#Voxel-666666"}
			}
		},
		{
			"name": "Voxel-666666",
			"from": [7, 18, 16],
			"to": [8, 19, 17],
			"faces": {
				"north": {"uv": [0, 0, 0, 0], "texture": "#Voxel-666666"},
				"east": {"uv": [0, 0, 16, 16], "texture": "#Voxel-666666"},
				"south": {"uv": [0, 0, 16, 16], "texture": "#Voxel-666666"},
				"west": {"uv": [0, 0, 16, 16], "texture": "#Voxel-666666"},
				"up": {"uv": [0, 0, 16, 16], "texture": "#Voxel-666666"},
				"down": {"uv": [0, 0, 0, 0], "texture": "#Voxel-666666"}
			}
		},
		{
			"name": "Voxel-666666",
			"from": [5, 18, 2],
			"to": [8, 19, 4],
			"faces": {
				"north": {"uv": [0, 0, 16, 16], "texture": "#Voxel-666666", "cullface": "up"},
				"east": {"uv": [0, 0, 0, 0], "texture": "#Voxel-666666"},
				"south": {"uv": [0, 0, 0, 0], "texture": "#Voxel-666666"},
				"west": {"uv": [0, 0, 16, 16], "texture": "#Voxel-666666", "cullface": "up"},
				"up": {"uv": [0, 0, 16, 16], "texture": "#Voxel-666666", "cullface": "up"},
				"down": {"uv": [0, 0, 0, 0], "texture": "#Voxel-666666"}
			}
		},
		{
			"name": "Voxel-666666",
			"from": [5, 20, 4],
			"to": [8, 21, 6],
			"faces": {
				"north": {"uv": [0, 0, 16, 16], "texture": "#Voxel-666666", "cullface": "up"},
				"east": {"uv": [0, 0, 0, 0], "texture": "#Voxel-666666"},
				"south": {"uv": [0, 0, 0, 0], "texture": "#Voxel-666666"},
				"west": {"uv": [0, 0, 16, 16], "texture": "#Voxel-666666", "cullface": "up"},
				"up": {"uv": [0, 0, 16, 16], "texture": "#Voxel-666666", "cullface": "up"},
				"down": {"uv": [0, 0, 0, 0], "texture": "#Voxel-666666"}
			}
		},
		{
			"name": "Voxel-666666",
			"from": [5, 19, 3],
			"to": [8, 20, 4],
			"faces": {
				"north": {"uv": [0, 0, 16, 16], "texture": "#Voxel-666666", "cullface": "up"},
				"east": {"uv": [0, 0, 0, 0], "texture": "#Voxel-666666"},
				"south": {"uv": [0, 0, 0, 0], "texture": "#Voxel-666666"},
				"west": {"uv": [0, 0, 16, 16], "texture": "#Voxel-666666", "cullface": "up"},
				"up": {"uv": [0, 0, 16, 16], "texture": "#Voxel-666666", "cullface": "up"},
				"down": {"uv": [0, 0, 0, 0], "texture": "#Voxel-666666"}
			}
		},
		{
			"name": "Voxel-666666",
			"from": [6, 20, 12],
			"to": [9, 21, 14],
			"faces": {
				"north": {"uv": [0, 0, 0, 0], "texture": "#Voxel-666666"},
				"east": {"uv": [0, 0, 0, 0], "texture": "#Voxel-666666"},
				"south": {"uv": [0, 0, 16, 16], "texture": "#Voxel-666666", "cullface": "up"},
				"west": {"uv": [0, 0, 16, 16], "texture": "#Voxel-666666", "cullface": "up"},
				"up": {"uv": [0, 0, 16, 16], "texture": "#Voxel-666666", "cullface": "up"},
				"down": {"uv": [0, 0, 0, 0], "texture": "#Voxel-666666"}
			}
		},
		{
			"name": "Voxel-666666",
			"from": [6, 19, 14],
			"to": [9, 20, 15],
			"faces": {
				"north": {"uv": [0, 0, 0, 0], "texture": "#Voxel-666666"},
				"east": {"uv": [0, 0, 0, 0], "texture": "#Voxel-666666"},
				"south": {"uv": [0, 0, 16, 16], "texture": "#Voxel-666666", "cullface": "up"},
				"west": {"uv": [0, 0, 16, 16], "texture": "#Voxel-666666", "cullface": "up"},
				"up": {"uv": [0, 0, 16, 16], "texture": "#Voxel-666666", "cullface": "up"},
				"down": {"uv": [0, 0, 0, 0], "texture": "#Voxel-666666"}
			}
		},
		{
			"name": "Voxel-666666",
			"from": [6, 18, 14],
			"to": [9, 19, 16],
			"faces": {
				"north": {"uv": [0, 0, 0, 0], "texture": "#Voxel-666666"},
				"east": {"uv": [0, 0, 0, 0], "texture": "#Voxel-666666"},
				"south": {"uv": [0, 0, 16, 16], "texture": "#Voxel-666666", "cullface": "up"},
				"west": {"uv": [0, 0, 16, 16], "texture": "#Voxel-666666", "cullface": "up"},
				"up": {"uv": [0, 0, 16, 16], "texture": "#Voxel-666666", "cullface": "up"},
				"down": {"uv": [0, 0, 0, 0], "texture": "#Voxel-666666"}
			}
		},
		{
			"name": "Voxel-666666",
			"from": [7, 21, 12],
			"to": [8, 22, 13],
			"faces": {
				"north": {"uv": [0, 0, 0, 0], "texture": "#Voxel-666666"},
				"east": {"uv": [0, 0, 16, 16], "texture": "#Voxel-666666", "cullface": "up"},
				"south": {"uv": [0, 0, 16, 16], "texture": "#Voxel-666666", "cullface": "up"},
				"west": {"uv": [0, 0, 16, 16], "texture": "#Voxel-666666", "cullface": "up"},
				"up": {"uv": [0, 0, 16, 16], "texture": "#Voxel-666666", "cullface": "up"},
				"down": {"uv": [0, 0, 0, 0], "texture": "#Voxel-666666"}
			}
		},
		{
			"name": "Voxel-666666",
			"from": [5, 20, 11],
			"to": [6, 21, 12],
			"faces": {
				"north": {"uv": [0, 0, 0, 0], "texture": "#Voxel-666666"},
				"east": {"uv": [0, 0, 0, 0], "texture": "#Voxel-666666"},
				"south": {"uv": [0, 0, 16, 16], "texture": "#Voxel-666666", "cullface": "up"},
				"west": {"uv": [0, 0, 16, 16], "texture": "#Voxel-666666", "cullface": "up"},
				"up": {"uv": [0, 0, 16, 16], "texture": "#Voxel-666666", "cullface": "up"},
				"down": {"uv": [0, 0, 0, 0], "texture": "#Voxel-666666"}
			}
		},
		{
			"name": "Voxel-666666",
			"from": [5, 18, 12],
			"to": [6, 20, 13],
			"faces": {
				"north": {"uv": [0, 0, 0, 0], "texture": "#Voxel-666666"},
				"east": {"uv": [0, 0, 0, 0], "texture": "#Voxel-666666"},
				"south": {"uv": [0, 0, 16, 16], "texture": "#Voxel-666666", "cullface": "up"},
				"west": {"uv": [0, 0, 16, 16], "texture": "#Voxel-666666", "cullface": "up"},
				"up": {"uv": [0, 0, 0, 0], "texture": "#Voxel-666666"},
				"down": {"uv": [0, 0, 0, 0], "texture": "#Voxel-666666"}
			}
		},
		{
			"name": "Voxel-666666",
			"from": [6, 15, 2],
			"to": [7, 16, 3],
			"faces": {
				"north": {"uv": [0, 0, 16, 16], "texture": "#Voxel-666666"},
				"east": {"uv": [0, 0, 0, 0], "texture": "#Voxel-666666"},
				"south": {"uv": [0, 0, 0, 0], "texture": "#Voxel-666666"},
				"west": {"uv": [0, 0, 16, 16], "texture": "#Voxel-666666"},
				"up": {"uv": [0, 0, 0, 0], "texture": "#Voxel-666666"},
				"down": {"uv": [0, 0, 16, 16], "texture": "#Voxel-666666"}
			}
		},
		{
			"name": "Voxel-666666",
			"from": [5, 16, 2],
			"to": [6, 17, 3],
			"faces": {
				"north": {"uv": [0, 0, 16, 16], "texture": "#Voxel-666666", "cullface": "up"},
				"east": {"uv": [0, 0, 0, 0], "texture": "#Voxel-666666"},
				"south": {"uv": [0, 0, 0, 0], "texture": "#Voxel-666666"},
				"west": {"uv": [0, 0, 16, 16], "texture": "#Voxel-666666", "cullface": "up"},
				"up": {"uv": [0, 0, 0, 0], "texture": "#Voxel-666666"},
				"down": {"uv": [0, 0, 16, 16], "texture": "#Voxel-666666", "cullface": "up"}
			}
		},
		{
			"name": "Voxel-666666",
			"from": [5, 18, 4],
			"to": [6, 20, 5],
			"faces": {
				"north": {"uv": [0, 0, 0, 0], "texture": "#Voxel-666666"},
				"east": {"uv": [0, 0, 0, 0], "texture": "#Voxel-666666"},
				"south": {"uv": [0, 0, 0, 0], "texture": "#Voxel-666666"},
				"west": {"uv": [0, 0, 16, 16], "texture": "#Voxel-666666", "cullface": "up"},
				"up": {"uv": [0, 0, 0, 0], "texture": "#Voxel-666666"},
				"down": {"uv": [0, 0, 0, 0], "texture": "#Voxel-666666"}
			}
		},
		{
			"name": "Voxel-666666",
			"from": [5, 13, 3],
			"to": [6, 19, 4],
			"faces": {
				"north": {"uv": [0, 0, 0, 0], "texture": "#Voxel-666666"},
				"east": {"uv": [0, 0, 0, 0], "texture": "#Voxel-666666"},
				"south": {"uv": [0, 0, 0, 0], "texture": "#Voxel-666666"},
				"west": {"uv": [0, 0, 16, 16], "texture": "#Voxel-666666", "cullface": "up"},
				"up": {"uv": [0, 0, 0, 0], "texture": "#Voxel-666666"},
				"down": {"uv": [0, 0, 0, 0], "texture": "#Voxel-666666"}
			}
		},
		{
			"name": "Voxel-666666",
			"from": [5, 17, 1],
			"to": [6, 18, 3],
			"faces": {
				"north": {"uv": [0, 0, 16, 16], "texture": "#Voxel-666666", "cullface": "up"},
				"east": {"uv": [0, 0, 0, 0], "texture": "#Voxel-666666"},
				"south": {"uv": [0, 0, 0, 0], "texture": "#Voxel-666666"},
				"west": {"uv": [0, 0, 16, 16], "texture": "#Voxel-666666", "cullface": "up"},
				"up": {"uv": [0, 0, 16, 16], "texture": "#Voxel-666666", "cullface": "up"},
				"down": {"uv": [0, 0, 16, 16], "texture": "#Voxel-666666", "cullface": "up"}
			}
		},
		{
			"name": "Voxel-666666",
			"from": [9, 15, 3],
			"to": [11, 16, 4],
			"faces": {
				"north": {"uv": [0, 0, 0, 0], "texture": "#Voxel-666666"},
				"east": {"uv": [0, 0, 16, 16], "texture": "#Voxel-666666"},
				"south": {"uv": [0, 0, 16, 16], "texture": "#Voxel-666666"},
				"west": {"uv": [0, 0, 0, 0], "texture": "#Voxel-666666"},
				"up": {"uv": [0, 0, 0, 0], "texture": "#Voxel-666666"},
				"down": {"uv": [0, 0, 16, 16], "texture": "#Voxel-666666"}
			}
		},
		{
			"name": "Voxel-666666",
			"from": [8, 14, 3],
			"to": [9, 16, 4],
			"faces": {
				"north": {"uv": [0, 0, 16, 16], "texture": "#Voxel-666666"},
				"east": {"uv": [0, 0, 16, 16], "texture": "#Voxel-666666"},
				"south": {"uv": [0, 0, 0, 0], "texture": "#Voxel-666666"},
				"west": {"uv": [0, 0, 0, 0], "texture": "#Voxel-666666"},
				"up": {"uv": [0, 0, 0, 0], "texture": "#Voxel-666666"},
				"down": {"uv": [0, 0, 16, 16], "texture": "#Voxel-666666"}
			}
		},
		{
			"name": "Voxel-666666",
			"from": [6, 13, 3],
			"to": [8, 15, 4],
			"faces": {
				"north": {"uv": [0, 0, 16, 16], "texture": "#Voxel-666666"},
				"east": {"uv": [0, 0, 16, 16], "texture": "#Voxel-666666"},
				"south": {"uv": [0, 0, 0, 0], "texture": "#Voxel-666666"},
				"west": {"uv": [0, 0, 0, 0], "texture": "#Voxel-666666"},
				"up": {"uv": [0, 0, 0, 0], "texture": "#Voxel-666666"},
				"down": {"uv": [0, 0, 16, 16], "texture": "#Voxel-666666"}
			}
		},
		{
			"name": "Voxel-666666",
			"from": [7, 15, 15],
			"to": [8, 16, 16],
			"faces": {
				"north": {"uv": [0, 0, 16, 16], "texture": "#Voxel-666666"},
				"east": {"uv": [0, 0, 0, 0], "texture": "#Voxel-666666"},
				"south": {"uv": [0, 0, 16, 16], "texture": "#Voxel-666666", "cullface": "south"},
				"west": {"uv": [0, 0, 16, 16], "texture": "#Voxel-666666"},
				"up": {"uv": [0, 0, 0, 0], "texture": "#Voxel-666666"},
				"down": {"uv": [0, 0, 16, 16], "texture": "#Voxel-666666"}
			}
		},
		{
			"name": "Voxel-666666",
			"from": [6, 16, 15],
			"to": [7, 18, 16],
			"faces": {
				"north": {"uv": [0, 0, 16, 16], "texture": "#Voxel-666666"},
				"east": {"uv": [0, 0, 0, 0], "texture": "#Voxel-666666"},
				"south": {"uv": [0, 0, 16, 16], "texture": "#Voxel-666666"},
				"west": {"uv": [0, 0, 16, 16], "texture": "#Voxel-666666"},
				"up": {"uv": [0, 0, 0, 0], "texture": "#Voxel-666666"},
				"down": {"uv": [0, 0, 16, 16], "texture": "#Voxel-666666"}
			}
		},
		{
			"name": "Voxel-666666",
			"from": [6, 18, 13],
			"to": [7, 20, 14],
			"faces": {
				"north": {"uv": [0, 0, 0, 0], "texture": "#Voxel-666666"},
				"east": {"uv": [0, 0, 0, 0], "texture": "#Voxel-666666"},
				"south": {"uv": [0, 0, 0, 0], "texture": "#Voxel-666666"},
				"west": {"uv": [0, 0, 16, 16], "texture": "#Voxel-666666", "cullface": "up"},
				"up": {"uv": [0, 0, 0, 0], "texture": "#Voxel-666666"},
				"down": {"uv": [0, 0, 0, 0], "texture": "#Voxel-666666"}
			}
		},
		{
			"name": "Voxel-666666",
			"from": [7, 16, 14],
			"to": [8, 17, 15],
			"faces": {
				"north": {"uv": [0, 0, 0, 0], "texture": "#Voxel-666666"},
				"east": {"uv": [0, 0, 0, 0], "texture": "#Voxel-666666"},
				"south": {"uv": [0, 0, 0, 0], "texture": "#Voxel-666666"},
				"west": {"uv": [0, 0, 16, 16], "texture": "#Voxel-666666", "cullface": "up"},
				"up": {"uv": [0, 0, 0, 0], "texture": "#Voxel-666666"},
				"down": {"uv": [0, 0, 16, 16], "texture": "#Voxel-666666", "cullface": "up"}
			}
		},
		{
			"name": "Voxel-666666",
			"from": [6, 17, 16],
			"to": [7, 18, 17],
			"faces": {
				"north": {"uv": [0, 0, 0, 0], "texture": "#Voxel-666666"},
				"east": {"uv": [0, 0, 0, 0], "texture": "#Voxel-666666"},
				"south": {"uv": [0, 0, 16, 16], "texture": "#Voxel-666666"},
				"west": {"uv": [0, 0, 16, 16], "texture": "#Voxel-666666"},
				"up": {"uv": [0, 0, 16, 16], "texture": "#Voxel-666666"},
				"down": {"uv": [0, 0, 16, 16], "texture": "#Voxel-666666"}
			}
		},
		{
			"name": "Voxel-666666",
			"from": [6, 17, 14],
			"to": [7, 19, 15],
			"faces": {
				"north": {"uv": [0, 0, 0, 0], "texture": "#Voxel-666666"},
				"east": {"uv": [0, 0, 0, 0], "texture": "#Voxel-666666"},
				"south": {"uv": [0, 0, 0, 0], "texture": "#Voxel-666666"},
				"west": {"uv": [0, 0, 16, 16], "texture": "#Voxel-666666", "cullface": "up"},
				"up": {"uv": [0, 0, 0, 0], "texture": "#Voxel-666666"},
				"down": {"uv": [0, 0, 16, 16], "texture": "#Voxel-666666", "cullface": "up"}
			}
		},
		{
			"name": "Voxel-666666",
			"from": [8, 15, 14],
			"to": [12, 16, 15],
			"faces": {
				"north": {"uv": [0, 0, 16, 16], "texture": "#Voxel-666666"},
				"east": {"uv": [0, 0, 16, 16], "texture": "#Voxel-666666"},
				"south": {"uv": [0, 0, 0, 0], "texture": "#Voxel-666666"},
				"west": {"uv": [0, 0, 0, 0], "texture": "#Voxel-666666"},
				"up": {"uv": [0, 0, 0, 0], "texture": "#Voxel-666666"},
				"down": {"uv": [0, 0, 16, 16], "texture": "#Voxel-666666"}
			}
		},
		{
			"name": "Voxel-666666",
			"from": [9, 14, 4],
			"to": [10, 19, 5],
			"faces": {
				"north": {"uv": [0, 0, 16, 16], "texture": "#Voxel-666666"},
				"east": {"uv": [0, 0, 16, 16], "texture": "#Voxel-666666"},
				"south": {"uv": [0, 0, 0, 0], "texture": "#Voxel-666666"},
				"west": {"uv": [0, 0, 0, 0], "texture": "#Voxel-666666"},
				"up": {"uv": [0, 0, 0, 0], "texture": "#Voxel-666666"},
				"down": {"uv": [0, 0, 0, 0], "texture": "#Voxel-666666"}
			}
		},
		{
			"name": "Voxel-666666",
			"from": [9, 14, 12],
			"to": [10, 18, 13],
			"faces": {
				"north": {"uv": [0, 0, 0, 0], "texture": "#Voxel-666666"},
				"east": {"uv": [0, 0, 16, 16], "texture": "#Voxel-666666"},
				"south": {"uv": [0, 0, 16, 16], "texture": "#Voxel-666666"},
				"west": {"uv": [0, 0, 0, 0], "texture": "#Voxel-666666"},
				"up": {"uv": [0, 0, 0, 0], "texture": "#Voxel-666666"},
				"down": {"uv": [0, 0, 0, 0], "texture": "#Voxel-666666"}
			}
		},
		{
			"name": "Voxel-666666",
			"from": [9, 17, 11],
			"to": [10, 18, 12],
			"faces": {
				"north": {"uv": [0, 0, 0, 0], "texture": "#Voxel-666666"},
				"east": {"uv": [0, 0, 16, 16], "texture": "#Voxel-666666", "cullface": "up"},
				"south": {"uv": [0, 0, 0, 0], "texture": "#Voxel-666666"},
				"west": {"uv": [0, 0, 0, 0], "texture": "#Voxel-666666"},
				"up": {"uv": [0, 0, 16, 16], "texture": "#Voxel-666666", "cullface": "up"},
				"down": {"uv": [0, 0, 0, 0], "texture": "#Voxel-666666"}
			}
		},
		{
			"name": "Voxel-666666",
			"from": [9, 17, 5],
			"to": [10, 18, 6],
			"faces": {
				"north": {"uv": [0, 0, 0, 0], "texture": "#Voxel-666666"},
				"east": {"uv": [0, 0, 16, 16], "texture": "#Voxel-666666", "cullface": "up"},
				"south": {"uv": [0, 0, 0, 0], "texture": "#Voxel-666666"},
				"west": {"uv": [0, 0, 0, 0], "texture": "#Voxel-666666"},
				"up": {"uv": [0, 0, 16, 16], "texture": "#Voxel-666666", "cullface": "up"},
				"down": {"uv": [0, 0, 0, 0], "texture": "#Voxel-666666"}
			}
		},
		{
			"name": "Voxel-666666",
			"from": [7, 13, 13],
			"to": [9, 20, 14],
			"faces": {
				"north": {"uv": [0, 0, 0, 0], "texture": "#Voxel-666666"},
				"east": {"uv": [0, 0, 16, 16], "texture": "#Voxel-666666"},
				"south": {"uv": [0, 0, 16, 16], "texture": "#Voxel-666666"},
				"west": {"uv": [0, 0, 0, 0], "texture": "#Voxel-666666"},
				"up": {"uv": [0, 0, 0, 0], "texture": "#Voxel-666666"},
				"down": {"uv": [0, 0, 16, 16], "texture": "#Voxel-666666"}
			}
		},
		{
			"name": "Voxel-666666",
			"from": [6, 13, 13],
			"to": [7, 17, 14],
			"faces": {
				"north": {"uv": [0, 0, 0, 0], "texture": "#Voxel-666666"},
				"east": {"uv": [0, 0, 0, 0], "texture": "#Voxel-666666"},
				"south": {"uv": [0, 0, 16, 16], "texture": "#Voxel-666666"},
				"west": {"uv": [0, 0, 0, 0], "texture": "#Voxel-666666"},
				"up": {"uv": [0, 0, 0, 0], "texture": "#Voxel-666666"},
				"down": {"uv": [0, 0, 16, 16], "texture": "#Voxel-666666"}
			}
		},
		{
			"name": "Voxel-666666",
			"from": [8, 20, 10],
			"to": [9, 21, 12],
			"faces": {
				"north": {"uv": [0, 0, 0, 0], "texture": "#Voxel-666666"},
				"east": {"uv": [0, 0, 16, 16], "texture": "#Voxel-666666", "cullface": "up"},
				"south": {"uv": [0, 0, 0, 0], "texture": "#Voxel-666666"},
				"west": {"uv": [0, 0, 0, 0], "texture": "#Voxel-666666"},
				"up": {"uv": [0, 0, 0, 0], "texture": "#Voxel-666666"},
				"down": {"uv": [0, 0, 0, 0], "texture": "#Voxel-666666"}
			}
		},
		{
			"name": "Voxel-666666",
			"from": [8, 18, 4],
			"to": [9, 20, 6],
			"faces": {
				"north": {"uv": [0, 0, 0, 0], "texture": "#Voxel-666666"},
				"east": {"uv": [0, 0, 16, 16], "texture": "#Voxel-666666", "cullface": "up"},
				"south": {"uv": [0, 0, 0, 0], "texture": "#Voxel-666666"},
				"west": {"uv": [0, 0, 0, 0], "texture": "#Voxel-666666"},
				"up": {"uv": [0, 0, 16, 16], "texture": "#Voxel-666666", "cullface": "up"},
				"down": {"uv": [0, 0, 0, 0], "texture": "#Voxel-666666"}
			}
		},
		{
			"name": "Voxel-666666",
			"from": [8, 20, 6],
			"to": [9, 21, 7],
			"faces": {
				"north": {"uv": [0, 0, 16, 16], "texture": "#Voxel-666666", "cullface": "up"},
				"east": {"uv": [0, 0, 16, 16], "texture": "#Voxel-666666", "cullface": "up"},
				"south": {"uv": [0, 0, 0, 0], "texture": "#Voxel-666666"},
				"west": {"uv": [0, 0, 0, 0], "texture": "#Voxel-666666"},
				"up": {"uv": [0, 0, 0, 0], "texture": "#Voxel-666666"},
				"down": {"uv": [0, 0, 0, 0], "texture": "#Voxel-666666"}
			}
		},
		{
			"name": "Voxel-666666",
			"from": [8, 18, 11],
			"to": [9, 20, 13],
			"faces": {
				"north": {"uv": [0, 0, 0, 0], "texture": "#Voxel-666666"},
				"east": {"uv": [0, 0, 16, 16], "texture": "#Voxel-666666", "cullface": "up"},
				"south": {"uv": [0, 0, 0, 0], "texture": "#Voxel-666666"},
				"west": {"uv": [0, 0, 0, 0], "texture": "#Voxel-666666"},
				"up": {"uv": [0, 0, 0, 0], "texture": "#Voxel-666666"},
				"down": {"uv": [0, 0, 0, 0], "texture": "#Voxel-666666"}
			}
		}
	],
	"display": {
		"thirdperson_righthand": {
			"rotation": [0, 90, 0],
			"scale": [0.5, 0.5, 0.5]
		},
		"thirdperson_lefthand": {
			"rotation": [0, -90, 0],
			"scale": [0.5, 0.5, 0.5]
		},
		"firstperson_righthand": {
			"rotation": [0, 180, 0],
			"scale": [0.5, 0.5, 0.5]
		},
		"firstperson_lefthand": {
			"scale": [0.5, 0.5, 0.5]
		},
		"gui": {
			"rotation": [0, -135, 0],
			"translation": [0, -4, 0],
			"scale": [0.5, 0.5, 0.5]
		},
		"head": {
			"rotation": [0, 90, 0],
			"translation": [-1, -28.5, -1],
			"scale": [2, 2, 2]
		},
		"fixed": {
			"rotation": [0, 90, 0],
			"translation": [0, -4, 0],
			"scale": [0.5, 0.5, 0.5]
		}
	},
	"groups": [
		{
			"name": "oracle",
			"origin": [0, 0, 0],
			"color": 0,
			"nbt": "{}",
			"armAnimationEnabled": false,
			"children": [0, 1, 2, 3, 4, 5, 6, 7, 8, 9, 10, 11, 12, 13, 14, 15, 16, 17, 18, 19, 20, 21, 22, 23, 24, 25, 26, 27, 28, 29, 30, 31, 32, 33, 34, 35, 36, 37, 38, 39, 40, 41, 42, 43, 44, 45, 46, 47, 48, 49, 50, 51, 52, 53, 54, 55, 56, 57, 58, 59, 60, 61, 62, 63, 64, 65, 66, 67, 68, 69, 70, 71, 72, 73, 74, 75, 76, 77, 78, 79, 80, 81, 82, 83, 84, 85, 86, 87, 88, 89, 90, 91, 92, 93, 94, 95, 96, 97, 98, 99, 100, 101, 102, 103, 104, 105, 106, 107, 108, 109, 110, 111, 112, 113, 114, 115, 116, 117, 118, 119, 120, 121, 122, 123, 124, 125, 126, 127, 128, 129, 130, 131, 132, 133, 134]
		}
	]
}