{
	"credit": "Made with Blockbench",
	"textures": {
		"Voxel-939393": "item/voxel-939393",
		"Voxel-000000": "item/voxel-000000",
		"Voxel-55FFFF": "item/voxel-55ffff",
		"Voxel-71FFFF": "item/voxel-71ffff",
		"particle": "item/particle"
	},
	"elements": [
		{
			"name": "Voxel-71FFFF",
			"from": [8, 26, 7],
			"to": [9, 27, 9],
			"faces": {
				"north": {"uv": [0, 0, 16, 16], "texture": "#Voxel-71FFFF"},
				"east": {"uv": [0, 0, 16, 16], "texture": "#Voxel-71FFFF"},
				"south": {"uv": [0, 0, 16, 16], "texture": "#Voxel-71FFFF"},
				"west": {"uv": [0, 0, 16, 16], "texture": "#Voxel-71FFFF"},
				"up": {"uv": [0, 0, 16, 16], "texture": "#Voxel-71FFFF"},
				"down": {"uv": [0, 0, 16, 16], "texture": "#Voxel-71FFFF"}
			}
		},
		{
			"name": "Voxel-71FFFF",
			"from": [7, 25, 7],
			"to": [8, 26, 9],
			"faces": {
				"north": {"uv": [0, 0, 16, 16], "texture": "#Voxel-71FFFF"},
				"east": {"uv": [0, 0, 16, 16], "texture": "#Voxel-71FFFF"},
				"south": {"uv": [0, 0, 16, 16], "texture": "#Voxel-71FFFF"},
				"west": {"uv": [0, 0, 16, 16], "texture": "#Voxel-71FFFF"},
				"up": {"uv": [0, 0, 16, 16], "texture": "#Voxel-71FFFF"},
				"down": {"uv": [0, 0, 16, 16], "texture": "#Voxel-71FFFF"}
			}
		},
		{
			"name": "Voxel-71FFFF",
			"from": [8, 25, 4],
			"to": [9, 26, 12],
			"faces": {
				"north": {"uv": [0, 0, 16, 16], "texture": "#Voxel-71FFFF"},
				"east": {"uv": [0, 0, 16, 16], "texture": "#Voxel-71FFFF"},
				"south": {"uv": [0, 0, 16, 16], "texture": "#Voxel-71FFFF"},
				"west": {"uv": [0, 0, 16, 16], "texture": "#Voxel-71FFFF"},
				"up": {"uv": [0, 0, 16, 16], "texture": "#Voxel-71FFFF"},
				"down": {"uv": [0, 0, 16, 16], "texture": "#Voxel-71FFFF"}
			}
		},
		{
			"name": "Voxel-71FFFF",
			"from": [8, 26, 4],
			"to": [9, 27, 5],
			"faces": {
				"north": {"uv": [0, 0, 16, 16], "texture": "#Voxel-71FFFF"},
				"east": {"uv": [0, 0, 16, 16], "texture": "#Voxel-71FFFF"},
				"south": {"uv": [0, 0, 16, 16], "texture": "#Voxel-71FFFF"},
				"west": {"uv": [0, 0, 16, 16], "texture": "#Voxel-71FFFF"},
				"up": {"uv": [0, 0, 16, 16], "texture": "#Voxel-71FFFF"},
				"down": {"uv": [0, 0, 16, 16], "texture": "#Voxel-71FFFF"}
			}
		},
		{
			"name": "Voxel-71FFFF",
			"from": [8, 26, 11],
			"to": [9, 27, 12],
			"faces": {
				"north": {"uv": [0, 0, 16, 16], "texture": "#Voxel-71FFFF"},
				"east": {"uv": [0, 0, 16, 16], "texture": "#Voxel-71FFFF"},
				"south": {"uv": [0, 0, 16, 16], "texture": "#Voxel-71FFFF"},
				"west": {"uv": [0, 0, 16, 16], "texture": "#Voxel-71FFFF"},
				"up": {"uv": [0, 0, 16, 16], "texture": "#Voxel-71FFFF"},
				"down": {"uv": [0, 0, 16, 16], "texture": "#Voxel-71FFFF"}
			}
		},
		{
			"name": "Voxel-71FFFF",
			"from": [7, 24, 11],
			"to": [9, 25, 12],
			"faces": {
				"north": {"uv": [0, 0, 16, 16], "texture": "#Voxel-71FFFF"},
				"east": {"uv": [0, 0, 16, 16], "texture": "#Voxel-71FFFF"},
				"south": {"uv": [0, 0, 16, 16], "texture": "#Voxel-71FFFF"},
				"west": {"uv": [0, 0, 16, 16], "texture": "#Voxel-71FFFF"},
				"up": {"uv": [0, 0, 16, 16], "texture": "#Voxel-71FFFF"},
				"down": {"uv": [0, 0, 16, 16], "texture": "#Voxel-71FFFF"}
			}
		},
		{
			"name": "Voxel-71FFFF",
			"from": [7, 25, 10],
			"to": [8, 26, 11],
			"faces": {
				"north": {"uv": [0, 0, 16, 16], "texture": "#Voxel-71FFFF"},
				"east": {"uv": [0, 0, 16, 16], "texture": "#Voxel-71FFFF"},
				"south": {"uv": [0, 0, 16, 16], "texture": "#Voxel-71FFFF"},
				"west": {"uv": [0, 0, 16, 16], "texture": "#Voxel-71FFFF"},
				"up": {"uv": [0, 0, 16, 16], "texture": "#Voxel-71FFFF"},
				"down": {"uv": [0, 0, 16, 16], "texture": "#Voxel-71FFFF"}
			}
		},
		{
			"name": "Voxel-55FFFF",
			"from": [5, 21, 9],
			"to": [6, 23, 10],
			"faces": {
				"north": {"uv": [0, 0, 16, 16], "texture": "#Voxel-55FFFF"},
				"east": {"uv": [0, 0, 16, 16], "texture": "#Voxel-55FFFF"},
				"south": {"uv": [0, 0, 16, 16], "texture": "#Voxel-55FFFF"},
				"west": {"uv": [0, 0, 16, 16], "texture": "#Voxel-55FFFF"},
				"up": {"uv": [0, 0, 16, 16], "texture": "#Voxel-55FFFF"},
				"down": {"uv": [0, 0, 16, 16], "texture": "#Voxel-55FFFF"}
			}
		},
		{
			"name": "Voxel-55FFFF",
			"from": [5, 21, 6],
			"to": [6, 23, 7],
			"faces": {
				"north": {"uv": [0, 0, 16, 16], "texture": "#Voxel-55FFFF"},
				"east": {"uv": [0, 0, 16, 16], "texture": "#Voxel-55FFFF"},
				"south": {"uv": [0, 0, 16, 16], "texture": "#Voxel-55FFFF"},
				"west": {"uv": [0, 0, 16, 16], "texture": "#Voxel-55FFFF"},
				"up": {"uv": [0, 0, 16, 16], "texture": "#Voxel-55FFFF"},
				"down": {"uv": [0, 0, 16, 16], "texture": "#Voxel-55FFFF"}
			}
		},
		{
			"name": "Voxel-939393",
			"from": [6, 24, 6],
			"to": [11, 25, 10],
			"faces": {
				"north": {"uv": [0, 0, 16, 16], "texture": "#Voxel-939393"},
				"east": {"uv": [0, 0, 16, 16], "texture": "#Voxel-939393"},
				"south": {"uv": [0, 0, 16, 16], "texture": "#Voxel-939393"},
				"west": {"uv": [0, 0, 16, 16], "texture": "#Voxel-939393"},
				"up": {"uv": [0, 0, 16, 16], "texture": "#Voxel-939393"},
				"down": {"uv": [0, 0, 16, 16], "texture": "#Voxel-939393"}
			}
		},
		{
			"name": "Voxel-939393",
			"from": [7, 24, 5],
			"to": [10, 25, 6],
			"faces": {
				"north": {"uv": [0, 0, 16, 16], "texture": "#Voxel-939393"},
				"east": {"uv": [0, 0, 16, 16], "texture": "#Voxel-939393"},
				"south": {"uv": [0, 0, 16, 16], "texture": "#Voxel-939393"},
				"west": {"uv": [0, 0, 16, 16], "texture": "#Voxel-939393"},
				"up": {"uv": [0, 0, 16, 16], "texture": "#Voxel-939393"},
				"down": {"uv": [0, 0, 16, 16], "texture": "#Voxel-939393"}
			}
		},
		{
			"name": "Voxel-939393",
			"from": [7, 24, 10],
			"to": [10, 25, 11],
			"faces": {
				"north": {"uv": [0, 0, 16, 16], "texture": "#Voxel-939393"},
				"east": {"uv": [0, 0, 16, 16], "texture": "#Voxel-939393"},
				"south": {"uv": [0, 0, 16, 16], "texture": "#Voxel-939393"},
				"west": {"uv": [0, 0, 16, 16], "texture": "#Voxel-939393"},
				"up": {"uv": [0, 0, 16, 16], "texture": "#Voxel-939393"},
				"down": {"uv": [0, 0, 16, 16], "texture": "#Voxel-939393"}
			}
		},
		{
			"name": "Voxel-939393",
			"from": [5, 23, 6],
			"to": [6, 24, 10],
			"faces": {
				"north": {"uv": [0, 0, 16, 16], "texture": "#Voxel-939393"},
				"east": {"uv": [0, 0, 16, 16], "texture": "#Voxel-939393"},
				"south": {"uv": [0, 0, 16, 16], "texture": "#Voxel-939393"},
				"west": {"uv": [0, 0, 16, 16], "texture": "#Voxel-939393"},
				"up": {"uv": [0, 0, 16, 16], "texture": "#Voxel-939393"},
				"down": {"uv": [0, 0, 16, 16], "texture": "#Voxel-939393"}
			}
		},
		{
			"name": "Voxel-939393",
			"from": [11, 19, 6],
			"to": [12, 24, 10],
			"faces": {
				"north": {"uv": [0, 0, 16, 16], "texture": "#Voxel-939393"},
				"east": {"uv": [0, 0, 16, 16], "texture": "#Voxel-939393"},
				"south": {"uv": [0, 0, 16, 16], "texture": "#Voxel-939393"},
				"west": {"uv": [0, 0, 16, 16], "texture": "#Voxel-939393"},
				"up": {"uv": [0, 0, 16, 16], "texture": "#Voxel-939393"},
				"down": {"uv": [0, 0, 16, 16], "texture": "#Voxel-939393"}
			}
		},
		{
			"name": "Voxel-939393",
			"from": [7, 23, 4],
			"to": [10, 24, 5],
			"faces": {
				"north": {"uv": [0, 0, 16, 16], "texture": "#Voxel-939393"},
				"east": {"uv": [0, 0, 16, 16], "texture": "#Voxel-939393"},
				"south": {"uv": [0, 0, 16, 16], "texture": "#Voxel-939393"},
				"west": {"uv": [0, 0, 16, 16], "texture": "#Voxel-939393"},
				"up": {"uv": [0, 0, 16, 16], "texture": "#Voxel-939393"},
				"down": {"uv": [0, 0, 16, 16], "texture": "#Voxel-939393"}
			}
		},
		{
			"name": "Voxel-939393",
			"from": [7, 23, 11],
			"to": [10, 24, 12],
			"faces": {
				"north": {"uv": [0, 0, 16, 16], "texture": "#Voxel-939393"},
				"east": {"uv": [0, 0, 16, 16], "texture": "#Voxel-939393"},
				"south": {"uv": [0, 0, 16, 16], "texture": "#Voxel-939393"},
				"west": {"uv": [0, 0, 16, 16], "texture": "#Voxel-939393"},
				"up": {"uv": [0, 0, 16, 16], "texture": "#Voxel-939393"},
				"down": {"uv": [0, 0, 16, 16], "texture": "#Voxel-939393"}
			}
		},
		{
			"name": "Voxel-939393",
			"from": [6, 23, 5],
			"to": [11, 24, 11],
			"faces": {
				"north": {"uv": [0, 0, 16, 16], "texture": "#Voxel-939393"},
				"east": {"uv": [0, 0, 16, 16], "texture": "#Voxel-939393"},
				"south": {"uv": [0, 0, 16, 16], "texture": "#Voxel-939393"},
				"west": {"uv": [0, 0, 16, 16], "texture": "#Voxel-939393"},
				"up": {"uv": [0, 0, 16, 16], "texture": "#Voxel-939393"},
				"down": {"uv": [0, 0, 16, 16], "texture": "#Voxel-939393"}
			}
		},
		{
			"name": "Voxel-000000",
			"from": [5, 19, 7],
			"to": [6, 20, 9],
			"faces": {
				"north": {"uv": [0, 0, 16, 16], "texture": "#Voxel-000000"},
				"east": {"uv": [0, 0, 16, 16], "texture": "#Voxel-000000"},
				"south": {"uv": [0, 0, 16, 16], "texture": "#Voxel-000000"},
				"west": {"uv": [0, 0, 16, 16], "texture": "#Voxel-000000"},
				"up": {"uv": [0, 0, 16, 16], "texture": "#Voxel-000000"},
				"down": {"uv": [0, 0, 16, 16], "texture": "#Voxel-000000"}
			}
		},
		{
			"name": "Voxel-939393",
			"from": [5, 20, 5],
			"to": [6, 23, 6],
			"faces": {
				"north": {"uv": [0, 0, 16, 16], "texture": "#Voxel-939393"},
				"east": {"uv": [0, 0, 16, 16], "texture": "#Voxel-939393"},
				"south": {"uv": [0, 0, 16, 16], "texture": "#Voxel-939393"},
				"west": {"uv": [0, 0, 16, 16], "texture": "#Voxel-939393"},
				"up": {"uv": [0, 0, 16, 16], "texture": "#Voxel-939393"},
				"down": {"uv": [0, 0, 16, 16], "texture": "#Voxel-939393"}
			}
		},
		{
			"name": "Voxel-939393",
			"from": [5, 20, 10],
			"to": [6, 23, 11],
			"faces": {
				"north": {"uv": [0, 0, 16, 16], "texture": "#Voxel-939393"},
				"east": {"uv": [0, 0, 16, 16], "texture": "#Voxel-939393"},
				"south": {"uv": [0, 0, 16, 16], "texture": "#Voxel-939393"},
				"west": {"uv": [0, 0, 16, 16], "texture": "#Voxel-939393"},
				"up": {"uv": [0, 0, 16, 16], "texture": "#Voxel-939393"},
				"down": {"uv": [0, 0, 16, 16], "texture": "#Voxel-939393"}
			}
		},
		{
			"name": "Voxel-939393",
			"from": [6, 20, 11],
			"to": [11, 23, 12],
			"faces": {
				"north": {"uv": [0, 0, 16, 16], "texture": "#Voxel-939393"},
				"east": {"uv": [0, 0, 16, 16], "texture": "#Voxel-939393"},
				"south": {"uv": [0, 0, 16, 16], "texture": "#Voxel-939393"},
				"west": {"uv": [0, 0, 16, 16], "texture": "#Voxel-939393"},
				"up": {"uv": [0, 0, 16, 16], "texture": "#Voxel-939393"},
				"down": {"uv": [0, 0, 16, 16], "texture": "#Voxel-939393"}
			}
		},
		{
			"name": "Voxel-939393",
			"from": [6, 20, 4],
			"to": [11, 23, 5],
			"faces": {
				"north": {"uv": [0, 0, 16, 16], "texture": "#Voxel-939393"},
				"east": {"uv": [0, 0, 16, 16], "texture": "#Voxel-939393"},
				"south": {"uv": [0, 0, 16, 16], "texture": "#Voxel-939393"},
				"west": {"uv": [0, 0, 16, 16], "texture": "#Voxel-939393"},
				"up": {"uv": [0, 0, 16, 16], "texture": "#Voxel-939393"},
				"down": {"uv": [0, 0, 16, 16], "texture": "#Voxel-939393"}
			}
		},
		{
			"name": "Voxel-939393",
			"from": [5, 20, 7],
			"to": [6, 23, 9],
			"faces": {
				"north": {"uv": [0, 0, 16, 16], "texture": "#Voxel-939393"},
				"east": {"uv": [0, 0, 16, 16], "texture": "#Voxel-939393"},
				"south": {"uv": [0, 0, 16, 16], "texture": "#Voxel-939393"},
				"west": {"uv": [0, 0, 16, 16], "texture": "#Voxel-939393"},
				"up": {"uv": [0, 0, 16, 16], "texture": "#Voxel-939393"},
				"down": {"uv": [0, 0, 16, 16], "texture": "#Voxel-939393"}
			}
		},
		{
			"name": "Voxel-939393",
			"from": [5, 20, 9],
			"to": [6, 21, 10],
			"faces": {
				"north": {"uv": [0, 0, 16, 16], "texture": "#Voxel-939393"},
				"east": {"uv": [0, 0, 16, 16], "texture": "#Voxel-939393"},
				"south": {"uv": [0, 0, 16, 16], "texture": "#Voxel-939393"},
				"west": {"uv": [0, 0, 16, 16], "texture": "#Voxel-939393"},
				"up": {"uv": [0, 0, 16, 16], "texture": "#Voxel-939393"},
				"down": {"uv": [0, 0, 16, 16], "texture": "#Voxel-939393"}
			}
		},
		{
			"name": "Voxel-939393",
			"from": [5, 20, 6],
			"to": [6, 21, 7],
			"faces": {
				"north": {"uv": [0, 0, 16, 16], "texture": "#Voxel-939393"},
				"east": {"uv": [0, 0, 16, 16], "texture": "#Voxel-939393"},
				"south": {"uv": [0, 0, 16, 16], "texture": "#Voxel-939393"},
				"west": {"uv": [0, 0, 16, 16], "texture": "#Voxel-939393"},
				"up": {"uv": [0, 0, 16, 16], "texture": "#Voxel-939393"},
				"down": {"uv": [0, 0, 16, 16], "texture": "#Voxel-939393"}
			}
		},
		{
			"name": "Voxel-939393",
			"from": [11, 20, 5],
			"to": [12, 23, 6],
			"faces": {
				"north": {"uv": [0, 0, 16, 16], "texture": "#Voxel-939393"},
				"east": {"uv": [0, 0, 16, 16], "texture": "#Voxel-939393"},
				"south": {"uv": [0, 0, 16, 16], "texture": "#Voxel-939393"},
				"west": {"uv": [0, 0, 16, 16], "texture": "#Voxel-939393"},
				"up": {"uv": [0, 0, 16, 16], "texture": "#Voxel-939393"},
				"down": {"uv": [0, 0, 16, 16], "texture": "#Voxel-939393"}
			}
		},
		{
			"name": "Voxel-939393",
			"from": [11, 20, 10],
			"to": [12, 23, 11],
			"faces": {
				"north": {"uv": [0, 0, 16, 16], "texture": "#Voxel-939393"},
				"east": {"uv": [0, 0, 16, 16], "texture": "#Voxel-939393"},
				"south": {"uv": [0, 0, 16, 16], "texture": "#Voxel-939393"},
				"west": {"uv": [0, 0, 16, 16], "texture": "#Voxel-939393"},
				"up": {"uv": [0, 0, 16, 16], "texture": "#Voxel-939393"},
				"down": {"uv": [0, 0, 16, 16], "texture": "#Voxel-939393"}
			}
		},
		{
			"name": "Voxel-939393",
			"from": [10, 18, 6],
			"to": [11, 19, 10],
			"faces": {
				"north": {"uv": [0, 0, 16, 16], "texture": "#Voxel-939393"},
				"east": {"uv": [0, 0, 16, 16], "texture": "#Voxel-939393"},
				"south": {"uv": [0, 0, 16, 16], "texture": "#Voxel-939393"},
				"west": {"uv": [0, 0, 16, 16], "texture": "#Voxel-939393"},
				"up": {"uv": [0, 0, 16, 16], "texture": "#Voxel-939393"},
				"down": {"uv": [0, 0, 16, 16], "texture": "#Voxel-939393"}
			}
		},
		{
			"name": "Voxel-939393",
			"from": [6, 18, 6],
			"to": [7, 19, 10],
			"faces": {
				"north": {"uv": [0, 0, 16, 16], "texture": "#Voxel-939393"},
				"east": {"uv": [0, 0, 16, 16], "texture": "#Voxel-939393"},
				"south": {"uv": [0, 0, 16, 16], "texture": "#Voxel-939393"},
				"west": {"uv": [0, 0, 16, 16], "texture": "#Voxel-939393"},
				"up": {"uv": [0, 0, 16, 16], "texture": "#Voxel-939393"},
				"down": {"uv": [0, 0, 16, 16], "texture": "#Voxel-939393"}
			}
		},
		{
			"name": "Voxel-939393",
			"from": [7, 18, 10],
			"to": [10, 19, 11],
			"faces": {
				"north": {"uv": [0, 0, 16, 16], "texture": "#Voxel-939393"},
				"east": {"uv": [0, 0, 16, 16], "texture": "#Voxel-939393"},
				"south": {"uv": [0, 0, 16, 16], "texture": "#Voxel-939393"},
				"west": {"uv": [0, 0, 16, 16], "texture": "#Voxel-939393"},
				"up": {"uv": [0, 0, 16, 16], "texture": "#Voxel-939393"},
				"down": {"uv": [0, 0, 16, 16], "texture": "#Voxel-939393"}
			}
		},
		{
			"name": "Voxel-939393",
			"from": [7, 18, 5],
			"to": [10, 19, 6],
			"faces": {
				"north": {"uv": [0, 0, 16, 16], "texture": "#Voxel-939393"},
				"east": {"uv": [0, 0, 16, 16], "texture": "#Voxel-939393"},
				"south": {"uv": [0, 0, 16, 16], "texture": "#Voxel-939393"},
				"west": {"uv": [0, 0, 16, 16], "texture": "#Voxel-939393"},
				"up": {"uv": [0, 0, 16, 16], "texture": "#Voxel-939393"},
				"down": {"uv": [0, 0, 16, 16], "texture": "#Voxel-939393"}
			}
		},
		{
			"name": "Voxel-939393",
			"from": [7, 17, 3],
			"to": [10, 18, 13],
			"faces": {
				"north": {"uv": [0, 0, 16, 16], "texture": "#Voxel-939393"},
				"east": {"uv": [0, 0, 16, 16], "texture": "#Voxel-939393"},
				"south": {"uv": [0, 0, 16, 16], "texture": "#Voxel-939393"},
				"west": {"uv": [0, 0, 16, 16], "texture": "#Voxel-939393"},
				"up": {"uv": [0, 0, 16, 16], "texture": "#Voxel-939393"},
				"down": {"uv": [0, 0, 16, 16], "texture": "#Voxel-939393"}
			}
		},
		{
			"name": "Voxel-939393",
			"from": [7, 16, 9],
			"to": [10, 17, 14],
			"faces": {
				"north": {"uv": [0, 0, 16, 16], "texture": "#Voxel-939393"},
				"east": {"uv": [0, 0, 16, 16], "texture": "#Voxel-939393"},
				"south": {"uv": [0, 0, 16, 16], "texture": "#Voxel-939393"},
				"west": {"uv": [0, 0, 16, 16], "texture": "#Voxel-939393"},
				"up": {"uv": [0, 0, 16, 16], "texture": "#Voxel-939393"},
				"down": {"uv": [0, 0, 16, 16], "texture": "#Voxel-939393"}
			}
		},
		{
			"name": "Voxel-939393",
			"from": [7, 16, 2],
			"to": [10, 17, 7],
			"faces": {
				"north": {"uv": [0, 0, 16, 16], "texture": "#Voxel-939393"},
				"east": {"uv": [0, 0, 16, 16], "texture": "#Voxel-939393"},
				"south": {"uv": [0, 0, 16, 16], "texture": "#Voxel-939393"},
				"west": {"uv": [0, 0, 16, 16], "texture": "#Voxel-939393"},
				"up": {"uv": [0, 0, 16, 16], "texture": "#Voxel-939393"},
				"down": {"uv": [0, 0, 16, 16], "texture": "#Voxel-939393"}
			}
		},
		{
			"name": "Voxel-939393",
			"from": [7, 15, 1],
			"to": [10, 16, 6],
			"faces": {
				"north": {"uv": [0, 0, 16, 16], "texture": "#Voxel-939393"},
				"east": {"uv": [0, 0, 16, 16], "texture": "#Voxel-939393"},
				"south": {"uv": [0, 0, 16, 16], "texture": "#Voxel-939393"},
				"west": {"uv": [0, 0, 16, 16], "texture": "#Voxel-939393"},
				"up": {"uv": [0, 0, 16, 16], "texture": "#Voxel-939393"},
				"down": {"uv": [0, 0, 16, 16], "texture": "#Voxel-939393"}
			}
		},
		{
			"name": "Voxel-939393",
			"from": [7, 15, 10],
			"to": [10, 16, 15],
			"faces": {
				"north": {"uv": [0, 0, 16, 16], "texture": "#Voxel-939393"},
				"east": {"uv": [0, 0, 16, 16], "texture": "#Voxel-939393"},
				"south": {"uv": [0, 0, 16, 16], "texture": "#Voxel-939393"},
				"west": {"uv": [0, 0, 16, 16], "texture": "#Voxel-939393"},
				"up": {"uv": [0, 0, 16, 16], "texture": "#Voxel-939393"},
				"down": {"uv": [0, 0, 16, 16], "texture": "#Voxel-939393"}
			}
		},
		{
			"name": "Voxel-939393",
			"from": [7, 8, 10],
			"to": [10, 15, 16],
			"faces": {
				"north": {"uv": [0, 0, 16, 16], "texture": "#Voxel-939393"},
				"east": {"uv": [0, 0, 16, 16], "texture": "#Voxel-939393"},
				"south": {"uv": [0, 0, 16, 16], "texture": "#Voxel-939393"},
				"west": {"uv": [0, 0, 16, 16], "texture": "#Voxel-939393"},
				"up": {"uv": [0, 0, 16, 16], "texture": "#Voxel-939393"},
				"down": {"uv": [0, 0, 16, 16], "texture": "#Voxel-939393"}
			}
		},
		{
			"name": "Voxel-939393",
			"from": [7, 14, 0],
			"to": [10, 15, 4],
			"faces": {
				"north": {"uv": [0, 0, 16, 16], "texture": "#Voxel-939393"},
				"east": {"uv": [0, 0, 16, 16], "texture": "#Voxel-939393"},
				"south": {"uv": [0, 0, 16, 16], "texture": "#Voxel-939393"},
				"west": {"uv": [0, 0, 16, 16], "texture": "#Voxel-939393"},
				"up": {"uv": [0, 0, 16, 16], "texture": "#Voxel-939393"},
				"down": {"uv": [0, 0, 16, 16], "texture": "#Voxel-939393"}
			}
		},
		{
			"name": "Voxel-939393",
			"from": [6, 15, 7],
			"to": [7, 16, 9],
			"faces": {
				"north": {"uv": [0, 0, 16, 16], "texture": "#Voxel-939393"},
				"east": {"uv": [0, 0, 16, 16], "texture": "#Voxel-939393"},
				"south": {"uv": [0, 0, 16, 16], "texture": "#Voxel-939393"},
				"west": {"uv": [0, 0, 16, 16], "texture": "#Voxel-939393"},
				"up": {"uv": [0, 0, 16, 16], "texture": "#Voxel-939393"},
				"down": {"uv": [0, 0, 16, 16], "texture": "#Voxel-939393"}
			}
		},
		{
			"name": "Voxel-71FFFF",
			"from": [7, 16, 7],
			"to": [8, 17, 9],
			"faces": {
				"north": {"uv": [0, 0, 16, 16], "texture": "#Voxel-71FFFF"},
				"east": {"uv": [0, 0, 16, 16], "texture": "#Voxel-71FFFF"},
				"south": {"uv": [0, 0, 16, 16], "texture": "#Voxel-71FFFF"},
				"west": {"uv": [0, 0, 16, 16], "texture": "#Voxel-71FFFF"},
				"up": {"uv": [0, 0, 16, 16], "texture": "#Voxel-71FFFF"},
				"down": {"uv": [0, 0, 16, 16], "texture": "#Voxel-71FFFF"}
			}
		},
		{
			"name": "Voxel-71FFFF",
			"from": [7, 14, 7],
			"to": [8, 15, 9],
			"faces": {
				"north": {"uv": [0, 0, 16, 16], "texture": "#Voxel-71FFFF"},
				"east": {"uv": [0, 0, 16, 16], "texture": "#Voxel-71FFFF"},
				"south": {"uv": [0, 0, 16, 16], "texture": "#Voxel-71FFFF"},
				"west": {"uv": [0, 0, 16, 16], "texture": "#Voxel-71FFFF"},
				"up": {"uv": [0, 0, 16, 16], "texture": "#Voxel-71FFFF"},
				"down": {"uv": [0, 0, 16, 16], "texture": "#Voxel-71FFFF"}
			}
		},
		{
			"name": "Voxel-71FFFF",
			"from": [7, 13, 9],
			"to": [8, 16, 10],
			"faces": {
				"north": {"uv": [0, 0, 16, 16], "texture": "#Voxel-71FFFF"},
				"east": {"uv": [0, 0, 16, 16], "texture": "#Voxel-71FFFF"},
				"south": {"uv": [0, 0, 16, 16], "texture": "#Voxel-71FFFF"},
				"west": {"uv": [0, 0, 16, 16], "texture": "#Voxel-71FFFF"},
				"up": {"uv": [0, 0, 16, 16], "texture": "#Voxel-71FFFF"},
				"down": {"uv": [0, 0, 16, 16], "texture": "#Voxel-71FFFF"}
			}
		},
		{
			"name": "Voxel-71FFFF",
			"from": [7, 12, 8],
			"to": [8, 13, 9],
			"faces": {
				"north": {"uv": [0, 0, 16, 16], "texture": "#Voxel-71FFFF"},
				"east": {"uv": [0, 0, 16, 16], "texture": "#Voxel-71FFFF"},
				"south": {"uv": [0, 0, 16, 16], "texture": "#Voxel-71FFFF"},
				"west": {"uv": [0, 0, 16, 16], "texture": "#Voxel-71FFFF"},
				"up": {"uv": [0, 0, 16, 16], "texture": "#Voxel-71FFFF"},
				"down": {"uv": [0, 0, 16, 16], "texture": "#Voxel-71FFFF"}
			}
		},
		{
			"name": "Voxel-71FFFF",
			"from": [7, 15, 6],
			"to": [8, 16, 7],
			"faces": {
				"north": {"uv": [0, 0, 16, 16], "texture": "#Voxel-71FFFF"},
				"east": {"uv": [0, 0, 16, 16], "texture": "#Voxel-71FFFF"},
				"south": {"uv": [0, 0, 16, 16], "texture": "#Voxel-71FFFF"},
				"west": {"uv": [0, 0, 16, 16], "texture": "#Voxel-71FFFF"},
				"up": {"uv": [0, 0, 16, 16], "texture": "#Voxel-71FFFF"},
				"down": {"uv": [0, 0, 16, 16], "texture": "#Voxel-71FFFF"}
			}
		},
		{
			"name": "Voxel-939393",
			"from": [6, 12, 4],
			"to": [7, 15, 7],
			"faces": {
				"north": {"uv": [0, 0, 16, 16], "texture": "#Voxel-939393"},
				"east": {"uv": [0, 0, 16, 16], "texture": "#Voxel-939393"},
				"south": {"uv": [0, 0, 16, 16], "texture": "#Voxel-939393"},
				"west": {"uv": [0, 0, 16, 16], "texture": "#Voxel-939393"},
				"up": {"uv": [0, 0, 16, 16], "texture": "#Voxel-939393"},
				"down": {"uv": [0, 0, 16, 16], "texture": "#Voxel-939393"}
			}
		},
		{
			"name": "Voxel-939393",
			"from": [6, 13, 8],
			"to": [7, 14, 9],
			"faces": {
				"north": {"uv": [0, 0, 16, 16], "texture": "#Voxel-939393"},
				"east": {"uv": [0, 0, 16, 16], "texture": "#Voxel-939393"},
				"south": {"uv": [0, 0, 16, 16], "texture": "#Voxel-939393"},
				"west": {"uv": [0, 0, 16, 16], "texture": "#Voxel-939393"},
				"up": {"uv": [0, 0, 16, 16], "texture": "#Voxel-939393"},
				"down": {"uv": [0, 0, 16, 16], "texture": "#Voxel-939393"}
			}
		},
		{
			"name": "Voxel-939393",
			"from": [6, 15, 5],
			"to": [7, 16, 6],
			"faces": {
				"north": {"uv": [0, 0, 16, 16], "texture": "#Voxel-939393"},
				"east": {"uv": [0, 0, 16, 16], "texture": "#Voxel-939393"},
				"south": {"uv": [0, 0, 16, 16], "texture": "#Voxel-939393"},
				"west": {"uv": [0, 0, 16, 16], "texture": "#Voxel-939393"},
				"up": {"uv": [0, 0, 16, 16], "texture": "#Voxel-939393"},
				"down": {"uv": [0, 0, 16, 16], "texture": "#Voxel-939393"}
			}
		},
		{
			"name": "Voxel-939393",
			"from": [6, 12, 7],
			"to": [7, 14, 8],
			"faces": {
				"north": {"uv": [0, 0, 16, 16], "texture": "#Voxel-939393"},
				"east": {"uv": [0, 0, 16, 16], "texture": "#Voxel-939393"},
				"south": {"uv": [0, 0, 16, 16], "texture": "#Voxel-939393"},
				"west": {"uv": [0, 0, 16, 16], "texture": "#Voxel-939393"},
				"up": {"uv": [0, 0, 16, 16], "texture": "#Voxel-939393"},
				"down": {"uv": [0, 0, 16, 16], "texture": "#Voxel-939393"}
			}
		},
		{
			"name": "Voxel-939393",
			"from": [6, 10, 3],
			"to": [7, 14, 4],
			"faces": {
				"north": {"uv": [0, 0, 16, 16], "texture": "#Voxel-939393"},
				"east": {"uv": [0, 0, 16, 16], "texture": "#Voxel-939393"},
				"south": {"uv": [0, 0, 16, 16], "texture": "#Voxel-939393"},
				"west": {"uv": [0, 0, 16, 16], "texture": "#Voxel-939393"},
				"up": {"uv": [0, 0, 16, 16], "texture": "#Voxel-939393"},
				"down": {"uv": [0, 0, 16, 16], "texture": "#Voxel-939393"}
			}
		},
		{
			"name": "Voxel-939393",
			"from": [6, 10, 2],
			"to": [7, 13, 3],
			"faces": {
				"north": {"uv": [0, 0, 16, 16], "texture": "#Voxel-939393"},
				"east": {"uv": [0, 0, 16, 16], "texture": "#Voxel-939393"},
				"south": {"uv": [0, 0, 16, 16], "texture": "#Voxel-939393"},
				"west": {"uv": [0, 0, 16, 16], "texture": "#Voxel-939393"},
				"up": {"uv": [0, 0, 16, 16], "texture": "#Voxel-939393"},
				"down": {"uv": [0, 0, 16, 16], "texture": "#Voxel-939393"}
			}
		},
		{
			"name": "Voxel-939393",
			"from": [6, 9, 1],
			"to": [9, 12, 2],
			"faces": {
				"north": {"uv": [0, 0, 16, 16], "texture": "#Voxel-939393"},
				"east": {"uv": [0, 0, 16, 16], "texture": "#Voxel-939393"},
				"south": {"uv": [0, 0, 16, 16], "texture": "#Voxel-939393"},
				"west": {"uv": [0, 0, 16, 16], "texture": "#Voxel-939393"},
				"up": {"uv": [0, 0, 16, 16], "texture": "#Voxel-939393"},
				"down": {"uv": [0, 0, 16, 16], "texture": "#Voxel-939393"}
			}
		},
		{
			"name": "Voxel-939393",
			"from": [6, 11, 4],
			"to": [7, 12, 5],
			"faces": {
				"north": {"uv": [0, 0, 16, 16], "texture": "#Voxel-939393"},
				"east": {"uv": [0, 0, 16, 16], "texture": "#Voxel-939393"},
				"south": {"uv": [0, 0, 16, 16], "texture": "#Voxel-939393"},
				"west": {"uv": [0, 0, 16, 16], "texture": "#Voxel-939393"},
				"up": {"uv": [0, 0, 16, 16], "texture": "#Voxel-939393"},
				"down": {"uv": [0, 0, 16, 16], "texture": "#Voxel-939393"}
			}
		},
		{
			"name": "Voxel-939393",
			"from": [6, 10, 0],
			"to": [9, 14, 1],
			"faces": {
				"north": {"uv": [0, 0, 16, 16], "texture": "#Voxel-939393"},
				"east": {"uv": [0, 0, 16, 16], "texture": "#Voxel-939393"},
				"south": {"uv": [0, 0, 16, 16], "texture": "#Voxel-939393"},
				"west": {"uv": [0, 0, 16, 16], "texture": "#Voxel-939393"},
				"up": {"uv": [0, 0, 16, 16], "texture": "#Voxel-939393"},
				"down": {"uv": [0, 0, 16, 16], "texture": "#Voxel-939393"}
			}
		},
		{
			"name": "Voxel-939393",
			"from": [7, 7, 3],
			"to": [8, 12, 10],
			"faces": {
				"north": {"uv": [0, 0, 16, 16], "texture": "#Voxel-939393"},
				"east": {"uv": [0, 0, 16, 16], "texture": "#Voxel-939393"},
				"south": {"uv": [0, 0, 16, 16], "texture": "#Voxel-939393"},
				"west": {"uv": [0, 0, 16, 16], "texture": "#Voxel-939393"},
				"up": {"uv": [0, 0, 16, 16], "texture": "#Voxel-939393"},
				"down": {"uv": [0, 0, 16, 16], "texture": "#Voxel-939393"}
			}
		},
		{
			"name": "Voxel-939393",
			"from": [7, -3, 2],
			"to": [10, 4, 5],
			"faces": {
				"north": {"uv": [0, 0, 16, 16], "texture": "#Voxel-939393"},
				"east": {"uv": [0, 0, 16, 16], "texture": "#Voxel-939393"},
				"south": {"uv": [0, 0, 16, 16], "texture": "#Voxel-939393"},
				"west": {"uv": [0, 0, 16, 16], "texture": "#Voxel-939393"},
				"up": {"uv": [0, 0, 16, 16], "texture": "#Voxel-939393"},
				"down": {"uv": [0, 0, 16, 16], "texture": "#Voxel-939393"}
			}
		},
		{
			"name": "Voxel-939393",
			"from": [7, -3, 11],
			"to": [10, 4, 14],
			"faces": {
				"north": {"uv": [0, 0, 16, 16], "texture": "#Voxel-939393"},
				"east": {"uv": [0, 0, 16, 16], "texture": "#Voxel-939393"},
				"south": {"uv": [0, 0, 16, 16], "texture": "#Voxel-939393"},
				"west": {"uv": [0, 0, 16, 16], "texture": "#Voxel-939393"},
				"up": {"uv": [0, 0, 16, 16], "texture": "#Voxel-939393"},
				"down": {"uv": [0, 0, 16, 16], "texture": "#Voxel-939393"}
			}
		},
		{
			"name": "Voxel-939393",
			"from": [8, 6, 6],
			"to": [9, 7, 7],
			"faces": {
				"north": {"uv": [0, 0, 16, 16], "texture": "#Voxel-939393"},
				"east": {"uv": [0, 0, 16, 16], "texture": "#Voxel-939393"},
				"south": {"uv": [0, 0, 16, 16], "texture": "#Voxel-939393"},
				"west": {"uv": [0, 0, 16, 16], "texture": "#Voxel-939393"},
				"up": {"uv": [0, 0, 16, 16], "texture": "#Voxel-939393"},
				"down": {"uv": [0, 0, 16, 16], "texture": "#Voxel-939393"}
			}
		},
		{
			"name": "Voxel-939393",
			"from": [8, 6, 9],
			"to": [9, 7, 10],
			"faces": {
				"north": {"uv": [0, 0, 16, 16], "texture": "#Voxel-939393"},
				"east": {"uv": [0, 0, 16, 16], "texture": "#Voxel-939393"},
				"south": {"uv": [0, 0, 16, 16], "texture": "#Voxel-939393"},
				"west": {"uv": [0, 0, 16, 16], "texture": "#Voxel-939393"},
				"up": {"uv": [0, 0, 16, 16], "texture": "#Voxel-939393"},
				"down": {"uv": [0, 0, 16, 16], "texture": "#Voxel-939393"}
			}
		},
		{
			"name": "Voxel-939393",
			"from": [8, 3, 10],
			"to": [9, 4, 11],
			"faces": {
				"north": {"uv": [0, 0, 16, 16], "texture": "#Voxel-939393"},
				"east": {"uv": [0, 0, 16, 16], "texture": "#Voxel-939393"},
				"south": {"uv": [0, 0, 16, 16], "texture": "#Voxel-939393"},
				"west": {"uv": [0, 0, 16, 16], "texture": "#Voxel-939393"},
				"up": {"uv": [0, 0, 16, 16], "texture": "#Voxel-939393"},
				"down": {"uv": [0, 0, 16, 16], "texture": "#Voxel-939393"}
			}
		},
		{
			"name": "Voxel-939393",
			"from": [8, 3, 5],
			"to": [9, 4, 6],
			"faces": {
				"north": {"uv": [0, 0, 16, 16], "texture": "#Voxel-939393"},
				"east": {"uv": [0, 0, 16, 16], "texture": "#Voxel-939393"},
				"south": {"uv": [0, 0, 16, 16], "texture": "#Voxel-939393"},
				"west": {"uv": [0, 0, 16, 16], "texture": "#Voxel-939393"},
				"up": {"uv": [0, 0, 16, 16], "texture": "#Voxel-939393"},
				"down": {"uv": [0, 0, 16, 16], "texture": "#Voxel-939393"}
			}
		},
		{
			"name": "Voxel-939393",
			"from": [8, 4, 13],
			"to": [9, 6, 14],
			"faces": {
				"north": {"uv": [0, 0, 16, 16], "texture": "#Voxel-939393"},
				"east": {"uv": [0, 0, 16, 16], "texture": "#Voxel-939393"},
				"south": {"uv": [0, 0, 16, 16], "texture": "#Voxel-939393"},
				"west": {"uv": [0, 0, 16, 16], "texture": "#Voxel-939393"},
				"up": {"uv": [0, 0, 16, 16], "texture": "#Voxel-939393"},
				"down": {"uv": [0, 0, 16, 16], "texture": "#Voxel-939393"}
			}
		},
		{
			"name": "Voxel-939393",
			"from": [8, 4, 2],
			"to": [9, 6, 3],
			"faces": {
				"north": {"uv": [0, 0, 16, 16], "texture": "#Voxel-939393"},
				"east": {"uv": [0, 0, 16, 16], "texture": "#Voxel-939393"},
				"south": {"uv": [0, 0, 16, 16], "texture": "#Voxel-939393"},
				"west": {"uv": [0, 0, 16, 16], "texture": "#Voxel-939393"},
				"up": {"uv": [0, 0, 16, 16], "texture": "#Voxel-939393"},
				"down": {"uv": [0, 0, 16, 16], "texture": "#Voxel-939393"}
			}
		},
		{
			"name": "Voxel-939393",
			"from": [7, 4, 3],
			"to": [10, 7, 6],
			"faces": {
				"north": {"uv": [0, 0, 16, 16], "texture": "#Voxel-939393"},
				"east": {"uv": [0, 0, 16, 16], "texture": "#Voxel-939393"},
				"south": {"uv": [0, 0, 16, 16], "texture": "#Voxel-939393"},
				"west": {"uv": [0, 0, 16, 16], "texture": "#Voxel-939393"},
				"up": {"uv": [0, 0, 16, 16], "texture": "#Voxel-939393"},
				"down": {"uv": [0, 0, 16, 16], "texture": "#Voxel-939393"}
			}
		},
		{
			"name": "Voxel-939393",
			"from": [7, 4, 10],
			"to": [10, 7, 13],
			"faces": {
				"north": {"uv": [0, 0, 16, 16], "texture": "#Voxel-939393"},
				"east": {"uv": [0, 0, 16, 16], "texture": "#Voxel-939393"},
				"south": {"uv": [0, 0, 16, 16], "texture": "#Voxel-939393"},
				"west": {"uv": [0, 0, 16, 16], "texture": "#Voxel-939393"},
				"up": {"uv": [0, 0, 16, 16], "texture": "#Voxel-939393"},
				"down": {"uv": [0, 0, 16, 16], "texture": "#Voxel-939393"}
			}
		},
		{
			"name": "Voxel-939393",
			"from": [7, 7, 10],
			"to": [10, 8, 13],
			"faces": {
				"north": {"uv": [0, 0, 16, 16], "texture": "#Voxel-939393"},
				"east": {"uv": [0, 0, 16, 16], "texture": "#Voxel-939393"},
				"south": {"uv": [0, 0, 16, 16], "texture": "#Voxel-939393"},
				"west": {"uv": [0, 0, 16, 16], "texture": "#Voxel-939393"},
				"up": {"uv": [0, 0, 16, 16], "texture": "#Voxel-939393"},
				"down": {"uv": [0, 0, 16, 16], "texture": "#Voxel-939393"}
			}
		},
		{
			"name": "Voxel-939393",
			"from": [7, 12, 1],
			"to": [8, 14, 3],
			"faces": {
				"north": {"uv": [0, 0, 16, 16], "texture": "#Voxel-939393"},
				"east": {"uv": [0, 0, 16, 16], "texture": "#Voxel-939393"},
				"south": {"uv": [0, 0, 16, 16], "texture": "#Voxel-939393"},
				"west": {"uv": [0, 0, 16, 16], "texture": "#Voxel-939393"},
				"up": {"uv": [0, 0, 16, 16], "texture": "#Voxel-939393"},
				"down": {"uv": [0, 0, 16, 16], "texture": "#Voxel-939393"}
			}
		},
		{
			"name": "Voxel-939393",
			"from": [7, 19, 4],
			"to": [10, 20, 5],
			"faces": {
				"north": {"uv": [0, 0, 16, 16], "texture": "#Voxel-939393"},
				"east": {"uv": [0, 0, 16, 16], "texture": "#Voxel-939393"},
				"south": {"uv": [0, 0, 16, 16], "texture": "#Voxel-939393"},
				"west": {"uv": [0, 0, 16, 16], "texture": "#Voxel-939393"},
				"up": {"uv": [0, 0, 16, 16], "texture": "#Voxel-939393"},
				"down": {"uv": [0, 0, 16, 16], "texture": "#Voxel-939393"}
			}
		},
		{
			"name": "Voxel-939393",
			"from": [7, 19, 11],
			"to": [10, 20, 12],
			"faces": {
				"north": {"uv": [0, 0, 16, 16], "texture": "#Voxel-939393"},
				"east": {"uv": [0, 0, 16, 16], "texture": "#Voxel-939393"},
				"south": {"uv": [0, 0, 16, 16], "texture": "#Voxel-939393"},
				"west": {"uv": [0, 0, 16, 16], "texture": "#Voxel-939393"},
				"up": {"uv": [0, 0, 16, 16], "texture": "#Voxel-939393"},
				"down": {"uv": [0, 0, 16, 16], "texture": "#Voxel-939393"}
			}
		},
		{
			"name": "Voxel-939393",
			"from": [5, 19, 9],
			"to": [6, 20, 10],
			"faces": {
				"north": {"uv": [0, 0, 16, 16], "texture": "#Voxel-939393"},
				"east": {"uv": [0, 0, 16, 16], "texture": "#Voxel-939393"},
				"south": {"uv": [0, 0, 16, 16], "texture": "#Voxel-939393"},
				"west": {"uv": [0, 0, 16, 16], "texture": "#Voxel-939393"},
				"up": {"uv": [0, 0, 16, 16], "texture": "#Voxel-939393"},
				"down": {"uv": [0, 0, 16, 16], "texture": "#Voxel-939393"}
			}
		},
		{
			"name": "Voxel-939393",
			"from": [6, 19, 5],
			"to": [11, 20, 6],
			"faces": {
				"north": {"uv": [0, 0, 16, 16], "texture": "#Voxel-939393"},
				"east": {"uv": [0, 0, 16, 16], "texture": "#Voxel-939393"},
				"south": {"uv": [0, 0, 16, 16], "texture": "#Voxel-939393"},
				"west": {"uv": [0, 0, 16, 16], "texture": "#Voxel-939393"},
				"up": {"uv": [0, 0, 16, 16], "texture": "#Voxel-939393"},
				"down": {"uv": [0, 0, 16, 16], "texture": "#Voxel-939393"}
			}
		},
		{
			"name": "Voxel-939393",
			"from": [5, 19, 6],
			"to": [6, 20, 7],
			"faces": {
				"north": {"uv": [0, 0, 16, 16], "texture": "#Voxel-939393"},
				"east": {"uv": [0, 0, 16, 16], "texture": "#Voxel-939393"},
				"south": {"uv": [0, 0, 16, 16], "texture": "#Voxel-939393"},
				"west": {"uv": [0, 0, 16, 16], "texture": "#Voxel-939393"},
				"up": {"uv": [0, 0, 16, 16], "texture": "#Voxel-939393"},
				"down": {"uv": [0, 0, 16, 16], "texture": "#Voxel-939393"}
			}
		},
		{
			"name": "Voxel-939393",
			"from": [6, 19, 10],
			"to": [11, 20, 11],
			"faces": {
				"north": {"uv": [0, 0, 16, 16], "texture": "#Voxel-939393"},
				"east": {"uv": [0, 0, 16, 16], "texture": "#Voxel-939393"},
				"south": {"uv": [0, 0, 16, 16], "texture": "#Voxel-939393"},
				"west": {"uv": [0, 0, 16, 16], "texture": "#Voxel-939393"},
				"up": {"uv": [0, 0, 16, 16], "texture": "#Voxel-939393"},
				"down": {"uv": [0, 0, 16, 16], "texture": "#Voxel-939393"}
			}
		},
		{
			"name": "Voxel-939393",
			"from": [8, 21, 12],
			"to": [9, 22, 13],
			"faces": {
				"north": {"uv": [0, 0, 16, 16], "texture": "#Voxel-939393"},
				"east": {"uv": [0, 0, 16, 16], "texture": "#Voxel-939393"},
				"south": {"uv": [0, 0, 16, 16], "texture": "#Voxel-939393"},
				"west": {"uv": [0, 0, 16, 16], "texture": "#Voxel-939393"},
				"up": {"uv": [0, 0, 16, 16], "texture": "#Voxel-939393"},
				"down": {"uv": [0, 0, 16, 16], "texture": "#Voxel-939393"}
			}
		},
		{
			"name": "Voxel-939393",
			"from": [8, 21, 3],
			"to": [9, 22, 4],
			"faces": {
				"north": {"uv": [0, 0, 16, 16], "texture": "#Voxel-939393"},
				"east": {"uv": [0, 0, 16, 16], "texture": "#Voxel-939393"},
				"south": {"uv": [0, 0, 16, 16], "texture": "#Voxel-939393"},
				"west": {"uv": [0, 0, 16, 16], "texture": "#Voxel-939393"},
				"up": {"uv": [0, 0, 16, 16], "texture": "#Voxel-939393"},
				"down": {"uv": [0, 0, 16, 16], "texture": "#Voxel-939393"}
			}
		},
		{
			"name": "Voxel-939393",
			"from": [8, 15, 15],
			"to": [9, 16, 16],
			"faces": {
				"north": {"uv": [0, 0, 16, 16], "texture": "#Voxel-939393"},
				"east": {"uv": [0, 0, 16, 16], "texture": "#Voxel-939393"},
				"south": {"uv": [0, 0, 16, 16], "texture": "#Voxel-939393"},
				"west": {"uv": [0, 0, 16, 16], "texture": "#Voxel-939393"},
				"up": {"uv": [0, 0, 16, 16], "texture": "#Voxel-939393"},
				"down": {"uv": [0, 0, 16, 16], "texture": "#Voxel-939393"}
			}
		},
		{
			"name": "Voxel-939393",
			"from": [8, 16, 14],
			"to": [9, 17, 15],
			"faces": {
				"north": {"uv": [0, 0, 16, 16], "texture": "#Voxel-939393"},
				"east": {"uv": [0, 0, 16, 16], "texture": "#Voxel-939393"},
				"south": {"uv": [0, 0, 16, 16], "texture": "#Voxel-939393"},
				"west": {"uv": [0, 0, 16, 16], "texture": "#Voxel-939393"},
				"up": {"uv": [0, 0, 16, 16], "texture": "#Voxel-939393"},
				"down": {"uv": [0, 0, 16, 16], "texture": "#Voxel-939393"}
			}
		},
		{
			"name": "Voxel-939393",
			"from": [8, 17, 13],
			"to": [9, 18, 14],
			"faces": {
				"north": {"uv": [0, 0, 16, 16], "texture": "#Voxel-939393"},
				"east": {"uv": [0, 0, 16, 16], "texture": "#Voxel-939393"},
				"south": {"uv": [0, 0, 16, 16], "texture": "#Voxel-939393"},
				"west": {"uv": [0, 0, 16, 16], "texture": "#Voxel-939393"},
				"up": {"uv": [0, 0, 16, 16], "texture": "#Voxel-939393"},
				"down": {"uv": [0, 0, 16, 16], "texture": "#Voxel-939393"}
			}
		},
		{
			"name": "Voxel-939393",
			"from": [8, 17, 2],
			"to": [9, 18, 3],
			"faces": {
				"north": {"uv": [0, 0, 16, 16], "texture": "#Voxel-939393"},
				"east": {"uv": [0, 0, 16, 16], "texture": "#Voxel-939393"},
				"south": {"uv": [0, 0, 16, 16], "texture": "#Voxel-939393"},
				"west": {"uv": [0, 0, 16, 16], "texture": "#Voxel-939393"},
				"up": {"uv": [0, 0, 16, 16], "texture": "#Voxel-939393"},
				"down": {"uv": [0, 0, 16, 16], "texture": "#Voxel-939393"}
			}
		},
		{
			"name": "Voxel-939393",
			"from": [8, 16, 1],
			"to": [9, 17, 2],
			"faces": {
				"north": {"uv": [0, 0, 16, 16], "texture": "#Voxel-939393"},
				"east": {"uv": [0, 0, 16, 16], "texture": "#Voxel-939393"},
				"south": {"uv": [0, 0, 16, 16], "texture": "#Voxel-939393"},
				"west": {"uv": [0, 0, 16, 16], "texture": "#Voxel-939393"},
				"up": {"uv": [0, 0, 16, 16], "texture": "#Voxel-939393"},
				"down": {"uv": [0, 0, 16, 16], "texture": "#Voxel-939393"}
			}
		},
		{
			"name": "Voxel-939393",
			"from": [8, 15, 0],
			"to": [9, 16, 1],
			"faces": {
				"north": {"uv": [0, 0, 16, 16], "texture": "#Voxel-939393"},
				"east": {"uv": [0, 0, 16, 16], "texture": "#Voxel-939393"},
				"south": {"uv": [0, 0, 16, 16], "texture": "#Voxel-939393"},
				"west": {"uv": [0, 0, 16, 16], "texture": "#Voxel-939393"},
				"up": {"uv": [0, 0, 16, 16], "texture": "#Voxel-939393"},
				"down": {"uv": [0, 0, 16, 16], "texture": "#Voxel-939393"}
			}
		},
		{
			"name": "Voxel-939393",
			"from": [6, 9, 14],
			"to": [7, 10, 16],
			"faces": {
				"north": {"uv": [0, 0, 16, 16], "texture": "#Voxel-939393"},
				"east": {"uv": [0, 0, 16, 16], "texture": "#Voxel-939393"},
				"south": {"uv": [0, 0, 16, 16], "texture": "#Voxel-939393"},
				"west": {"uv": [0, 0, 16, 16], "texture": "#Voxel-939393"},
				"up": {"uv": [0, 0, 16, 16], "texture": "#Voxel-939393"},
				"down": {"uv": [0, 0, 16, 16], "texture": "#Voxel-939393"}
			}
		},
		{
			"name": "Voxel-939393",
			"from": [7, 7, 14],
			"to": [9, 8, 15],
			"faces": {
				"north": {"uv": [0, 0, 16, 16], "texture": "#Voxel-939393"},
				"east": {"uv": [0, 0, 16, 16], "texture": "#Voxel-939393"},
				"south": {"uv": [0, 0, 16, 16], "texture": "#Voxel-939393"},
				"west": {"uv": [0, 0, 16, 16], "texture": "#Voxel-939393"},
				"up": {"uv": [0, 0, 16, 16], "texture": "#Voxel-939393"},
				"down": {"uv": [0, 0, 16, 16], "texture": "#Voxel-939393"}
			}
		},
		{
			"name": "Voxel-939393",
			"from": [7, 9, 16],
			"to": [9, 10, 17],
			"faces": {
				"north": {"uv": [0, 0, 16, 16], "texture": "#Voxel-939393"},
				"east": {"uv": [0, 0, 16, 16], "texture": "#Voxel-939393"},
				"south": {"uv": [0, 0, 16, 16], "texture": "#Voxel-939393"},
				"west": {"uv": [0, 0, 16, 16], "texture": "#Voxel-939393"},
				"up": {"uv": [0, 0, 16, 16], "texture": "#Voxel-939393"},
				"down": {"uv": [0, 0, 16, 16], "texture": "#Voxel-939393"}
			}
		},
		{
			"name": "Voxel-939393",
			"from": [8, 8, 16],
			"to": [9, 9, 17],
			"faces": {
				"north": {"uv": [0, 0, 16, 16], "texture": "#Voxel-939393"},
				"east": {"uv": [0, 0, 16, 16], "texture": "#Voxel-939393"},
				"south": {"uv": [0, 0, 16, 16], "texture": "#Voxel-939393"},
				"west": {"uv": [0, 0, 16, 16], "texture": "#Voxel-939393"},
				"up": {"uv": [0, 0, 16, 16], "texture": "#Voxel-939393"},
				"down": {"uv": [0, 0, 16, 16], "texture": "#Voxel-939393"}
			}
		},
		{
			"name": "Voxel-939393",
			"from": [8, 7, 15],
			"to": [9, 8, 16],
			"faces": {
				"north": {"uv": [0, 0, 16, 16], "texture": "#Voxel-939393"},
				"east": {"uv": [0, 0, 16, 16], "texture": "#Voxel-939393"},
				"south": {"uv": [0, 0, 16, 16], "texture": "#Voxel-939393"},
				"west": {"uv": [0, 0, 16, 16], "texture": "#Voxel-939393"},
				"up": {"uv": [0, 0, 16, 16], "texture": "#Voxel-939393"},
				"down": {"uv": [0, 0, 16, 16], "texture": "#Voxel-939393"}
			}
		},
		{
			"name": "Voxel-939393",
			"from": [6, 8, 14],
			"to": [7, 9, 15],
			"faces": {
				"north": {"uv": [0, 0, 16, 16], "texture": "#Voxel-939393"},
				"east": {"uv": [0, 0, 16, 16], "texture": "#Voxel-939393"},
				"south": {"uv": [0, 0, 16, 16], "texture": "#Voxel-939393"},
				"west": {"uv": [0, 0, 16, 16], "texture": "#Voxel-939393"},
				"up": {"uv": [0, 0, 16, 16], "texture": "#Voxel-939393"},
				"down": {"uv": [0, 0, 16, 16], "texture": "#Voxel-939393"}
			}
		},
		{
			"name": "Voxel-939393",
			"from": [10, 9, 14],
			"to": [11, 10, 15],
			"faces": {
				"north": {"uv": [0, 0, 16, 16], "texture": "#Voxel-939393"},
				"east": {"uv": [0, 0, 16, 16], "texture": "#Voxel-939393"},
				"south": {"uv": [0, 0, 16, 16], "texture": "#Voxel-939393"},
				"west": {"uv": [0, 0, 16, 16], "texture": "#Voxel-939393"},
				"up": {"uv": [0, 0, 16, 16], "texture": "#Voxel-939393"},
				"down": {"uv": [0, 0, 16, 16], "texture": "#Voxel-939393"}
			}
		},
		{
			"name": "Voxel-939393",
			"from": [9, 7, 3],
			"to": [10, 14, 10],
			"faces": {
				"north": {"uv": [0, 0, 16, 16], "texture": "#Voxel-939393"},
				"east": {"uv": [0, 0, 16, 16], "texture": "#Voxel-939393"},
				"south": {"uv": [0, 0, 16, 16], "texture": "#Voxel-939393"},
				"west": {"uv": [0, 0, 16, 16], "texture": "#Voxel-939393"},
				"up": {"uv": [0, 0, 16, 16], "texture": "#Voxel-939393"},
				"down": {"uv": [0, 0, 16, 16], "texture": "#Voxel-939393"}
			}
		},
		{
			"name": "Voxel-939393",
			"from": [9, 14, 6],
			"to": [10, 16, 10],
			"faces": {
				"north": {"uv": [0, 0, 16, 16], "texture": "#Voxel-939393"},
				"east": {"uv": [0, 0, 16, 16], "texture": "#Voxel-939393"},
				"south": {"uv": [0, 0, 16, 16], "texture": "#Voxel-939393"},
				"west": {"uv": [0, 0, 16, 16], "texture": "#Voxel-939393"},
				"up": {"uv": [0, 0, 16, 16], "texture": "#Voxel-939393"},
				"down": {"uv": [0, 0, 16, 16], "texture": "#Voxel-939393"}
			}
		},
		{
			"name": "Voxel-939393",
			"from": [9, 16, 7],
			"to": [10, 17, 9],
			"faces": {
				"north": {"uv": [0, 0, 16, 16], "texture": "#Voxel-939393"},
				"east": {"uv": [0, 0, 16, 16], "texture": "#Voxel-939393"},
				"south": {"uv": [0, 0, 16, 16], "texture": "#Voxel-939393"},
				"west": {"uv": [0, 0, 16, 16], "texture": "#Voxel-939393"},
				"up": {"uv": [0, 0, 16, 16], "texture": "#Voxel-939393"},
				"down": {"uv": [0, 0, 16, 16], "texture": "#Voxel-939393"}
			}
		},
		{
			"name": "Voxel-939393",
			"from": [9, 14, 4],
			"to": [10, 15, 6],
			"faces": {
				"north": {"uv": [0, 0, 16, 16], "texture": "#Voxel-939393"},
				"east": {"uv": [0, 0, 16, 16], "texture": "#Voxel-939393"},
				"south": {"uv": [0, 0, 16, 16], "texture": "#Voxel-939393"},
				"west": {"uv": [0, 0, 16, 16], "texture": "#Voxel-939393"},
				"up": {"uv": [0, 0, 16, 16], "texture": "#Voxel-939393"},
				"down": {"uv": [0, 0, 16, 16], "texture": "#Voxel-939393"}
			}
		},
		{
			"name": "Voxel-939393",
			"from": [7, 12, 9],
			"to": [8, 13, 10],
			"faces": {
				"north": {"uv": [0, 0, 16, 16], "texture": "#Voxel-939393"},
				"east": {"uv": [0, 0, 16, 16], "texture": "#Voxel-939393"},
				"south": {"uv": [0, 0, 16, 16], "texture": "#Voxel-939393"},
				"west": {"uv": [0, 0, 16, 16], "texture": "#Voxel-939393"},
				"up": {"uv": [0, 0, 16, 16], "texture": "#Voxel-939393"},
				"down": {"uv": [0, 0, 16, 16], "texture": "#Voxel-939393"}
			}
		},
		{
			"name": "Voxel-939393",
			"from": [5, -4, 11],
			"to": [10, -3, 13],
			"faces": {
				"north": {"uv": [0, 0, 16, 16], "texture": "#Voxel-939393"},
				"east": {"uv": [0, 0, 16, 16], "texture": "#Voxel-939393"},
				"south": {"uv": [0, 0, 16, 16], "texture": "#Voxel-939393"},
				"west": {"uv": [0, 0, 16, 16], "texture": "#Voxel-939393"},
				"up": {"uv": [0, 0, 16, 16], "texture": "#Voxel-939393"},
				"down": {"uv": [0, 0, 16, 16], "texture": "#Voxel-939393"}
			}
		},
		{
			"name": "Voxel-939393",
			"from": [5, -4, 3],
			"to": [10, -3, 5],
			"faces": {
				"north": {"uv": [0, 0, 16, 16], "texture": "#Voxel-939393"},
				"east": {"uv": [0, 0, 16, 16], "texture": "#Voxel-939393"},
				"south": {"uv": [0, 0, 16, 16], "texture": "#Voxel-939393"},
				"west": {"uv": [0, 0, 16, 16], "texture": "#Voxel-939393"},
				"up": {"uv": [0, 0, 16, 16], "texture": "#Voxel-939393"},
				"down": {"uv": [0, 0, 16, 16], "texture": "#Voxel-939393"}
			}
		},
		{
			"name": "Voxel-939393",
			"from": [4, -4, 13],
			"to": [9, -3, 14],
			"faces": {
				"north": {"uv": [0, 0, 16, 16], "texture": "#Voxel-939393"},
				"east": {"uv": [0, 0, 16, 16], "texture": "#Voxel-939393"},
				"south": {"uv": [0, 0, 16, 16], "texture": "#Voxel-939393"},
				"west": {"uv": [0, 0, 16, 16], "texture": "#Voxel-939393"},
				"up": {"uv": [0, 0, 16, 16], "texture": "#Voxel-939393"},
				"down": {"uv": [0, 0, 16, 16], "texture": "#Voxel-939393"}
			}
		},
		{
			"name": "Voxel-939393",
			"from": [4, -4, 2],
			"to": [9, -3, 3],
			"faces": {
				"north": {"uv": [0, 0, 16, 16], "texture": "#Voxel-939393"},
				"east": {"uv": [0, 0, 16, 16], "texture": "#Voxel-939393"},
				"south": {"uv": [0, 0, 16, 16], "texture": "#Voxel-939393"},
				"west": {"uv": [0, 0, 16, 16], "texture": "#Voxel-939393"},
				"up": {"uv": [0, 0, 16, 16], "texture": "#Voxel-939393"},
				"down": {"uv": [0, 0, 16, 16], "texture": "#Voxel-939393"}
			}
		},
		{
			"name": "Voxel-939393",
			"from": [5, -4, 14],
			"to": [8, -3, 15],
			"faces": {
				"north": {"uv": [0, 0, 16, 16], "texture": "#Voxel-939393"},
				"east": {"uv": [0, 0, 16, 16], "texture": "#Voxel-939393"},
				"south": {"uv": [0, 0, 16, 16], "texture": "#Voxel-939393"},
				"west": {"uv": [0, 0, 16, 16], "texture": "#Voxel-939393"},
				"up": {"uv": [0, 0, 16, 16], "texture": "#Voxel-939393"},
				"down": {"uv": [0, 0, 16, 16], "texture": "#Voxel-939393"}
			}
		},
		{
			"name": "Voxel-939393",
			"from": [5, -4, 1],
			"to": [8, -3, 2],
			"faces": {
				"north": {"uv": [0, 0, 16, 16], "texture": "#Voxel-939393"},
				"east": {"uv": [0, 0, 16, 16], "texture": "#Voxel-939393"},
				"south": {"uv": [0, 0, 16, 16], "texture": "#Voxel-939393"},
				"west": {"uv": [0, 0, 16, 16], "texture": "#Voxel-939393"},
				"up": {"uv": [0, 0, 16, 16], "texture": "#Voxel-939393"},
				"down": {"uv": [0, 0, 16, 16], "texture": "#Voxel-939393"}
			}
		},
		{
			"name": "Voxel-939393",
			"from": [4, -4, 3],
			"to": [5, -3, 4],
			"faces": {
				"north": {"uv": [0, 0, 16, 16], "texture": "#Voxel-939393"},
				"east": {"uv": [0, 0, 16, 16], "texture": "#Voxel-939393"},
				"south": {"uv": [0, 0, 16, 16], "texture": "#Voxel-939393"},
				"west": {"uv": [0, 0, 16, 16], "texture": "#Voxel-939393"},
				"up": {"uv": [0, 0, 16, 16], "texture": "#Voxel-939393"},
				"down": {"uv": [0, 0, 16, 16], "texture": "#Voxel-939393"}
			}
		},
		{
			"name": "Voxel-939393",
			"from": [4, -4, 12],
			"to": [5, -3, 13],
			"faces": {
				"north": {"uv": [0, 0, 16, 16], "texture": "#Voxel-939393"},
				"east": {"uv": [0, 0, 16, 16], "texture": "#Voxel-939393"},
				"south": {"uv": [0, 0, 16, 16], "texture": "#Voxel-939393"},
				"west": {"uv": [0, 0, 16, 16], "texture": "#Voxel-939393"},
				"up": {"uv": [0, 0, 16, 16], "texture": "#Voxel-939393"},
				"down": {"uv": [0, 0, 16, 16], "texture": "#Voxel-939393"}
			}
		},
		{
			"name": "Voxel-939393",
			"from": [7, 9, 0],
			"to": [8, 10, 1],
			"faces": {
				"north": {"uv": [0, 0, 16, 16], "texture": "#Voxel-939393"},
				"east": {"uv": [0, 0, 16, 16], "texture": "#Voxel-939393"},
				"south": {"uv": [0, 0, 16, 16], "texture": "#Voxel-939393"},
				"west": {"uv": [0, 0, 16, 16], "texture": "#Voxel-939393"},
				"up": {"uv": [0, 0, 16, 16], "texture": "#Voxel-939393"},
				"down": {"uv": [0, 0, 16, 16], "texture": "#Voxel-939393"}
			}
		},
		{
			"name": "Voxel-939393",
			"from": [7, 9, 2],
			"to": [8, 10, 3],
			"faces": {
				"north": {"uv": [0, 0, 16, 16], "texture": "#Voxel-939393"},
				"east": {"uv": [0, 0, 16, 16], "texture": "#Voxel-939393"},
				"south": {"uv": [0, 0, 16, 16], "texture": "#Voxel-939393"},
				"west": {"uv": [0, 0, 16, 16], "texture": "#Voxel-939393"},
				"up": {"uv": [0, 0, 16, 16], "texture": "#Voxel-939393"},
				"down": {"uv": [0, 0, 16, 16], "texture": "#Voxel-939393"}
			}
		},
		{
			"name": "Voxel-939393",
			"from": [9, 12, -1],
			"to": [10, 13, 0],
			"faces": {
				"north": {"uv": [0, 0, 16, 16], "texture": "#Voxel-939393"},
				"east": {"uv": [0, 0, 16, 16], "texture": "#Voxel-939393"},
				"south": {"uv": [0, 0, 16, 16], "texture": "#Voxel-939393"},
				"west": {"uv": [0, 0, 16, 16], "texture": "#Voxel-939393"},
				"up": {"uv": [0, 0, 16, 16], "texture": "#Voxel-939393"},
				"down": {"uv": [0, 0, 16, 16], "texture": "#Voxel-939393"}
			}
		},
		{
			"name": "Voxel-939393",
			"from": [6, 11, -1],
			"to": [7, 12, 0],
			"faces": {
				"north": {"uv": [0, 0, 16, 16], "texture": "#Voxel-939393"},
				"east": {"uv": [0, 0, 16, 16], "texture": "#Voxel-939393"},
				"south": {"uv": [0, 0, 16, 16], "texture": "#Voxel-939393"},
				"west": {"uv": [0, 0, 16, 16], "texture": "#Voxel-939393"},
				"up": {"uv": [0, 0, 16, 16], "texture": "#Voxel-939393"},
				"down": {"uv": [0, 0, 16, 16], "texture": "#Voxel-939393"}
			}
		},
		{
			"name": "Voxel-939393",
			"from": [7, 10, -1],
			"to": [8, 13, 0],
			"faces": {
				"north": {"uv": [0, 0, 16, 16], "texture": "#Voxel-939393"},
				"east": {"uv": [0, 0, 16, 16], "texture": "#Voxel-939393"},
				"south": {"uv": [0, 0, 16, 16], "texture": "#Voxel-939393"},
				"west": {"uv": [0, 0, 16, 16], "texture": "#Voxel-939393"},
				"up": {"uv": [0, 0, 16, 16], "texture": "#Voxel-939393"},
				"down": {"uv": [0, 0, 16, 16], "texture": "#Voxel-939393"}
			}
		},
		{
			"name": "Voxel-939393",
			"from": [8, 11, -1],
			"to": [9, 14, 0],
			"faces": {
				"north": {"uv": [0, 0, 16, 16], "texture": "#Voxel-939393"},
				"east": {"uv": [0, 0, 16, 16], "texture": "#Voxel-939393"},
				"south": {"uv": [0, 0, 16, 16], "texture": "#Voxel-939393"},
				"west": {"uv": [0, 0, 16, 16], "texture": "#Voxel-939393"},
				"up": {"uv": [0, 0, 16, 16], "texture": "#Voxel-939393"},
				"down": {"uv": [0, 0, 16, 16], "texture": "#Voxel-939393"}
			}
		},
		{
			"name": "Voxel-939393",
			"from": [8, 10, 2],
			"to": [9, 13, 3],
			"faces": {
				"north": {"uv": [0, 0, 16, 16], "texture": "#Voxel-939393"},
				"east": {"uv": [0, 0, 16, 16], "texture": "#Voxel-939393"},
				"south": {"uv": [0, 0, 16, 16], "texture": "#Voxel-939393"},
				"west": {"uv": [0, 0, 16, 16], "texture": "#Voxel-939393"},
				"up": {"uv": [0, 0, 16, 16], "texture": "#Voxel-939393"},
				"down": {"uv": [0, 0, 16, 16], "texture": "#Voxel-939393"}
			}
		},
		{
			"name": "Voxel-939393",
			"from": [9, 11, 0],
			"to": [10, 14, 1],
			"faces": {
				"north": {"uv": [0, 0, 16, 16], "texture": "#Voxel-939393"},
				"east": {"uv": [0, 0, 16, 16], "texture": "#Voxel-939393"},
				"south": {"uv": [0, 0, 16, 16], "texture": "#Voxel-939393"},
				"west": {"uv": [0, 0, 16, 16], "texture": "#Voxel-939393"},
				"up": {"uv": [0, 0, 16, 16], "texture": "#Voxel-939393"},
				"down": {"uv": [0, 0, 16, 16], "texture": "#Voxel-939393"}
			}
		},
		{
			"name": "Voxel-939393",
			"from": [9, 13, 1],
			"to": [10, 14, 3],
			"faces": {
				"north": {"uv": [0, 0, 16, 16], "texture": "#Voxel-939393"},
				"east": {"uv": [0, 0, 16, 16], "texture": "#Voxel-939393"},
				"south": {"uv": [0, 0, 16, 16], "texture": "#Voxel-939393"},
				"west": {"uv": [0, 0, 16, 16], "texture": "#Voxel-939393"},
				"up": {"uv": [0, 0, 16, 16], "texture": "#Voxel-939393"},
				"down": {"uv": [0, 0, 16, 16], "texture": "#Voxel-939393"}
			}
		},
		{
			"name": "Voxel-939393",
			"from": [9, 12, 1],
			"to": [10, 13, 2],
			"faces": {
				"north": {"uv": [0, 0, 16, 16], "texture": "#Voxel-939393"},
				"east": {"uv": [0, 0, 16, 16], "texture": "#Voxel-939393"},
				"south": {"uv": [0, 0, 16, 16], "texture": "#Voxel-939393"},
				"west": {"uv": [0, 0, 16, 16], "texture": "#Voxel-939393"},
				"up": {"uv": [0, 0, 16, 16], "texture": "#Voxel-939393"},
				"down": {"uv": [0, 0, 16, 16], "texture": "#Voxel-939393"}
			}
		}
	],
	"display": {
		"firstperson_righthand": {
			"scale": [0.5, 0.5, 0.5]
		},
		"firstperson_lefthand": {
			"rotation": [0, 180, 0],
			"scale": [0.5, 0.5, 0.5]
		},
		"gui": {
			"rotation": [0, 45, 0],
			"translation": [0, -1.75, 0],
			"scale": [0.5, 0.5, 0.5]
		},
		"head": {
			"rotation": [0, -90, 0],
			"translation": [0, -20, -1.5],
			"scale": [2, 2, 2]
		}
	},
	"groups": [
		{
			"name": "protection",
			"origin": [8, 8, 8],
			"color": 0,
			"nbt": "{}",
			"armAnimationEnabled": false,
			"children": [0, 1, 2, 3, 4, 5, 6, 7, 8, 9, 10, 11, 12, 13, 14, 15, 16, 17, 18, 19, 20, 21, 22, 23, 24, 25, 26, 27, 28, 29, 30, 31, 32, 33, 34, 35, 36, 37, 38, 39, 40, 41, 42, 43, 44, 45, 46, 47, 48, 49, 50, 51, 52, 53, 54, 55, 56, 57, 58, 59, 60, 61, 62, 63, 64, 65, 66, 67, 68, 69, 70, 71, 72, 73, 74, 75, 76, 77, 78, 79, 80, 81, 82, 83, 84, 85, 86, 87, 88, 89, 90, 91, 92, 93, 94, 95, 96, 97, 98, 99, 100, 101, 102, 103, 104, 105, 106, 107, 108, 109]
		}
	]
}