{
	"credit": "Made with Blockbench",
	"textures": {
		"Voxel-000000": "item/voxel-000000",
		"Voxel-1B1B1B": "item/voxel-1b1b1b",
		"particle": "item/particle"
	},
	"elements": [
		{
			"name": "Voxel-000000",
			"from": [0, 8, 15],
			"to": [12, 9, 16],
			"faces": {
				"north": {"uv": [0, 0, 16, 16], "texture": "#Voxel-000000"},
				"east": {"uv": [0, 0, 16, 16], "texture": "#Voxel-000000"},
				"south": {"uv": [0, 0, 16, 16], "texture": "#Voxel-000000"},
				"west": {"uv": [0, 0, 16, 16], "texture": "#Voxel-000000"},
				"up": {"uv": [0, 0, 16, 16], "texture": "#Voxel-000000"},
				"down": {"uv": [0, 0, 16, 16], "texture": "#Voxel-000000"}
			}
		},
		{
			"name": "Voxel-000000",
			"from": [0, 8, 0],
			"to": [12, 9, 1],
			"faces": {
				"north": {"uv": [0, 0, 16, 16], "texture": "#Voxel-000000"},
				"east": {"uv": [0, 0, 16, 16], "texture": "#Voxel-000000"},
				"south": {"uv": [0, 0, 16, 16], "texture": "#Voxel-000000"},
				"west": {"uv": [0, 0, 16, 16], "texture": "#Voxel-000000"},
				"up": {"uv": [0, 0, 16, 16], "texture": "#Voxel-000000"},
				"down": {"uv": [0, 0, 16, 16], "texture": "#Voxel-000000"}
			}
		},
		{
			"name": "Voxel-000000",
			"from": [12, 7, 15],
			"to": [13, 8, 16],
			"faces": {
				"north": {"uv": [0, 0, 16, 16], "texture": "#Voxel-000000"},
				"east": {"uv": [0, 0, 16, 16], "texture": "#Voxel-000000"},
				"south": {"uv": [0, 0, 16, 16], "texture": "#Voxel-000000"},
				"west": {"uv": [0, 0, 16, 16], "texture": "#Voxel-000000"},
				"up": {"uv": [0, 0, 16, 16], "texture": "#Voxel-000000"},
				"down": {"uv": [0, 0, 16, 16], "texture": "#Voxel-000000"}
			}
		},
		{
			"name": "Voxel-000000",
			"from": [12, 7, 0],
			"to": [13, 8, 1],
			"faces": {
				"north": {"uv": [0, 0, 16, 16], "texture": "#Voxel-000000"},
				"east": {"uv": [0, 0, 16, 16], "texture": "#Voxel-000000"},
				"south": {"uv": [0, 0, 16, 16], "texture": "#Voxel-000000"},
				"west": {"uv": [0, 0, 16, 16], "texture": "#Voxel-000000"},
				"up": {"uv": [0, 0, 16, 16], "texture": "#Voxel-000000"},
				"down": {"uv": [0, 0, 16, 16], "texture": "#Voxel-000000"}
			}
		},
		{
			"name": "Voxel-000000",
			"from": [0, 5, 2],
			"to": [1, 6, 6],
			"faces": {
				"north": {"uv": [0, 0, 16, 16], "texture": "#Voxel-000000"},
				"east": {"uv": [0, 0, 16, 16], "texture": "#Voxel-000000"},
				"south": {"uv": [0, 0, 16, 16], "texture": "#Voxel-000000"},
				"west": {"uv": [0, 0, 16, 16], "texture": "#Voxel-000000"},
				"up": {"uv": [0, 0, 16, 16], "texture": "#Voxel-000000"},
				"down": {"uv": [0, 0, 16, 16], "texture": "#Voxel-000000"}
			}
		},
		{
			"name": "Voxel-000000",
			"from": [0, 5, 10],
			"to": [1, 6, 14],
			"faces": {
				"north": {"uv": [0, 0, 16, 16], "texture": "#Voxel-000000"},
				"east": {"uv": [0, 0, 16, 16], "texture": "#Voxel-000000"},
				"south": {"uv": [0, 0, 16, 16], "texture": "#Voxel-000000"},
				"west": {"uv": [0, 0, 16, 16], "texture": "#Voxel-000000"},
				"up": {"uv": [0, 0, 16, 16], "texture": "#Voxel-000000"},
				"down": {"uv": [0, 0, 16, 16], "texture": "#Voxel-000000"}
			}
		},
		{
			"name": "Voxel-000000",
			"from": [0, 6, 1],
			"to": [1, 8, 2],
			"faces": {
				"north": {"uv": [0, 0, 16, 16], "texture": "#Voxel-000000"},
				"east": {"uv": [0, 0, 16, 16], "texture": "#Voxel-000000"},
				"south": {"uv": [0, 0, 16, 16], "texture": "#Voxel-000000"},
				"west": {"uv": [0, 0, 16, 16], "texture": "#Voxel-000000"},
				"up": {"uv": [0, 0, 16, 16], "texture": "#Voxel-000000"},
				"down": {"uv": [0, 0, 16, 16], "texture": "#Voxel-000000"}
			}
		},
		{
			"name": "Voxel-000000",
			"from": [0, 6, 6],
			"to": [1, 8, 7],
			"faces": {
				"north": {"uv": [0, 0, 16, 16], "texture": "#Voxel-000000"},
				"east": {"uv": [0, 0, 16, 16], "texture": "#Voxel-000000"},
				"south": {"uv": [0, 0, 16, 16], "texture": "#Voxel-000000"},
				"west": {"uv": [0, 0, 16, 16], "texture": "#Voxel-000000"},
				"up": {"uv": [0, 0, 16, 16], "texture": "#Voxel-000000"},
				"down": {"uv": [0, 0, 16, 16], "texture": "#Voxel-000000"}
			}
		},
		{
			"name": "Voxel-000000",
			"from": [0, 6, 9],
			"to": [1, 8, 10],
			"faces": {
				"north": {"uv": [0, 0, 16, 16], "texture": "#Voxel-000000"},
				"east": {"uv": [0, 0, 16, 16], "texture": "#Voxel-000000"},
				"south": {"uv": [0, 0, 16, 16], "texture": "#Voxel-000000"},
				"west": {"uv": [0, 0, 16, 16], "texture": "#Voxel-000000"},
				"up": {"uv": [0, 0, 16, 16], "texture": "#Voxel-000000"},
				"down": {"uv": [0, 0, 16, 16], "texture": "#Voxel-000000"}
			}
		},
		{
			"name": "Voxel-000000",
			"from": [0, 6, 14],
			"to": [1, 8, 15],
			"faces": {
				"north": {"uv": [0, 0, 16, 16], "texture": "#Voxel-000000"},
				"east": {"uv": [0, 0, 16, 16], "texture": "#Voxel-000000"},
				"south": {"uv": [0, 0, 16, 16], "texture": "#Voxel-000000"},
				"west": {"uv": [0, 0, 16, 16], "texture": "#Voxel-000000"},
				"up": {"uv": [0, 0, 16, 16], "texture": "#Voxel-000000"},
				"down": {"uv": [0, 0, 16, 16], "texture": "#Voxel-000000"}
			}
		},
		{
			"name": "Voxel-000000",
			"from": [0, 8, 1],
			"to": [1, 9, 15],
			"faces": {
				"north": {"uv": [0, 0, 16, 16], "texture": "#Voxel-000000"},
				"east": {"uv": [0, 0, 16, 16], "texture": "#Voxel-000000"},
				"south": {"uv": [0, 0, 16, 16], "texture": "#Voxel-000000"},
				"west": {"uv": [0, 0, 16, 16], "texture": "#Voxel-000000"},
				"up": {"uv": [0, 0, 16, 16], "texture": "#Voxel-000000"},
				"down": {"uv": [0, 0, 16, 16], "texture": "#Voxel-000000"}
			}
		},
		{
			"name": "Voxel-000000",
			"from": [0, 6, 12],
			"to": [1, 8, 14],
			"faces": {
				"north": {"uv": [0, 0, 16, 16], "texture": "#Voxel-000000"},
				"east": {"uv": [0, 0, 16, 16], "texture": "#Voxel-000000"},
				"south": {"uv": [0, 0, 16, 16], "texture": "#Voxel-000000"},
				"west": {"uv": [0, 0, 16, 16], "texture": "#Voxel-000000"},
				"up": {"uv": [0, 0, 16, 16], "texture": "#Voxel-000000"},
				"down": {"uv": [0, 0, 16, 16], "texture": "#Voxel-000000"}
			}
		},
		{
			"name": "Voxel-000000",
			"from": [0, 6, 4],
			"to": [1, 8, 6],
			"faces": {
				"north": {"uv": [0, 0, 16, 16], "texture": "#Voxel-000000"},
				"east": {"uv": [0, 0, 16, 16], "texture": "#Voxel-000000"},
				"south": {"uv": [0, 0, 16, 16], "texture": "#Voxel-000000"},
				"west": {"uv": [0, 0, 16, 16], "texture": "#Voxel-000000"},
				"up": {"uv": [0, 0, 16, 16], "texture": "#Voxel-000000"},
				"down": {"uv": [0, 0, 16, 16], "texture": "#Voxel-000000"}
			}
		},
		{
			"name": "Voxel-000000",
			"from": [0, 7, 11],
			"to": [1, 8, 12],
			"faces": {
				"north": {"uv": [0, 0, 16, 16], "texture": "#Voxel-000000"},
				"east": {"uv": [0, 0, 16, 16], "texture": "#Voxel-000000"},
				"south": {"uv": [0, 0, 16, 16], "texture": "#Voxel-000000"},
				"west": {"uv": [0, 0, 16, 16], "texture": "#Voxel-000000"},
				"up": {"uv": [0, 0, 16, 16], "texture": "#Voxel-000000"},
				"down": {"uv": [0, 0, 16, 16], "texture": "#Voxel-000000"}
			}
		},
		{
			"name": "Voxel-000000",
			"from": [0, 6, 10],
			"to": [1, 7, 11],
			"faces": {
				"north": {"uv": [0, 0, 16, 16], "texture": "#Voxel-000000"},
				"east": {"uv": [0, 0, 16, 16], "texture": "#Voxel-000000"},
				"south": {"uv": [0, 0, 16, 16], "texture": "#Voxel-000000"},
				"west": {"uv": [0, 0, 16, 16], "texture": "#Voxel-000000"},
				"up": {"uv": [0, 0, 16, 16], "texture": "#Voxel-000000"},
				"down": {"uv": [0, 0, 16, 16], "texture": "#Voxel-000000"}
			}
		},
		{
			"name": "Voxel-000000",
			"from": [0, 7, 3],
			"to": [1, 8, 4],
			"faces": {
				"north": {"uv": [0, 0, 16, 16], "texture": "#Voxel-000000"},
				"east": {"uv": [0, 0, 16, 16], "texture": "#Voxel-000000"},
				"south": {"uv": [0, 0, 16, 16], "texture": "#Voxel-000000"},
				"west": {"uv": [0, 0, 16, 16], "texture": "#Voxel-000000"},
				"up": {"uv": [0, 0, 16, 16], "texture": "#Voxel-000000"},
				"down": {"uv": [0, 0, 16, 16], "texture": "#Voxel-000000"}
			}
		},
		{
			"name": "Voxel-000000",
			"from": [0, 6, 2],
			"to": [1, 7, 3],
			"faces": {
				"north": {"uv": [0, 0, 16, 16], "texture": "#Voxel-000000"},
				"east": {"uv": [0, 0, 16, 16], "texture": "#Voxel-000000"},
				"south": {"uv": [0, 0, 16, 16], "texture": "#Voxel-000000"},
				"west": {"uv": [0, 0, 16, 16], "texture": "#Voxel-000000"},
				"up": {"uv": [0, 0, 16, 16], "texture": "#Voxel-000000"},
				"down": {"uv": [0, 0, 16, 16], "texture": "#Voxel-000000"}
			}
		},
		{
			"name": "Voxel-1B1B1B",
			"from": [0, 7, 10],
			"to": [1, 8, 11],
			"faces": {
				"north": {"uv": [0, 0, 16, 16], "texture": "#Voxel-1B1B1B"},
				"east": {"uv": [0, 0, 16, 16], "texture": "#Voxel-1B1B1B"},
				"south": {"uv": [0, 0, 16, 16], "texture": "#Voxel-1B1B1B"},
				"west": {"uv": [0, 0, 16, 16], "texture": "#Voxel-1B1B1B"},
				"up": {"uv": [0, 0, 16, 16], "texture": "#Voxel-1B1B1B"},
				"down": {"uv": [0, 0, 16, 16], "texture": "#Voxel-1B1B1B"}
			}
		},
		{
			"name": "Voxel-1B1B1B",
			"from": [0, 6, 11],
			"to": [1, 7, 12],
			"faces": {
				"north": {"uv": [0, 0, 16, 16], "texture": "#Voxel-1B1B1B"},
				"east": {"uv": [0, 0, 16, 16], "texture": "#Voxel-1B1B1B"},
				"south": {"uv": [0, 0, 16, 16], "texture": "#Voxel-1B1B1B"},
				"west": {"uv": [0, 0, 16, 16], "texture": "#Voxel-1B1B1B"},
				"up": {"uv": [0, 0, 16, 16], "texture": "#Voxel-1B1B1B"},
				"down": {"uv": [0, 0, 16, 16], "texture": "#Voxel-1B1B1B"}
			}
		},
		{
			"name": "Voxel-1B1B1B",
			"from": [0, 7, 2],
			"to": [1, 8, 3],
			"faces": {
				"north": {"uv": [0, 0, 16, 16], "texture": "#Voxel-1B1B1B"},
				"east": {"uv": [0, 0, 16, 16], "texture": "#Voxel-1B1B1B"},
				"south": {"uv": [0, 0, 16, 16], "texture": "#Voxel-1B1B1B"},
				"west": {"uv": [0, 0, 16, 16], "texture": "#Voxel-1B1B1B"},
				"up": {"uv": [0, 0, 16, 16], "texture": "#Voxel-1B1B1B"},
				"down": {"uv": [0, 0, 16, 16], "texture": "#Voxel-1B1B1B"}
			}
		},
		{
			"name": "Voxel-1B1B1B",
			"from": [0, 6, 3],
			"to": [1, 7, 4],
			"faces": {
				"north": {"uv": [0, 0, 16, 16], "texture": "#Voxel-1B1B1B"},
				"east": {"uv": [0, 0, 16, 16], "texture": "#Voxel-1B1B1B"},
				"south": {"uv": [0, 0, 16, 16], "texture": "#Voxel-1B1B1B"},
				"west": {"uv": [0, 0, 16, 16], "texture": "#Voxel-1B1B1B"},
				"up": {"uv": [0, 0, 16, 16], "texture": "#Voxel-1B1B1B"},
				"down": {"uv": [0, 0, 16, 16], "texture": "#Voxel-1B1B1B"}
			}
		}
	],
	"display": {
		"thirdperson_righthand": {
			"rotation": [0, -90, 0],
			"translation": [2, 0, 0],
			"scale": [0.5, 0.5, 0.5]
		},
		"thirdperson_lefthand": {
			"rotation": [0, 90, 0],
			"translation": [2, 0, 0],
			"scale": [0.5, 0.5, 0.5]
		},
		"firstperson_righthand": {
			"rotation": [0, -90, 0],
			"translation": [0, 2, 0]
		},
		"firstperson_lefthand": {
			"rotation": [0, 90, 0],
			"translation": [0, 2, 0]
		},
		"gui": {
			"rotation": [0, 45, 0],
			"translation": [1, 0, 0],
			"scale": [0.75, 0.75, 0.75]
		},
		"head": {
			"rotation": [0, -90, 0]
		},
		"fixed": {
			"rotation": [0, -90, 0]
		}
	},
	"groups": [
		{
			"name": "sun",
			"origin": [8, 8, 8],
			"color": 0,
			"nbt": "{}",
			"armAnimationEnabled": false,
			"children": [0, 1, 2, 3, 4, 5, 6, 7, 8, 9, 10, 11, 12, 13, 14, 15, 16, 17, 18, 19, 20]
		}
	]
}