{
	"credit": "Made with Blockbench",
	"textures": {
		"Voxel-3AFFFF": "item/voxel-3affff",
		"Voxel-7F4E1E": "item/voxel-7f4e1e",
		"Voxel-FFFF3A": "item/voxel-ffff3a",
		"particle": "item/particle"
	},
	"elements": [
		{
			"name": "Voxel-7F4E1E",
			"from": [6, -3, 8],
			"to": [10, -1, 10],
			"faces": {
				"north": {"uv": [0, 0, 16, 16], "texture": "#Voxel-7F4E1E"},
				"east": {"uv": [0, 0, 16, 16], "texture": "#Voxel-7F4E1E"},
				"south": {"uv": [0, 0, 16, 16], "texture": "#Voxel-7F4E1E"},
				"west": {"uv": [0, 0, 16, 16], "texture": "#Voxel-7F4E1E"},
				"up": {"uv": [0, 0, 16, 16], "texture": "#Voxel-7F4E1E"},
				"down": {"uv": [0, 0, 16, 16], "texture": "#Voxel-7F4E1E"}
			}
		},
		{
			"name": "Voxel-7F4E1E",
			"from": [7, -3, 7],
			"to": [9, -1, 8],
			"faces": {
				"north": {"uv": [0, 0, 16, 16], "texture": "#Voxel-7F4E1E"},
				"east": {"uv": [0, 0, 16, 16], "texture": "#Voxel-7F4E1E"},
				"south": {"uv": [0, 0, 16, 16], "texture": "#Voxel-7F4E1E"},
				"west": {"uv": [0, 0, 16, 16], "texture": "#Voxel-7F4E1E"},
				"up": {"uv": [0, 0, 16, 16], "texture": "#Voxel-7F4E1E"},
				"down": {"uv": [0, 0, 16, 16], "texture": "#Voxel-7F4E1E"}
			}
		},
		{
			"name": "Voxel-7F4E1E",
			"from": [7, -3, 10],
			"to": [9, -1, 11],
			"faces": {
				"north": {"uv": [0, 0, 16, 16], "texture": "#Voxel-7F4E1E"},
				"east": {"uv": [0, 0, 16, 16], "texture": "#Voxel-7F4E1E"},
				"south": {"uv": [0, 0, 16, 16], "texture": "#Voxel-7F4E1E"},
				"west": {"uv": [0, 0, 16, 16], "texture": "#Voxel-7F4E1E"},
				"up": {"uv": [0, 0, 16, 16], "texture": "#Voxel-7F4E1E"},
				"down": {"uv": [0, 0, 16, 16], "texture": "#Voxel-7F4E1E"}
			}
		},
		{
			"name": "Voxel-3AFFFF",
			"from": [8, -1, 9],
			"to": [9, 1, 10],
			"faces": {
				"north": {"uv": [0, 0, 16, 16], "texture": "#Voxel-3AFFFF"},
				"east": {"uv": [0, 0, 16, 16], "texture": "#Voxel-3AFFFF"},
				"south": {"uv": [0, 0, 16, 16], "texture": "#Voxel-3AFFFF"},
				"west": {"uv": [0, 0, 16, 16], "texture": "#Voxel-3AFFFF"},
				"up": {"uv": [0, 0, 16, 16], "texture": "#Voxel-3AFFFF"},
				"down": {"uv": [0, 0, 16, 16], "texture": "#Voxel-3AFFFF"}
			}
		},
		{
			"name": "Voxel-3AFFFF",
			"from": [8, 1, 8],
			"to": [9, 3, 9],
			"faces": {
				"north": {"uv": [0, 0, 16, 16], "texture": "#Voxel-3AFFFF"},
				"east": {"uv": [0, 0, 16, 16], "texture": "#Voxel-3AFFFF"},
				"south": {"uv": [0, 0, 16, 16], "texture": "#Voxel-3AFFFF"},
				"west": {"uv": [0, 0, 16, 16], "texture": "#Voxel-3AFFFF"},
				"up": {"uv": [0, 0, 16, 16], "texture": "#Voxel-3AFFFF"},
				"down": {"uv": [0, 0, 16, 16], "texture": "#Voxel-3AFFFF"}
			}
		},
		{
			"name": "Voxel-3AFFFF",
			"from": [6, 2, 8],
			"to": [7, 4, 9],
			"faces": {
				"north": {"uv": [0, 0, 16, 16], "texture": "#Voxel-3AFFFF"},
				"east": {"uv": [0, 0, 16, 16], "texture": "#Voxel-3AFFFF"},
				"south": {"uv": [0, 0, 16, 16], "texture": "#Voxel-3AFFFF"},
				"west": {"uv": [0, 0, 16, 16], "texture": "#Voxel-3AFFFF"},
				"up": {"uv": [0, 0, 16, 16], "texture": "#Voxel-3AFFFF"},
				"down": {"uv": [0, 0, 16, 16], "texture": "#Voxel-3AFFFF"}
			}
		},
		{
			"name": "Voxel-3AFFFF",
			"from": [5, 4, 8],
			"to": [6, 6, 9],
			"faces": {
				"north": {"uv": [0, 0, 16, 16], "texture": "#Voxel-3AFFFF"},
				"east": {"uv": [0, 0, 16, 16], "texture": "#Voxel-3AFFFF"},
				"south": {"uv": [0, 0, 16, 16], "texture": "#Voxel-3AFFFF"},
				"west": {"uv": [0, 0, 16, 16], "texture": "#Voxel-3AFFFF"},
				"up": {"uv": [0, 0, 16, 16], "texture": "#Voxel-3AFFFF"},
				"down": {"uv": [0, 0, 16, 16], "texture": "#Voxel-3AFFFF"}
			}
		},
		{
			"name": "Voxel-3AFFFF",
			"from": [5, 6, 9],
			"to": [6, 8, 10],
			"faces": {
				"north": {"uv": [0, 0, 16, 16], "texture": "#Voxel-3AFFFF"},
				"east": {"uv": [0, 0, 16, 16], "texture": "#Voxel-3AFFFF"},
				"south": {"uv": [0, 0, 16, 16], "texture": "#Voxel-3AFFFF"},
				"west": {"uv": [0, 0, 16, 16], "texture": "#Voxel-3AFFFF"},
				"up": {"uv": [0, 0, 16, 16], "texture": "#Voxel-3AFFFF"},
				"down": {"uv": [0, 0, 16, 16], "texture": "#Voxel-3AFFFF"}
			}
		},
		{
			"name": "Voxel-3AFFFF",
			"from": [6, 8, 8],
			"to": [7, 10, 9],
			"faces": {
				"north": {"uv": [0, 0, 16, 16], "texture": "#Voxel-3AFFFF"},
				"east": {"uv": [0, 0, 16, 16], "texture": "#Voxel-3AFFFF"},
				"south": {"uv": [0, 0, 16, 16], "texture": "#Voxel-3AFFFF"},
				"west": {"uv": [0, 0, 16, 16], "texture": "#Voxel-3AFFFF"},
				"up": {"uv": [0, 0, 16, 16], "texture": "#Voxel-3AFFFF"},
				"down": {"uv": [0, 0, 16, 16], "texture": "#Voxel-3AFFFF"}
			}
		},
		{
			"name": "Voxel-3AFFFF",
			"from": [6, 9, 9],
			"to": [7, 11, 10],
			"faces": {
				"north": {"uv": [0, 0, 16, 16], "texture": "#Voxel-3AFFFF"},
				"east": {"uv": [0, 0, 16, 16], "texture": "#Voxel-3AFFFF"},
				"south": {"uv": [0, 0, 16, 16], "texture": "#Voxel-3AFFFF"},
				"west": {"uv": [0, 0, 16, 16], "texture": "#Voxel-3AFFFF"},
				"up": {"uv": [0, 0, 16, 16], "texture": "#Voxel-3AFFFF"},
				"down": {"uv": [0, 0, 16, 16], "texture": "#Voxel-3AFFFF"}
			}
		},
		{
			"name": "Voxel-3AFFFF",
			"from": [10, 6, 10],
			"to": [11, 8, 11],
			"faces": {
				"north": {"uv": [0, 0, 16, 16], "texture": "#Voxel-3AFFFF"},
				"east": {"uv": [0, 0, 16, 16], "texture": "#Voxel-3AFFFF"},
				"south": {"uv": [0, 0, 16, 16], "texture": "#Voxel-3AFFFF"},
				"west": {"uv": [0, 0, 16, 16], "texture": "#Voxel-3AFFFF"},
				"up": {"uv": [0, 0, 16, 16], "texture": "#Voxel-3AFFFF"},
				"down": {"uv": [0, 0, 16, 16], "texture": "#Voxel-3AFFFF"}
			}
		},
		{
			"name": "Voxel-3AFFFF",
			"from": [9, 12, 10],
			"to": [10, 14, 11],
			"faces": {
				"north": {"uv": [0, 0, 16, 16], "texture": "#Voxel-3AFFFF"},
				"east": {"uv": [0, 0, 16, 16], "texture": "#Voxel-3AFFFF"},
				"south": {"uv": [0, 0, 16, 16], "texture": "#Voxel-3AFFFF"},
				"west": {"uv": [0, 0, 16, 16], "texture": "#Voxel-3AFFFF"},
				"up": {"uv": [0, 0, 16, 16], "texture": "#Voxel-3AFFFF"},
				"down": {"uv": [0, 0, 16, 16], "texture": "#Voxel-3AFFFF"}
			}
		},
		{
			"name": "Voxel-3AFFFF",
			"from": [7, 15, 8],
			"to": [8, 17, 9],
			"faces": {
				"north": {"uv": [0, 0, 16, 16], "texture": "#Voxel-3AFFFF"},
				"east": {"uv": [0, 0, 16, 16], "texture": "#Voxel-3AFFFF"},
				"south": {"uv": [0, 0, 16, 16], "texture": "#Voxel-3AFFFF"},
				"west": {"uv": [0, 0, 16, 16], "texture": "#Voxel-3AFFFF"},
				"up": {"uv": [0, 0, 16, 16], "texture": "#Voxel-3AFFFF"},
				"down": {"uv": [0, 0, 16, 16], "texture": "#Voxel-3AFFFF"}
			}
		},
		{
			"name": "Voxel-3AFFFF",
			"from": [5, 22, 7],
			"to": [6, 24, 8],
			"faces": {
				"north": {"uv": [0, 0, 16, 16], "texture": "#Voxel-3AFFFF"},
				"east": {"uv": [0, 0, 16, 16], "texture": "#Voxel-3AFFFF"},
				"south": {"uv": [0, 0, 16, 16], "texture": "#Voxel-3AFFFF"},
				"west": {"uv": [0, 0, 16, 16], "texture": "#Voxel-3AFFFF"},
				"up": {"uv": [0, 0, 16, 16], "texture": "#Voxel-3AFFFF"},
				"down": {"uv": [0, 0, 16, 16], "texture": "#Voxel-3AFFFF"}
			}
		},
		{
			"name": "Voxel-3AFFFF",
			"from": [8, 27, 5],
			"to": [9, 29, 6],
			"faces": {
				"north": {"uv": [0, 0, 16, 16], "texture": "#Voxel-3AFFFF"},
				"east": {"uv": [0, 0, 16, 16], "texture": "#Voxel-3AFFFF"},
				"south": {"uv": [0, 0, 16, 16], "texture": "#Voxel-3AFFFF"},
				"west": {"uv": [0, 0, 16, 16], "texture": "#Voxel-3AFFFF"},
				"up": {"uv": [0, 0, 16, 16], "texture": "#Voxel-3AFFFF"},
				"down": {"uv": [0, 0, 16, 16], "texture": "#Voxel-3AFFFF"}
			}
		},
		{
			"name": "Voxel-3AFFFF",
			"from": [4, 24, 4],
			"to": [5, 26, 5],
			"faces": {
				"north": {"uv": [0, 0, 16, 16], "texture": "#Voxel-3AFFFF"},
				"east": {"uv": [0, 0, 16, 16], "texture": "#Voxel-3AFFFF"},
				"south": {"uv": [0, 0, 16, 16], "texture": "#Voxel-3AFFFF"},
				"west": {"uv": [0, 0, 16, 16], "texture": "#Voxel-3AFFFF"},
				"up": {"uv": [0, 0, 16, 16], "texture": "#Voxel-3AFFFF"},
				"down": {"uv": [0, 0, 16, 16], "texture": "#Voxel-3AFFFF"}
			}
		},
		{
			"name": "Voxel-3AFFFF",
			"from": [3, 24, 11],
			"to": [4, 26, 12],
			"faces": {
				"north": {"uv": [0, 0, 16, 16], "texture": "#Voxel-3AFFFF"},
				"east": {"uv": [0, 0, 16, 16], "texture": "#Voxel-3AFFFF"},
				"south": {"uv": [0, 0, 16, 16], "texture": "#Voxel-3AFFFF"},
				"west": {"uv": [0, 0, 16, 16], "texture": "#Voxel-3AFFFF"},
				"up": {"uv": [0, 0, 16, 16], "texture": "#Voxel-3AFFFF"},
				"down": {"uv": [0, 0, 16, 16], "texture": "#Voxel-3AFFFF"}
			}
		},
		{
			"name": "Voxel-3AFFFF",
			"from": [4, 23, 10],
			"to": [5, 25, 11],
			"faces": {
				"north": {"uv": [0, 0, 16, 16], "texture": "#Voxel-3AFFFF"},
				"east": {"uv": [0, 0, 16, 16], "texture": "#Voxel-3AFFFF"},
				"south": {"uv": [0, 0, 16, 16], "texture": "#Voxel-3AFFFF"},
				"west": {"uv": [0, 0, 16, 16], "texture": "#Voxel-3AFFFF"},
				"up": {"uv": [0, 0, 16, 16], "texture": "#Voxel-3AFFFF"},
				"down": {"uv": [0, 0, 16, 16], "texture": "#Voxel-3AFFFF"}
			}
		},
		{
			"name": "Voxel-3AFFFF",
			"from": [9, 23, 13],
			"to": [10, 25, 14],
			"faces": {
				"north": {"uv": [0, 0, 16, 16], "texture": "#Voxel-3AFFFF"},
				"east": {"uv": [0, 0, 16, 16], "texture": "#Voxel-3AFFFF"},
				"south": {"uv": [0, 0, 16, 16], "texture": "#Voxel-3AFFFF"},
				"west": {"uv": [0, 0, 16, 16], "texture": "#Voxel-3AFFFF"},
				"up": {"uv": [0, 0, 16, 16], "texture": "#Voxel-3AFFFF"},
				"down": {"uv": [0, 0, 16, 16], "texture": "#Voxel-3AFFFF"}
			}
		},
		{
			"name": "Voxel-3AFFFF",
			"from": [11, 23, 6],
			"to": [12, 25, 7],
			"faces": {
				"north": {"uv": [0, 0, 16, 16], "texture": "#Voxel-3AFFFF"},
				"east": {"uv": [0, 0, 16, 16], "texture": "#Voxel-3AFFFF"},
				"south": {"uv": [0, 0, 16, 16], "texture": "#Voxel-3AFFFF"},
				"west": {"uv": [0, 0, 16, 16], "texture": "#Voxel-3AFFFF"},
				"up": {"uv": [0, 0, 16, 16], "texture": "#Voxel-3AFFFF"},
				"down": {"uv": [0, 0, 16, 16], "texture": "#Voxel-3AFFFF"}
			}
		},
		{
			"name": "Voxel-3AFFFF",
			"from": [8, 22, 4],
			"to": [9, 24, 5],
			"faces": {
				"north": {"uv": [0, 0, 16, 16], "texture": "#Voxel-3AFFFF"},
				"east": {"uv": [0, 0, 16, 16], "texture": "#Voxel-3AFFFF"},
				"south": {"uv": [0, 0, 16, 16], "texture": "#Voxel-3AFFFF"},
				"west": {"uv": [0, 0, 16, 16], "texture": "#Voxel-3AFFFF"},
				"up": {"uv": [0, 0, 16, 16], "texture": "#Voxel-3AFFFF"},
				"down": {"uv": [0, 0, 16, 16], "texture": "#Voxel-3AFFFF"}
			}
		},
		{
			"name": "Voxel-3AFFFF",
			"from": [7, 3, 8],
			"to": [8, 6, 9],
			"faces": {
				"north": {"uv": [0, 0, 16, 16], "texture": "#Voxel-3AFFFF"},
				"east": {"uv": [0, 0, 16, 16], "texture": "#Voxel-3AFFFF"},
				"south": {"uv": [0, 0, 16, 16], "texture": "#Voxel-3AFFFF"},
				"west": {"uv": [0, 0, 16, 16], "texture": "#Voxel-3AFFFF"},
				"up": {"uv": [0, 0, 16, 16], "texture": "#Voxel-3AFFFF"},
				"down": {"uv": [0, 0, 16, 16], "texture": "#Voxel-3AFFFF"}
			}
		},
		{
			"name": "Voxel-3AFFFF",
			"from": [8, 4, 7],
			"to": [9, 7, 8],
			"faces": {
				"north": {"uv": [0, 0, 16, 16], "texture": "#Voxel-3AFFFF"},
				"east": {"uv": [0, 0, 16, 16], "texture": "#Voxel-3AFFFF"},
				"south": {"uv": [0, 0, 16, 16], "texture": "#Voxel-3AFFFF"},
				"west": {"uv": [0, 0, 16, 16], "texture": "#Voxel-3AFFFF"},
				"up": {"uv": [0, 0, 16, 16], "texture": "#Voxel-3AFFFF"},
				"down": {"uv": [0, 0, 16, 16], "texture": "#Voxel-3AFFFF"}
			}
		},
		{
			"name": "Voxel-3AFFFF",
			"from": [9, 5, 6],
			"to": [10, 8, 7],
			"faces": {
				"north": {"uv": [0, 0, 16, 16], "texture": "#Voxel-3AFFFF"},
				"east": {"uv": [0, 0, 16, 16], "texture": "#Voxel-3AFFFF"},
				"south": {"uv": [0, 0, 16, 16], "texture": "#Voxel-3AFFFF"},
				"west": {"uv": [0, 0, 16, 16], "texture": "#Voxel-3AFFFF"},
				"up": {"uv": [0, 0, 16, 16], "texture": "#Voxel-3AFFFF"},
				"down": {"uv": [0, 0, 16, 16], "texture": "#Voxel-3AFFFF"}
			}
		},
		{
			"name": "Voxel-3AFFFF",
			"from": [7, 7, 11],
			"to": [8, 10, 12],
			"faces": {
				"north": {"uv": [0, 0, 16, 16], "texture": "#Voxel-3AFFFF"},
				"east": {"uv": [0, 0, 16, 16], "texture": "#Voxel-3AFFFF"},
				"south": {"uv": [0, 0, 16, 16], "texture": "#Voxel-3AFFFF"},
				"west": {"uv": [0, 0, 16, 16], "texture": "#Voxel-3AFFFF"},
				"up": {"uv": [0, 0, 16, 16], "texture": "#Voxel-3AFFFF"},
				"down": {"uv": [0, 0, 16, 16], "texture": "#Voxel-3AFFFF"}
			}
		},
		{
			"name": "Voxel-3AFFFF",
			"from": [6, 6, 7],
			"to": [7, 9, 8],
			"faces": {
				"north": {"uv": [0, 0, 16, 16], "texture": "#Voxel-3AFFFF"},
				"east": {"uv": [0, 0, 16, 16], "texture": "#Voxel-3AFFFF"},
				"south": {"uv": [0, 0, 16, 16], "texture": "#Voxel-3AFFFF"},
				"west": {"uv": [0, 0, 16, 16], "texture": "#Voxel-3AFFFF"},
				"up": {"uv": [0, 0, 16, 16], "texture": "#Voxel-3AFFFF"},
				"down": {"uv": [0, 0, 16, 16], "texture": "#Voxel-3AFFFF"}
			}
		},
		{
			"name": "Voxel-3AFFFF",
			"from": [9, 11, 7],
			"to": [10, 14, 8],
			"faces": {
				"north": {"uv": [0, 0, 16, 16], "texture": "#Voxel-3AFFFF"},
				"east": {"uv": [0, 0, 16, 16], "texture": "#Voxel-3AFFFF"},
				"south": {"uv": [0, 0, 16, 16], "texture": "#Voxel-3AFFFF"},
				"west": {"uv": [0, 0, 16, 16], "texture": "#Voxel-3AFFFF"},
				"up": {"uv": [0, 0, 16, 16], "texture": "#Voxel-3AFFFF"},
				"down": {"uv": [0, 0, 16, 16], "texture": "#Voxel-3AFFFF"}
			}
		},
		{
			"name": "Voxel-3AFFFF",
			"from": [8, 12, 8],
			"to": [9, 15, 9],
			"faces": {
				"north": {"uv": [0, 0, 16, 16], "texture": "#Voxel-3AFFFF"},
				"east": {"uv": [0, 0, 16, 16], "texture": "#Voxel-3AFFFF"},
				"south": {"uv": [0, 0, 16, 16], "texture": "#Voxel-3AFFFF"},
				"west": {"uv": [0, 0, 16, 16], "texture": "#Voxel-3AFFFF"},
				"up": {"uv": [0, 0, 16, 16], "texture": "#Voxel-3AFFFF"},
				"down": {"uv": [0, 0, 16, 16], "texture": "#Voxel-3AFFFF"}
			}
		},
		{
			"name": "Voxel-3AFFFF",
			"from": [9, 13, 8],
			"to": [10, 16, 9],
			"faces": {
				"north": {"uv": [0, 0, 16, 16], "texture": "#Voxel-3AFFFF"},
				"east": {"uv": [0, 0, 16, 16], "texture": "#Voxel-3AFFFF"},
				"south": {"uv": [0, 0, 16, 16], "texture": "#Voxel-3AFFFF"},
				"west": {"uv": [0, 0, 16, 16], "texture": "#Voxel-3AFFFF"},
				"up": {"uv": [0, 0, 16, 16], "texture": "#Voxel-3AFFFF"},
				"down": {"uv": [0, 0, 16, 16], "texture": "#Voxel-3AFFFF"}
			}
		},
		{
			"name": "Voxel-3AFFFF",
			"from": [5, 15, 8],
			"to": [6, 18, 9],
			"faces": {
				"north": {"uv": [0, 0, 16, 16], "texture": "#Voxel-3AFFFF"},
				"east": {"uv": [0, 0, 16, 16], "texture": "#Voxel-3AFFFF"},
				"south": {"uv": [0, 0, 16, 16], "texture": "#Voxel-3AFFFF"},
				"west": {"uv": [0, 0, 16, 16], "texture": "#Voxel-3AFFFF"},
				"up": {"uv": [0, 0, 16, 16], "texture": "#Voxel-3AFFFF"},
				"down": {"uv": [0, 0, 16, 16], "texture": "#Voxel-3AFFFF"}
			}
		},
		{
			"name": "Voxel-3AFFFF",
			"from": [8, 23, 3],
			"to": [9, 26, 4],
			"faces": {
				"north": {"uv": [0, 0, 16, 16], "texture": "#Voxel-3AFFFF"},
				"east": {"uv": [0, 0, 16, 16], "texture": "#Voxel-3AFFFF"},
				"south": {"uv": [0, 0, 16, 16], "texture": "#Voxel-3AFFFF"},
				"west": {"uv": [0, 0, 16, 16], "texture": "#Voxel-3AFFFF"},
				"up": {"uv": [0, 0, 16, 16], "texture": "#Voxel-3AFFFF"},
				"down": {"uv": [0, 0, 16, 16], "texture": "#Voxel-3AFFFF"}
			}
		},
		{
			"name": "Voxel-3AFFFF",
			"from": [12, 24, 6],
			"to": [13, 27, 7],
			"faces": {
				"north": {"uv": [0, 0, 16, 16], "texture": "#Voxel-3AFFFF"},
				"east": {"uv": [0, 0, 16, 16], "texture": "#Voxel-3AFFFF"},
				"south": {"uv": [0, 0, 16, 16], "texture": "#Voxel-3AFFFF"},
				"west": {"uv": [0, 0, 16, 16], "texture": "#Voxel-3AFFFF"},
				"up": {"uv": [0, 0, 16, 16], "texture": "#Voxel-3AFFFF"},
				"down": {"uv": [0, 0, 16, 16], "texture": "#Voxel-3AFFFF"}
			}
		},
		{
			"name": "Voxel-3AFFFF",
			"from": [12, 26, 7],
			"to": [13, 29, 8],
			"faces": {
				"north": {"uv": [0, 0, 16, 16], "texture": "#Voxel-3AFFFF"},
				"east": {"uv": [0, 0, 16, 16], "texture": "#Voxel-3AFFFF"},
				"south": {"uv": [0, 0, 16, 16], "texture": "#Voxel-3AFFFF"},
				"west": {"uv": [0, 0, 16, 16], "texture": "#Voxel-3AFFFF"},
				"up": {"uv": [0, 0, 16, 16], "texture": "#Voxel-3AFFFF"},
				"down": {"uv": [0, 0, 16, 16], "texture": "#Voxel-3AFFFF"}
			}
		},
		{
			"name": "Voxel-3AFFFF",
			"from": [10, 25, 14],
			"to": [11, 28, 15],
			"faces": {
				"north": {"uv": [0, 0, 16, 16], "texture": "#Voxel-3AFFFF"},
				"east": {"uv": [0, 0, 16, 16], "texture": "#Voxel-3AFFFF"},
				"south": {"uv": [0, 0, 16, 16], "texture": "#Voxel-3AFFFF"},
				"west": {"uv": [0, 0, 16, 16], "texture": "#Voxel-3AFFFF"},
				"up": {"uv": [0, 0, 16, 16], "texture": "#Voxel-3AFFFF"},
				"down": {"uv": [0, 0, 16, 16], "texture": "#Voxel-3AFFFF"}
			}
		},
		{
			"name": "Voxel-3AFFFF",
			"from": [2, 25, 11],
			"to": [3, 28, 12],
			"faces": {
				"north": {"uv": [0, 0, 16, 16], "texture": "#Voxel-3AFFFF"},
				"east": {"uv": [0, 0, 16, 16], "texture": "#Voxel-3AFFFF"},
				"south": {"uv": [0, 0, 16, 16], "texture": "#Voxel-3AFFFF"},
				"west": {"uv": [0, 0, 16, 16], "texture": "#Voxel-3AFFFF"},
				"up": {"uv": [0, 0, 16, 16], "texture": "#Voxel-3AFFFF"},
				"down": {"uv": [0, 0, 16, 16], "texture": "#Voxel-3AFFFF"}
			}
		},
		{
			"name": "Voxel-3AFFFF",
			"from": [3, 25, 5],
			"to": [4, 28, 6],
			"faces": {
				"north": {"uv": [0, 0, 16, 16], "texture": "#Voxel-3AFFFF"},
				"east": {"uv": [0, 0, 16, 16], "texture": "#Voxel-3AFFFF"},
				"south": {"uv": [0, 0, 16, 16], "texture": "#Voxel-3AFFFF"},
				"west": {"uv": [0, 0, 16, 16], "texture": "#Voxel-3AFFFF"},
				"up": {"uv": [0, 0, 16, 16], "texture": "#Voxel-3AFFFF"},
				"down": {"uv": [0, 0, 16, 16], "texture": "#Voxel-3AFFFF"}
			}
		},
		{
			"name": "Voxel-3AFFFF",
			"from": [8, 25, 4],
			"to": [9, 28, 5],
			"faces": {
				"north": {"uv": [0, 0, 16, 16], "texture": "#Voxel-3AFFFF"},
				"east": {"uv": [0, 0, 16, 16], "texture": "#Voxel-3AFFFF"},
				"south": {"uv": [0, 0, 16, 16], "texture": "#Voxel-3AFFFF"},
				"west": {"uv": [0, 0, 16, 16], "texture": "#Voxel-3AFFFF"},
				"up": {"uv": [0, 0, 16, 16], "texture": "#Voxel-3AFFFF"},
				"down": {"uv": [0, 0, 16, 16], "texture": "#Voxel-3AFFFF"}
			}
		},
		{
			"name": "Voxel-7F4E1E",
			"from": [8, -1, 8],
			"to": [9, 1, 9],
			"faces": {
				"north": {"uv": [0, 0, 16, 16], "texture": "#Voxel-7F4E1E"},
				"east": {"uv": [0, 0, 16, 16], "texture": "#Voxel-7F4E1E"},
				"south": {"uv": [0, 0, 16, 16], "texture": "#Voxel-7F4E1E"},
				"west": {"uv": [0, 0, 16, 16], "texture": "#Voxel-7F4E1E"},
				"up": {"uv": [0, 0, 16, 16], "texture": "#Voxel-7F4E1E"},
				"down": {"uv": [0, 0, 16, 16], "texture": "#Voxel-7F4E1E"}
			}
		},
		{
			"name": "Voxel-7F4E1E",
			"from": [7, -1, 8],
			"to": [8, 3, 9],
			"faces": {
				"north": {"uv": [0, 0, 16, 16], "texture": "#Voxel-7F4E1E"},
				"east": {"uv": [0, 0, 16, 16], "texture": "#Voxel-7F4E1E"},
				"south": {"uv": [0, 0, 16, 16], "texture": "#Voxel-7F4E1E"},
				"west": {"uv": [0, 0, 16, 16], "texture": "#Voxel-7F4E1E"},
				"up": {"uv": [0, 0, 16, 16], "texture": "#Voxel-7F4E1E"},
				"down": {"uv": [0, 0, 16, 16], "texture": "#Voxel-7F4E1E"}
			}
		},
		{
			"name": "Voxel-7F4E1E",
			"from": [7, -1, 9],
			"to": [8, 6, 10],
			"faces": {
				"north": {"uv": [0, 0, 16, 16], "texture": "#Voxel-7F4E1E"},
				"east": {"uv": [0, 0, 16, 16], "texture": "#Voxel-7F4E1E"},
				"south": {"uv": [0, 0, 16, 16], "texture": "#Voxel-7F4E1E"},
				"west": {"uv": [0, 0, 16, 16], "texture": "#Voxel-7F4E1E"},
				"up": {"uv": [0, 0, 16, 16], "texture": "#Voxel-7F4E1E"},
				"down": {"uv": [0, 0, 16, 16], "texture": "#Voxel-7F4E1E"}
			}
		},
		{
			"name": "Voxel-7F4E1E",
			"from": [8, 1, 9],
			"to": [9, 9, 10],
			"faces": {
				"north": {"uv": [0, 0, 16, 16], "texture": "#Voxel-7F4E1E"},
				"east": {"uv": [0, 0, 16, 16], "texture": "#Voxel-7F4E1E"},
				"south": {"uv": [0, 0, 16, 16], "texture": "#Voxel-7F4E1E"},
				"west": {"uv": [0, 0, 16, 16], "texture": "#Voxel-7F4E1E"},
				"up": {"uv": [0, 0, 16, 16], "texture": "#Voxel-7F4E1E"},
				"down": {"uv": [0, 0, 16, 16], "texture": "#Voxel-7F4E1E"}
			}
		},
		{
			"name": "Voxel-7F4E1E",
			"from": [8, 3, 8],
			"to": [9, 12, 9],
			"faces": {
				"north": {"uv": [0, 0, 16, 16], "texture": "#Voxel-7F4E1E"},
				"east": {"uv": [0, 0, 16, 16], "texture": "#Voxel-7F4E1E"},
				"south": {"uv": [0, 0, 16, 16], "texture": "#Voxel-7F4E1E"},
				"west": {"uv": [0, 0, 16, 16], "texture": "#Voxel-7F4E1E"},
				"up": {"uv": [0, 0, 16, 16], "texture": "#Voxel-7F4E1E"},
				"down": {"uv": [0, 0, 16, 16], "texture": "#Voxel-7F4E1E"}
			}
		},
		{
			"name": "Voxel-7F4E1E",
			"from": [7, 6, 8],
			"to": [8, 15, 9],
			"faces": {
				"north": {"uv": [0, 0, 16, 16], "texture": "#Voxel-7F4E1E"},
				"east": {"uv": [0, 0, 16, 16], "texture": "#Voxel-7F4E1E"},
				"south": {"uv": [0, 0, 16, 16], "texture": "#Voxel-7F4E1E"},
				"west": {"uv": [0, 0, 16, 16], "texture": "#Voxel-7F4E1E"},
				"up": {"uv": [0, 0, 16, 16], "texture": "#Voxel-7F4E1E"},
				"down": {"uv": [0, 0, 16, 16], "texture": "#Voxel-7F4E1E"}
			}
		},
		{
			"name": "Voxel-7F4E1E",
			"from": [7, 9, 9],
			"to": [8, 17, 10],
			"faces": {
				"north": {"uv": [0, 0, 16, 16], "texture": "#Voxel-7F4E1E"},
				"east": {"uv": [0, 0, 16, 16], "texture": "#Voxel-7F4E1E"},
				"south": {"uv": [0, 0, 16, 16], "texture": "#Voxel-7F4E1E"},
				"west": {"uv": [0, 0, 16, 16], "texture": "#Voxel-7F4E1E"},
				"up": {"uv": [0, 0, 16, 16], "texture": "#Voxel-7F4E1E"},
				"down": {"uv": [0, 0, 16, 16], "texture": "#Voxel-7F4E1E"}
			}
		},
		{
			"name": "Voxel-7F4E1E",
			"from": [8, 12, 9],
			"to": [9, 20, 10],
			"faces": {
				"north": {"uv": [0, 0, 16, 16], "texture": "#Voxel-7F4E1E"},
				"east": {"uv": [0, 0, 16, 16], "texture": "#Voxel-7F4E1E"},
				"south": {"uv": [0, 0, 16, 16], "texture": "#Voxel-7F4E1E"},
				"west": {"uv": [0, 0, 16, 16], "texture": "#Voxel-7F4E1E"},
				"up": {"uv": [0, 0, 16, 16], "texture": "#Voxel-7F4E1E"},
				"down": {"uv": [0, 0, 16, 16], "texture": "#Voxel-7F4E1E"}
			}
		},
		{
			"name": "Voxel-7F4E1E",
			"from": [8, 15, 8],
			"to": [9, 20, 9],
			"faces": {
				"north": {"uv": [0, 0, 16, 16], "texture": "#Voxel-7F4E1E"},
				"east": {"uv": [0, 0, 16, 16], "texture": "#Voxel-7F4E1E"},
				"south": {"uv": [0, 0, 16, 16], "texture": "#Voxel-7F4E1E"},
				"west": {"uv": [0, 0, 16, 16], "texture": "#Voxel-7F4E1E"},
				"up": {"uv": [0, 0, 16, 16], "texture": "#Voxel-7F4E1E"},
				"down": {"uv": [0, 0, 16, 16], "texture": "#Voxel-7F4E1E"}
			}
		},
		{
			"name": "Voxel-7F4E1E",
			"from": [7, 17, 8],
			"to": [8, 22, 9],
			"faces": {
				"north": {"uv": [0, 0, 16, 16], "texture": "#Voxel-7F4E1E"},
				"east": {"uv": [0, 0, 16, 16], "texture": "#Voxel-7F4E1E"},
				"south": {"uv": [0, 0, 16, 16], "texture": "#Voxel-7F4E1E"},
				"west": {"uv": [0, 0, 16, 16], "texture": "#Voxel-7F4E1E"},
				"up": {"uv": [0, 0, 16, 16], "texture": "#Voxel-7F4E1E"},
				"down": {"uv": [0, 0, 16, 16], "texture": "#Voxel-7F4E1E"}
			}
		},
		{
			"name": "Voxel-FFFF3A",
			"from": [7, 23, 10],
			"to": [9, 26, 11],
			"faces": {
				"north": {"uv": [0, 0, 16, 16], "texture": "#Voxel-FFFF3A"},
				"east": {"uv": [0, 0, 16, 16], "texture": "#Voxel-FFFF3A"},
				"south": {"uv": [0, 0, 16, 16], "texture": "#Voxel-FFFF3A"},
				"west": {"uv": [0, 0, 16, 16], "texture": "#Voxel-FFFF3A"},
				"up": {"uv": [0, 0, 16, 16], "texture": "#Voxel-FFFF3A"},
				"down": {"uv": [0, 0, 16, 16], "texture": "#Voxel-FFFF3A"}
			}
		},
		{
			"name": "Voxel-FFFF3A",
			"from": [7, 23, 7],
			"to": [9, 26, 8],
			"faces": {
				"north": {"uv": [0, 0, 16, 16], "texture": "#Voxel-FFFF3A"},
				"east": {"uv": [0, 0, 16, 16], "texture": "#Voxel-FFFF3A"},
				"south": {"uv": [0, 0, 16, 16], "texture": "#Voxel-FFFF3A"},
				"west": {"uv": [0, 0, 16, 16], "texture": "#Voxel-FFFF3A"},
				"up": {"uv": [0, 0, 16, 16], "texture": "#Voxel-FFFF3A"},
				"down": {"uv": [0, 0, 16, 16], "texture": "#Voxel-FFFF3A"}
			}
		},
		{
			"name": "Voxel-FFFF3A",
			"from": [9, 23, 8],
			"to": [10, 26, 10],
			"faces": {
				"north": {"uv": [0, 0, 16, 16], "texture": "#Voxel-FFFF3A"},
				"east": {"uv": [0, 0, 16, 16], "texture": "#Voxel-FFFF3A"},
				"south": {"uv": [0, 0, 16, 16], "texture": "#Voxel-FFFF3A"},
				"west": {"uv": [0, 0, 16, 16], "texture": "#Voxel-FFFF3A"},
				"up": {"uv": [0, 0, 16, 16], "texture": "#Voxel-FFFF3A"},
				"down": {"uv": [0, 0, 16, 16], "texture": "#Voxel-FFFF3A"}
			}
		},
		{
			"name": "Voxel-FFFF3A",
			"from": [6, 23, 8],
			"to": [7, 26, 10],
			"faces": {
				"north": {"uv": [0, 0, 16, 16], "texture": "#Voxel-FFFF3A"},
				"east": {"uv": [0, 0, 16, 16], "texture": "#Voxel-FFFF3A"},
				"south": {"uv": [0, 0, 16, 16], "texture": "#Voxel-FFFF3A"},
				"west": {"uv": [0, 0, 16, 16], "texture": "#Voxel-FFFF3A"},
				"up": {"uv": [0, 0, 16, 16], "texture": "#Voxel-FFFF3A"},
				"down": {"uv": [0, 0, 16, 16], "texture": "#Voxel-FFFF3A"}
			}
		},
		{
			"name": "Voxel-FFFF3A",
			"from": [7, 26, 8],
			"to": [9, 29, 9],
			"faces": {
				"north": {"uv": [0, 0, 16, 16], "texture": "#Voxel-FFFF3A"},
				"east": {"uv": [0, 0, 16, 16], "texture": "#Voxel-FFFF3A"},
				"south": {"uv": [0, 0, 16, 16], "texture": "#Voxel-FFFF3A"},
				"west": {"uv": [0, 0, 16, 16], "texture": "#Voxel-FFFF3A"},
				"up": {"uv": [0, 0, 16, 16], "texture": "#Voxel-FFFF3A"},
				"down": {"uv": [0, 0, 16, 16], "texture": "#Voxel-FFFF3A"}
			}
		},
		{
			"name": "Voxel-FFFF3A",
			"from": [7, 26, 9],
			"to": [8, 28, 10],
			"faces": {
				"north": {"uv": [0, 0, 16, 16], "texture": "#Voxel-FFFF3A"},
				"east": {"uv": [0, 0, 16, 16], "texture": "#Voxel-FFFF3A"},
				"south": {"uv": [0, 0, 16, 16], "texture": "#Voxel-FFFF3A"},
				"west": {"uv": [0, 0, 16, 16], "texture": "#Voxel-FFFF3A"},
				"up": {"uv": [0, 0, 16, 16], "texture": "#Voxel-FFFF3A"},
				"down": {"uv": [0, 0, 16, 16], "texture": "#Voxel-FFFF3A"}
			}
		},
		{
			"name": "Voxel-FFFF3A",
			"from": [7, 26, 7],
			"to": [8, 27, 8],
			"faces": {
				"north": {"uv": [0, 0, 16, 16], "texture": "#Voxel-FFFF3A"},
				"east": {"uv": [0, 0, 16, 16], "texture": "#Voxel-FFFF3A"},
				"south": {"uv": [0, 0, 16, 16], "texture": "#Voxel-FFFF3A"},
				"west": {"uv": [0, 0, 16, 16], "texture": "#Voxel-FFFF3A"},
				"up": {"uv": [0, 0, 16, 16], "texture": "#Voxel-FFFF3A"},
				"down": {"uv": [0, 0, 16, 16], "texture": "#Voxel-FFFF3A"}
			}
		},
		{
			"name": "Voxel-FFFF3A",
			"from": [8, 26, 9],
			"to": [9, 27, 10],
			"faces": {
				"north": {"uv": [0, 0, 16, 16], "texture": "#Voxel-FFFF3A"},
				"east": {"uv": [0, 0, 16, 16], "texture": "#Voxel-FFFF3A"},
				"south": {"uv": [0, 0, 16, 16], "texture": "#Voxel-FFFF3A"},
				"west": {"uv": [0, 0, 16, 16], "texture": "#Voxel-FFFF3A"},
				"up": {"uv": [0, 0, 16, 16], "texture": "#Voxel-FFFF3A"},
				"down": {"uv": [0, 0, 16, 16], "texture": "#Voxel-FFFF3A"}
			}
		},
		{
			"name": "Voxel-3AFFFF",
			"from": [11, 23, 11],
			"to": [12, 29, 12],
			"faces": {
				"north": {"uv": [0, 0, 16, 16], "texture": "#Voxel-3AFFFF"},
				"east": {"uv": [0, 0, 16, 16], "texture": "#Voxel-3AFFFF"},
				"south": {"uv": [0, 0, 16, 16], "texture": "#Voxel-3AFFFF"},
				"west": {"uv": [0, 0, 16, 16], "texture": "#Voxel-3AFFFF"},
				"up": {"uv": [0, 0, 16, 16], "texture": "#Voxel-3AFFFF"},
				"down": {"uv": [0, 0, 16, 16], "texture": "#Voxel-3AFFFF"}
			}
		},
		{
			"name": "Voxel-3AFFFF",
			"from": [9, 24, 14],
			"to": [10, 25, 15],
			"faces": {
				"north": {"uv": [0, 0, 16, 16], "texture": "#Voxel-3AFFFF"},
				"east": {"uv": [0, 0, 16, 16], "texture": "#Voxel-3AFFFF"},
				"south": {"uv": [0, 0, 16, 16], "texture": "#Voxel-3AFFFF"},
				"west": {"uv": [0, 0, 16, 16], "texture": "#Voxel-3AFFFF"},
				"up": {"uv": [0, 0, 16, 16], "texture": "#Voxel-3AFFFF"},
				"down": {"uv": [0, 0, 16, 16], "texture": "#Voxel-3AFFFF"}
			}
		},
		{
			"name": "Voxel-3AFFFF",
			"from": [8, 23, 12],
			"to": [10, 24, 13],
			"faces": {
				"north": {"uv": [0, 0, 16, 16], "texture": "#Voxel-3AFFFF"},
				"east": {"uv": [0, 0, 16, 16], "texture": "#Voxel-3AFFFF"},
				"south": {"uv": [0, 0, 16, 16], "texture": "#Voxel-3AFFFF"},
				"west": {"uv": [0, 0, 16, 16], "texture": "#Voxel-3AFFFF"},
				"up": {"uv": [0, 0, 16, 16], "texture": "#Voxel-3AFFFF"},
				"down": {"uv": [0, 0, 16, 16], "texture": "#Voxel-3AFFFF"}
			}
		},
		{
			"name": "Voxel-3AFFFF",
			"from": [8, 22, 10],
			"to": [9, 23, 12],
			"faces": {
				"north": {"uv": [0, 0, 16, 16], "texture": "#Voxel-3AFFFF"},
				"east": {"uv": [0, 0, 16, 16], "texture": "#Voxel-3AFFFF"},
				"south": {"uv": [0, 0, 16, 16], "texture": "#Voxel-3AFFFF"},
				"west": {"uv": [0, 0, 16, 16], "texture": "#Voxel-3AFFFF"},
				"up": {"uv": [0, 0, 16, 16], "texture": "#Voxel-3AFFFF"},
				"down": {"uv": [0, 0, 16, 16], "texture": "#Voxel-3AFFFF"}
			}
		},
		{
			"name": "Voxel-3AFFFF",
			"from": [6, 19, 11],
			"to": [7, 23, 12],
			"faces": {
				"north": {"uv": [0, 0, 16, 16], "texture": "#Voxel-3AFFFF"},
				"east": {"uv": [0, 0, 16, 16], "texture": "#Voxel-3AFFFF"},
				"south": {"uv": [0, 0, 16, 16], "texture": "#Voxel-3AFFFF"},
				"west": {"uv": [0, 0, 16, 16], "texture": "#Voxel-3AFFFF"},
				"up": {"uv": [0, 0, 16, 16], "texture": "#Voxel-3AFFFF"},
				"down": {"uv": [0, 0, 16, 16], "texture": "#Voxel-3AFFFF"}
			}
		},
		{
			"name": "Voxel-3AFFFF",
			"from": [5, 20, 10],
			"to": [6, 24, 11],
			"faces": {
				"north": {"uv": [0, 0, 16, 16], "texture": "#Voxel-3AFFFF"},
				"east": {"uv": [0, 0, 16, 16], "texture": "#Voxel-3AFFFF"},
				"south": {"uv": [0, 0, 16, 16], "texture": "#Voxel-3AFFFF"},
				"west": {"uv": [0, 0, 16, 16], "texture": "#Voxel-3AFFFF"},
				"up": {"uv": [0, 0, 16, 16], "texture": "#Voxel-3AFFFF"},
				"down": {"uv": [0, 0, 16, 16], "texture": "#Voxel-3AFFFF"}
			}
		},
		{
			"name": "Voxel-3AFFFF",
			"from": [9, 18, 10],
			"to": [10, 23, 11],
			"faces": {
				"north": {"uv": [0, 0, 16, 16], "texture": "#Voxel-3AFFFF"},
				"east": {"uv": [0, 0, 16, 16], "texture": "#Voxel-3AFFFF"},
				"south": {"uv": [0, 0, 16, 16], "texture": "#Voxel-3AFFFF"},
				"west": {"uv": [0, 0, 16, 16], "texture": "#Voxel-3AFFFF"},
				"up": {"uv": [0, 0, 16, 16], "texture": "#Voxel-3AFFFF"},
				"down": {"uv": [0, 0, 16, 16], "texture": "#Voxel-3AFFFF"}
			}
		},
		{
			"name": "Voxel-3AFFFF",
			"from": [9, 20, 8],
			"to": [10, 23, 9],
			"faces": {
				"north": {"uv": [0, 0, 16, 16], "texture": "#Voxel-3AFFFF"},
				"east": {"uv": [0, 0, 16, 16], "texture": "#Voxel-3AFFFF"},
				"south": {"uv": [0, 0, 16, 16], "texture": "#Voxel-3AFFFF"},
				"west": {"uv": [0, 0, 16, 16], "texture": "#Voxel-3AFFFF"},
				"up": {"uv": [0, 0, 16, 16], "texture": "#Voxel-3AFFFF"},
				"down": {"uv": [0, 0, 16, 16], "texture": "#Voxel-3AFFFF"}
			}
		},
		{
			"name": "Voxel-3AFFFF",
			"from": [8, 16, 7],
			"to": [9, 21, 8],
			"faces": {
				"north": {"uv": [0, 0, 16, 16], "texture": "#Voxel-3AFFFF"},
				"east": {"uv": [0, 0, 16, 16], "texture": "#Voxel-3AFFFF"},
				"south": {"uv": [0, 0, 16, 16], "texture": "#Voxel-3AFFFF"},
				"west": {"uv": [0, 0, 16, 16], "texture": "#Voxel-3AFFFF"},
				"up": {"uv": [0, 0, 16, 16], "texture": "#Voxel-3AFFFF"},
				"down": {"uv": [0, 0, 16, 16], "texture": "#Voxel-3AFFFF"}
			}
		},
		{
			"name": "Voxel-3AFFFF",
			"from": [7, 9, 7],
			"to": [8, 14, 8],
			"faces": {
				"north": {"uv": [0, 0, 16, 16], "texture": "#Voxel-3AFFFF"},
				"east": {"uv": [0, 0, 16, 16], "texture": "#Voxel-3AFFFF"},
				"south": {"uv": [0, 0, 16, 16], "texture": "#Voxel-3AFFFF"},
				"west": {"uv": [0, 0, 16, 16], "texture": "#Voxel-3AFFFF"},
				"up": {"uv": [0, 0, 16, 16], "texture": "#Voxel-3AFFFF"},
				"down": {"uv": [0, 0, 16, 16], "texture": "#Voxel-3AFFFF"}
			}
		},
		{
			"name": "Voxel-3AFFFF",
			"from": [6, 14, 7],
			"to": [7, 23, 8],
			"faces": {
				"north": {"uv": [0, 0, 16, 16], "texture": "#Voxel-3AFFFF"},
				"east": {"uv": [0, 0, 16, 16], "texture": "#Voxel-3AFFFF"},
				"south": {"uv": [0, 0, 16, 16], "texture": "#Voxel-3AFFFF"},
				"west": {"uv": [0, 0, 16, 16], "texture": "#Voxel-3AFFFF"},
				"up": {"uv": [0, 0, 16, 16], "texture": "#Voxel-3AFFFF"},
				"down": {"uv": [0, 0, 16, 16], "texture": "#Voxel-3AFFFF"}
			}
		},
		{
			"name": "Voxel-3AFFFF",
			"from": [5, 12, 10],
			"to": [6, 16, 11],
			"faces": {
				"north": {"uv": [0, 0, 16, 16], "texture": "#Voxel-3AFFFF"},
				"east": {"uv": [0, 0, 16, 16], "texture": "#Voxel-3AFFFF"},
				"south": {"uv": [0, 0, 16, 16], "texture": "#Voxel-3AFFFF"},
				"west": {"uv": [0, 0, 16, 16], "texture": "#Voxel-3AFFFF"},
				"up": {"uv": [0, 0, 16, 16], "texture": "#Voxel-3AFFFF"},
				"down": {"uv": [0, 0, 16, 16], "texture": "#Voxel-3AFFFF"}
			}
		},
		{
			"name": "Voxel-3AFFFF",
			"from": [5, 17, 9],
			"to": [6, 21, 10],
			"faces": {
				"north": {"uv": [0, 0, 16, 16], "texture": "#Voxel-3AFFFF"},
				"east": {"uv": [0, 0, 16, 16], "texture": "#Voxel-3AFFFF"},
				"south": {"uv": [0, 0, 16, 16], "texture": "#Voxel-3AFFFF"},
				"west": {"uv": [0, 0, 16, 16], "texture": "#Voxel-3AFFFF"},
				"up": {"uv": [0, 0, 16, 16], "texture": "#Voxel-3AFFFF"},
				"down": {"uv": [0, 0, 16, 16], "texture": "#Voxel-3AFFFF"}
			}
		},
		{
			"name": "Voxel-3AFFFF",
			"from": [6, 16, 10],
			"to": [7, 19, 11],
			"faces": {
				"north": {"uv": [0, 0, 16, 16], "texture": "#Voxel-3AFFFF"},
				"east": {"uv": [0, 0, 16, 16], "texture": "#Voxel-3AFFFF"},
				"south": {"uv": [0, 0, 16, 16], "texture": "#Voxel-3AFFFF"},
				"west": {"uv": [0, 0, 16, 16], "texture": "#Voxel-3AFFFF"},
				"up": {"uv": [0, 0, 16, 16], "texture": "#Voxel-3AFFFF"},
				"down": {"uv": [0, 0, 16, 16], "texture": "#Voxel-3AFFFF"}
			}
		},
		{
			"name": "Voxel-3AFFFF",
			"from": [7, 14, 10],
			"to": [8, 17, 11],
			"faces": {
				"north": {"uv": [0, 0, 16, 16], "texture": "#Voxel-3AFFFF"},
				"east": {"uv": [0, 0, 16, 16], "texture": "#Voxel-3AFFFF"},
				"south": {"uv": [0, 0, 16, 16], "texture": "#Voxel-3AFFFF"},
				"west": {"uv": [0, 0, 16, 16], "texture": "#Voxel-3AFFFF"},
				"up": {"uv": [0, 0, 16, 16], "texture": "#Voxel-3AFFFF"},
				"down": {"uv": [0, 0, 16, 16], "texture": "#Voxel-3AFFFF"}
			}
		},
		{
			"name": "Voxel-3AFFFF",
			"from": [8, 10, 11],
			"to": [9, 14, 12],
			"faces": {
				"north": {"uv": [0, 0, 16, 16], "texture": "#Voxel-3AFFFF"},
				"east": {"uv": [0, 0, 16, 16], "texture": "#Voxel-3AFFFF"},
				"south": {"uv": [0, 0, 16, 16], "texture": "#Voxel-3AFFFF"},
				"west": {"uv": [0, 0, 16, 16], "texture": "#Voxel-3AFFFF"},
				"up": {"uv": [0, 0, 16, 16], "texture": "#Voxel-3AFFFF"},
				"down": {"uv": [0, 0, 16, 16], "texture": "#Voxel-3AFFFF"}
			}
		},
		{
			"name": "Voxel-3AFFFF",
			"from": [10, 8, 9],
			"to": [11, 13, 10],
			"faces": {
				"north": {"uv": [0, 0, 16, 16], "texture": "#Voxel-3AFFFF"},
				"east": {"uv": [0, 0, 16, 16], "texture": "#Voxel-3AFFFF"},
				"south": {"uv": [0, 0, 16, 16], "texture": "#Voxel-3AFFFF"},
				"west": {"uv": [0, 0, 16, 16], "texture": "#Voxel-3AFFFF"},
				"up": {"uv": [0, 0, 16, 16], "texture": "#Voxel-3AFFFF"},
				"down": {"uv": [0, 0, 16, 16], "texture": "#Voxel-3AFFFF"}
			}
		},
		{
			"name": "Voxel-3AFFFF",
			"from": [10, 7, 7],
			"to": [11, 11, 8],
			"faces": {
				"north": {"uv": [0, 0, 16, 16], "texture": "#Voxel-3AFFFF"},
				"east": {"uv": [0, 0, 16, 16], "texture": "#Voxel-3AFFFF"},
				"south": {"uv": [0, 0, 16, 16], "texture": "#Voxel-3AFFFF"},
				"west": {"uv": [0, 0, 16, 16], "texture": "#Voxel-3AFFFF"},
				"up": {"uv": [0, 0, 16, 16], "texture": "#Voxel-3AFFFF"},
				"down": {"uv": [0, 0, 16, 16], "texture": "#Voxel-3AFFFF"}
			}
		},
		{
			"name": "Voxel-3AFFFF",
			"from": [9, 14, 9],
			"to": [10, 18, 10],
			"faces": {
				"north": {"uv": [0, 0, 16, 16], "texture": "#Voxel-3AFFFF"},
				"east": {"uv": [0, 0, 16, 16], "texture": "#Voxel-3AFFFF"},
				"south": {"uv": [0, 0, 16, 16], "texture": "#Voxel-3AFFFF"},
				"west": {"uv": [0, 0, 16, 16], "texture": "#Voxel-3AFFFF"},
				"up": {"uv": [0, 0, 16, 16], "texture": "#Voxel-3AFFFF"},
				"down": {"uv": [0, 0, 16, 16], "texture": "#Voxel-3AFFFF"}
			}
		},
		{
			"name": "Voxel-3AFFFF",
			"from": [9, 3, 9],
			"to": [10, 7, 10],
			"faces": {
				"north": {"uv": [0, 0, 16, 16], "texture": "#Voxel-3AFFFF"},
				"east": {"uv": [0, 0, 16, 16], "texture": "#Voxel-3AFFFF"},
				"south": {"uv": [0, 0, 16, 16], "texture": "#Voxel-3AFFFF"},
				"west": {"uv": [0, 0, 16, 16], "texture": "#Voxel-3AFFFF"},
				"up": {"uv": [0, 0, 16, 16], "texture": "#Voxel-3AFFFF"},
				"down": {"uv": [0, 0, 16, 16], "texture": "#Voxel-3AFFFF"}
			}
		},
		{
			"name": "Voxel-3AFFFF",
			"from": [7, 3, 10],
			"to": [8, 7, 11],
			"faces": {
				"north": {"uv": [0, 0, 16, 16], "texture": "#Voxel-3AFFFF"},
				"east": {"uv": [0, 0, 16, 16], "texture": "#Voxel-3AFFFF"},
				"south": {"uv": [0, 0, 16, 16], "texture": "#Voxel-3AFFFF"},
				"west": {"uv": [0, 0, 16, 16], "texture": "#Voxel-3AFFFF"},
				"up": {"uv": [0, 0, 16, 16], "texture": "#Voxel-3AFFFF"},
				"down": {"uv": [0, 0, 16, 16], "texture": "#Voxel-3AFFFF"}
			}
		},
		{
			"name": "Voxel-3AFFFF",
			"from": [6, 2, 9],
			"to": [7, 3, 10],
			"faces": {
				"north": {"uv": [0, 0, 16, 16], "texture": "#Voxel-3AFFFF"},
				"east": {"uv": [0, 0, 16, 16], "texture": "#Voxel-3AFFFF"},
				"south": {"uv": [0, 0, 16, 16], "texture": "#Voxel-3AFFFF"},
				"west": {"uv": [0, 0, 16, 16], "texture": "#Voxel-3AFFFF"},
				"up": {"uv": [0, 0, 16, 16], "texture": "#Voxel-3AFFFF"},
				"down": {"uv": [0, 0, 16, 16], "texture": "#Voxel-3AFFFF"}
			}
		},
		{
			"name": "Voxel-3AFFFF",
			"from": [7, 8, 9],
			"to": [8, 9, 10],
			"faces": {
				"north": {"uv": [0, 0, 16, 16], "texture": "#Voxel-3AFFFF"},
				"east": {"uv": [0, 0, 16, 16], "texture": "#Voxel-3AFFFF"},
				"south": {"uv": [0, 0, 16, 16], "texture": "#Voxel-3AFFFF"},
				"west": {"uv": [0, 0, 16, 16], "texture": "#Voxel-3AFFFF"},
				"up": {"uv": [0, 0, 16, 16], "texture": "#Voxel-3AFFFF"},
				"down": {"uv": [0, 0, 16, 16], "texture": "#Voxel-3AFFFF"}
			}
		},
		{
			"name": "Voxel-3AFFFF",
			"from": [5, 11, 9],
			"to": [6, 12, 10],
			"faces": {
				"north": {"uv": [0, 0, 16, 16], "texture": "#Voxel-3AFFFF"},
				"east": {"uv": [0, 0, 16, 16], "texture": "#Voxel-3AFFFF"},
				"south": {"uv": [0, 0, 16, 16], "texture": "#Voxel-3AFFFF"},
				"west": {"uv": [0, 0, 16, 16], "texture": "#Voxel-3AFFFF"},
				"up": {"uv": [0, 0, 16, 16], "texture": "#Voxel-3AFFFF"},
				"down": {"uv": [0, 0, 16, 16], "texture": "#Voxel-3AFFFF"}
			}
		},
		{
			"name": "Voxel-3AFFFF",
			"from": [7, 13, 11],
			"to": [8, 14, 12],
			"faces": {
				"north": {"uv": [0, 0, 16, 16], "texture": "#Voxel-3AFFFF"},
				"east": {"uv": [0, 0, 16, 16], "texture": "#Voxel-3AFFFF"},
				"south": {"uv": [0, 0, 16, 16], "texture": "#Voxel-3AFFFF"},
				"west": {"uv": [0, 0, 16, 16], "texture": "#Voxel-3AFFFF"},
				"up": {"uv": [0, 0, 16, 16], "texture": "#Voxel-3AFFFF"},
				"down": {"uv": [0, 0, 16, 16], "texture": "#Voxel-3AFFFF"}
			}
		},
		{
			"name": "Voxel-3AFFFF",
			"from": [3, 27, 11],
			"to": [4, 28, 12],
			"faces": {
				"north": {"uv": [0, 0, 16, 16], "texture": "#Voxel-3AFFFF"},
				"east": {"uv": [0, 0, 16, 16], "texture": "#Voxel-3AFFFF"},
				"south": {"uv": [0, 0, 16, 16], "texture": "#Voxel-3AFFFF"},
				"west": {"uv": [0, 0, 16, 16], "texture": "#Voxel-3AFFFF"},
				"up": {"uv": [0, 0, 16, 16], "texture": "#Voxel-3AFFFF"},
				"down": {"uv": [0, 0, 16, 16], "texture": "#Voxel-3AFFFF"}
			}
		},
		{
			"name": "Voxel-3AFFFF",
			"from": [4, 29, 10],
			"to": [5, 30, 11],
			"faces": {
				"north": {"uv": [0, 0, 16, 16], "texture": "#Voxel-3AFFFF"},
				"east": {"uv": [0, 0, 16, 16], "texture": "#Voxel-3AFFFF"},
				"south": {"uv": [0, 0, 16, 16], "texture": "#Voxel-3AFFFF"},
				"west": {"uv": [0, 0, 16, 16], "texture": "#Voxel-3AFFFF"},
				"up": {"uv": [0, 0, 16, 16], "texture": "#Voxel-3AFFFF"},
				"down": {"uv": [0, 0, 16, 16], "texture": "#Voxel-3AFFFF"}
			}
		},
		{
			"name": "Voxel-3AFFFF",
			"from": [6, 27, 13],
			"to": [7, 28, 14],
			"faces": {
				"north": {"uv": [0, 0, 16, 16], "texture": "#Voxel-3AFFFF"},
				"east": {"uv": [0, 0, 16, 16], "texture": "#Voxel-3AFFFF"},
				"south": {"uv": [0, 0, 16, 16], "texture": "#Voxel-3AFFFF"},
				"west": {"uv": [0, 0, 16, 16], "texture": "#Voxel-3AFFFF"},
				"up": {"uv": [0, 0, 16, 16], "texture": "#Voxel-3AFFFF"},
				"down": {"uv": [0, 0, 16, 16], "texture": "#Voxel-3AFFFF"}
			}
		},
		{
			"name": "Voxel-3AFFFF",
			"from": [5, 28, 6],
			"to": [6, 29, 7],
			"faces": {
				"north": {"uv": [0, 0, 16, 16], "texture": "#Voxel-3AFFFF"},
				"east": {"uv": [0, 0, 16, 16], "texture": "#Voxel-3AFFFF"},
				"south": {"uv": [0, 0, 16, 16], "texture": "#Voxel-3AFFFF"},
				"west": {"uv": [0, 0, 16, 16], "texture": "#Voxel-3AFFFF"},
				"up": {"uv": [0, 0, 16, 16], "texture": "#Voxel-3AFFFF"},
				"down": {"uv": [0, 0, 16, 16], "texture": "#Voxel-3AFFFF"}
			}
		},
		{
			"name": "Voxel-3AFFFF",
			"from": [3, 28, 10],
			"to": [5, 29, 12],
			"faces": {
				"north": {"uv": [0, 0, 16, 16], "texture": "#Voxel-3AFFFF"},
				"east": {"uv": [0, 0, 16, 16], "texture": "#Voxel-3AFFFF"},
				"south": {"uv": [0, 0, 16, 16], "texture": "#Voxel-3AFFFF"},
				"west": {"uv": [0, 0, 16, 16], "texture": "#Voxel-3AFFFF"},
				"up": {"uv": [0, 0, 16, 16], "texture": "#Voxel-3AFFFF"},
				"down": {"uv": [0, 0, 16, 16], "texture": "#Voxel-3AFFFF"}
			}
		},
		{
			"name": "Voxel-3AFFFF",
			"from": [4, 23, 5],
			"to": [6, 24, 7],
			"faces": {
				"north": {"uv": [0, 0, 16, 16], "texture": "#Voxel-3AFFFF"},
				"east": {"uv": [0, 0, 16, 16], "texture": "#Voxel-3AFFFF"},
				"south": {"uv": [0, 0, 16, 16], "texture": "#Voxel-3AFFFF"},
				"west": {"uv": [0, 0, 16, 16], "texture": "#Voxel-3AFFFF"},
				"up": {"uv": [0, 0, 16, 16], "texture": "#Voxel-3AFFFF"},
				"down": {"uv": [0, 0, 16, 16], "texture": "#Voxel-3AFFFF"}
			}
		},
		{
			"name": "Voxel-3AFFFF",
			"from": [4, 24, 5],
			"to": [5, 28, 6],
			"faces": {
				"north": {"uv": [0, 0, 16, 16], "texture": "#Voxel-3AFFFF"},
				"east": {"uv": [0, 0, 16, 16], "texture": "#Voxel-3AFFFF"},
				"south": {"uv": [0, 0, 16, 16], "texture": "#Voxel-3AFFFF"},
				"west": {"uv": [0, 0, 16, 16], "texture": "#Voxel-3AFFFF"},
				"up": {"uv": [0, 0, 16, 16], "texture": "#Voxel-3AFFFF"},
				"down": {"uv": [0, 0, 16, 16], "texture": "#Voxel-3AFFFF"}
			}
		},
		{
			"name": "Voxel-3AFFFF",
			"from": [4, 28, 5],
			"to": [6, 29, 6],
			"faces": {
				"north": {"uv": [0, 0, 16, 16], "texture": "#Voxel-3AFFFF"},
				"east": {"uv": [0, 0, 16, 16], "texture": "#Voxel-3AFFFF"},
				"south": {"uv": [0, 0, 16, 16], "texture": "#Voxel-3AFFFF"},
				"west": {"uv": [0, 0, 16, 16], "texture": "#Voxel-3AFFFF"},
				"up": {"uv": [0, 0, 16, 16], "texture": "#Voxel-3AFFFF"},
				"down": {"uv": [0, 0, 16, 16], "texture": "#Voxel-3AFFFF"}
			}
		},
		{
			"name": "Voxel-3AFFFF",
			"from": [3, 24, 10],
			"to": [4, 25, 11],
			"faces": {
				"north": {"uv": [0, 0, 16, 16], "texture": "#Voxel-3AFFFF"},
				"east": {"uv": [0, 0, 16, 16], "texture": "#Voxel-3AFFFF"},
				"south": {"uv": [0, 0, 16, 16], "texture": "#Voxel-3AFFFF"},
				"west": {"uv": [0, 0, 16, 16], "texture": "#Voxel-3AFFFF"},
				"up": {"uv": [0, 0, 16, 16], "texture": "#Voxel-3AFFFF"},
				"down": {"uv": [0, 0, 16, 16], "texture": "#Voxel-3AFFFF"}
			}
		},
		{
			"name": "Voxel-3AFFFF",
			"from": [5, 23, 9],
			"to": [6, 24, 10],
			"faces": {
				"north": {"uv": [0, 0, 16, 16], "texture": "#Voxel-3AFFFF"},
				"east": {"uv": [0, 0, 16, 16], "texture": "#Voxel-3AFFFF"},
				"south": {"uv": [0, 0, 16, 16], "texture": "#Voxel-3AFFFF"},
				"west": {"uv": [0, 0, 16, 16], "texture": "#Voxel-3AFFFF"},
				"up": {"uv": [0, 0, 16, 16], "texture": "#Voxel-3AFFFF"},
				"down": {"uv": [0, 0, 16, 16], "texture": "#Voxel-3AFFFF"}
			}
		},
		{
			"name": "Voxel-3AFFFF",
			"from": [5, 23, 12],
			"to": [7, 24, 14],
			"faces": {
				"north": {"uv": [0, 0, 16, 16], "texture": "#Voxel-3AFFFF"},
				"east": {"uv": [0, 0, 16, 16], "texture": "#Voxel-3AFFFF"},
				"south": {"uv": [0, 0, 16, 16], "texture": "#Voxel-3AFFFF"},
				"west": {"uv": [0, 0, 16, 16], "texture": "#Voxel-3AFFFF"},
				"up": {"uv": [0, 0, 16, 16], "texture": "#Voxel-3AFFFF"},
				"down": {"uv": [0, 0, 16, 16], "texture": "#Voxel-3AFFFF"}
			}
		},
		{
			"name": "Voxel-3AFFFF",
			"from": [5, 24, 13],
			"to": [6, 27, 14],
			"faces": {
				"north": {"uv": [0, 0, 16, 16], "texture": "#Voxel-3AFFFF"},
				"east": {"uv": [0, 0, 16, 16], "texture": "#Voxel-3AFFFF"},
				"south": {"uv": [0, 0, 16, 16], "texture": "#Voxel-3AFFFF"},
				"west": {"uv": [0, 0, 16, 16], "texture": "#Voxel-3AFFFF"},
				"up": {"uv": [0, 0, 16, 16], "texture": "#Voxel-3AFFFF"},
				"down": {"uv": [0, 0, 16, 16], "texture": "#Voxel-3AFFFF"}
			}
		},
		{
			"name": "Voxel-3AFFFF",
			"from": [10, 28, 11],
			"to": [11, 30, 12],
			"faces": {
				"north": {"uv": [0, 0, 16, 16], "texture": "#Voxel-3AFFFF"},
				"east": {"uv": [0, 0, 16, 16], "texture": "#Voxel-3AFFFF"},
				"south": {"uv": [0, 0, 16, 16], "texture": "#Voxel-3AFFFF"},
				"west": {"uv": [0, 0, 16, 16], "texture": "#Voxel-3AFFFF"},
				"up": {"uv": [0, 0, 16, 16], "texture": "#Voxel-3AFFFF"},
				"down": {"uv": [0, 0, 16, 16], "texture": "#Voxel-3AFFFF"}
			}
		},
		{
			"name": "Voxel-3AFFFF",
			"from": [11, 28, 7],
			"to": [12, 29, 9],
			"faces": {
				"north": {"uv": [0, 0, 16, 16], "texture": "#Voxel-3AFFFF"},
				"east": {"uv": [0, 0, 16, 16], "texture": "#Voxel-3AFFFF"},
				"south": {"uv": [0, 0, 16, 16], "texture": "#Voxel-3AFFFF"},
				"west": {"uv": [0, 0, 16, 16], "texture": "#Voxel-3AFFFF"},
				"up": {"uv": [0, 0, 16, 16], "texture": "#Voxel-3AFFFF"},
				"down": {"uv": [0, 0, 16, 16], "texture": "#Voxel-3AFFFF"}
			}
		},
		{
			"name": "Voxel-3AFFFF",
			"from": [10, 22, 10],
			"to": [11, 24, 11],
			"faces": {
				"north": {"uv": [0, 0, 16, 16], "texture": "#Voxel-3AFFFF"},
				"east": {"uv": [0, 0, 16, 16], "texture": "#Voxel-3AFFFF"},
				"south": {"uv": [0, 0, 16, 16], "texture": "#Voxel-3AFFFF"},
				"west": {"uv": [0, 0, 16, 16], "texture": "#Voxel-3AFFFF"},
				"up": {"uv": [0, 0, 16, 16], "texture": "#Voxel-3AFFFF"},
				"down": {"uv": [0, 0, 16, 16], "texture": "#Voxel-3AFFFF"}
			}
		},
		{
			"name": "Voxel-3AFFFF",
			"from": [9, 22, 7],
			"to": [10, 24, 8],
			"faces": {
				"north": {"uv": [0, 0, 16, 16], "texture": "#Voxel-3AFFFF"},
				"east": {"uv": [0, 0, 16, 16], "texture": "#Voxel-3AFFFF"},
				"south": {"uv": [0, 0, 16, 16], "texture": "#Voxel-3AFFFF"},
				"west": {"uv": [0, 0, 16, 16], "texture": "#Voxel-3AFFFF"},
				"up": {"uv": [0, 0, 16, 16], "texture": "#Voxel-3AFFFF"},
				"down": {"uv": [0, 0, 16, 16], "texture": "#Voxel-3AFFFF"}
			}
		},
		{
			"name": "Voxel-3AFFFF",
			"from": [10, 23, 6],
			"to": [11, 24, 9],
			"faces": {
				"north": {"uv": [0, 0, 16, 16], "texture": "#Voxel-3AFFFF"},
				"east": {"uv": [0, 0, 16, 16], "texture": "#Voxel-3AFFFF"},
				"south": {"uv": [0, 0, 16, 16], "texture": "#Voxel-3AFFFF"},
				"west": {"uv": [0, 0, 16, 16], "texture": "#Voxel-3AFFFF"},
				"up": {"uv": [0, 0, 16, 16], "texture": "#Voxel-3AFFFF"},
				"down": {"uv": [0, 0, 16, 16], "texture": "#Voxel-3AFFFF"}
			}
		},
		{
			"name": "Voxel-3AFFFF",
			"from": [7, 22, 5],
			"to": [9, 23, 7],
			"faces": {
				"north": {"uv": [0, 0, 16, 16], "texture": "#Voxel-3AFFFF"},
				"east": {"uv": [0, 0, 16, 16], "texture": "#Voxel-3AFFFF"},
				"south": {"uv": [0, 0, 16, 16], "texture": "#Voxel-3AFFFF"},
				"west": {"uv": [0, 0, 16, 16], "texture": "#Voxel-3AFFFF"},
				"up": {"uv": [0, 0, 16, 16], "texture": "#Voxel-3AFFFF"},
				"down": {"uv": [0, 0, 16, 16], "texture": "#Voxel-3AFFFF"}
			}
		},
		{
			"name": "Voxel-3AFFFF",
			"from": [10, 22, 9],
			"to": [11, 23, 10],
			"faces": {
				"north": {"uv": [0, 0, 16, 16], "texture": "#Voxel-3AFFFF"},
				"east": {"uv": [0, 0, 16, 16], "texture": "#Voxel-3AFFFF"},
				"south": {"uv": [0, 0, 16, 16], "texture": "#Voxel-3AFFFF"},
				"west": {"uv": [0, 0, 16, 16], "texture": "#Voxel-3AFFFF"},
				"up": {"uv": [0, 0, 16, 16], "texture": "#Voxel-3AFFFF"},
				"down": {"uv": [0, 0, 16, 16], "texture": "#Voxel-3AFFFF"}
			}
		},
		{
			"name": "Voxel-3AFFFF",
			"from": [11, 23, 7],
			"to": [12, 24, 8],
			"faces": {
				"north": {"uv": [0, 0, 16, 16], "texture": "#Voxel-3AFFFF"},
				"east": {"uv": [0, 0, 16, 16], "texture": "#Voxel-3AFFFF"},
				"south": {"uv": [0, 0, 16, 16], "texture": "#Voxel-3AFFFF"},
				"west": {"uv": [0, 0, 16, 16], "texture": "#Voxel-3AFFFF"},
				"up": {"uv": [0, 0, 16, 16], "texture": "#Voxel-3AFFFF"},
				"down": {"uv": [0, 0, 16, 16], "texture": "#Voxel-3AFFFF"}
			}
		},
		{
			"name": "Voxel-3AFFFF",
			"from": [7, 17, 9],
			"to": [8, 20, 10],
			"faces": {
				"north": {"uv": [0, 0, 16, 16], "texture": "#Voxel-3AFFFF"},
				"east": {"uv": [0, 0, 16, 16], "texture": "#Voxel-3AFFFF"},
				"south": {"uv": [0, 0, 16, 16], "texture": "#Voxel-3AFFFF"},
				"west": {"uv": [0, 0, 16, 16], "texture": "#Voxel-3AFFFF"},
				"up": {"uv": [0, 0, 16, 16], "texture": "#Voxel-3AFFFF"},
				"down": {"uv": [0, 0, 16, 16], "texture": "#Voxel-3AFFFF"}
			}
		},
		{
			"name": "Voxel-3AFFFF",
			"from": [8, 20, 9],
			"to": [9, 22, 10],
			"faces": {
				"north": {"uv": [0, 0, 16, 16], "texture": "#Voxel-3AFFFF"},
				"east": {"uv": [0, 0, 16, 16], "texture": "#Voxel-3AFFFF"},
				"south": {"uv": [0, 0, 16, 16], "texture": "#Voxel-3AFFFF"},
				"west": {"uv": [0, 0, 16, 16], "texture": "#Voxel-3AFFFF"},
				"up": {"uv": [0, 0, 16, 16], "texture": "#Voxel-3AFFFF"},
				"down": {"uv": [0, 0, 16, 16], "texture": "#Voxel-3AFFFF"}
			}
		},
		{
			"name": "Voxel-7F4E1E",
			"from": [7, 20, 9],
			"to": [8, 22, 10],
			"faces": {
				"north": {"uv": [0, 0, 16, 16], "texture": "#Voxel-7F4E1E"},
				"east": {"uv": [0, 0, 16, 16], "texture": "#Voxel-7F4E1E"},
				"south": {"uv": [0, 0, 16, 16], "texture": "#Voxel-7F4E1E"},
				"west": {"uv": [0, 0, 16, 16], "texture": "#Voxel-7F4E1E"},
				"up": {"uv": [0, 0, 16, 16], "texture": "#Voxel-7F4E1E"},
				"down": {"uv": [0, 0, 16, 16], "texture": "#Voxel-7F4E1E"}
			}
		},
		{
			"name": "Voxel-3AFFFF",
			"from": [11, 24, 12],
			"to": [12, 26, 13],
			"faces": {
				"north": {"uv": [0, 0, 16, 16], "texture": "#Voxel-3AFFFF"},
				"east": {"uv": [0, 0, 16, 16], "texture": "#Voxel-3AFFFF"},
				"south": {"uv": [0, 0, 16, 16], "texture": "#Voxel-3AFFFF"},
				"west": {"uv": [0, 0, 16, 16], "texture": "#Voxel-3AFFFF"},
				"up": {"uv": [0, 0, 16, 16], "texture": "#Voxel-3AFFFF"},
				"down": {"uv": [0, 0, 16, 16], "texture": "#Voxel-3AFFFF"}
			}
		},
		{
			"name": "Voxel-3AFFFF",
			"from": [9, 27, 14],
			"to": [10, 28, 15],
			"faces": {
				"north": {"uv": [0, 0, 16, 16], "texture": "#Voxel-3AFFFF"},
				"east": {"uv": [0, 0, 16, 16], "texture": "#Voxel-3AFFFF"},
				"south": {"uv": [0, 0, 16, 16], "texture": "#Voxel-3AFFFF"},
				"west": {"uv": [0, 0, 16, 16], "texture": "#Voxel-3AFFFF"},
				"up": {"uv": [0, 0, 16, 16], "texture": "#Voxel-3AFFFF"},
				"down": {"uv": [0, 0, 16, 16], "texture": "#Voxel-3AFFFF"}
			}
		},
		{
			"name": "Voxel-3AFFFF",
			"from": [9, 16, 7],
			"to": [10, 17, 8],
			"faces": {
				"north": {"uv": [0, 0, 16, 16], "texture": "#Voxel-3AFFFF"},
				"east": {"uv": [0, 0, 16, 16], "texture": "#Voxel-3AFFFF"},
				"south": {"uv": [0, 0, 16, 16], "texture": "#Voxel-3AFFFF"},
				"west": {"uv": [0, 0, 16, 16], "texture": "#Voxel-3AFFFF"},
				"up": {"uv": [0, 0, 16, 16], "texture": "#Voxel-3AFFFF"},
				"down": {"uv": [0, 0, 16, 16], "texture": "#Voxel-3AFFFF"}
			}
		},
		{
			"name": "Voxel-3AFFFF",
			"from": [6, 22, 12],
			"to": [7, 23, 13],
			"faces": {
				"north": {"uv": [0, 0, 16, 16], "texture": "#Voxel-3AFFFF"},
				"east": {"uv": [0, 0, 16, 16], "texture": "#Voxel-3AFFFF"},
				"south": {"uv": [0, 0, 16, 16], "texture": "#Voxel-3AFFFF"},
				"west": {"uv": [0, 0, 16, 16], "texture": "#Voxel-3AFFFF"},
				"up": {"uv": [0, 0, 16, 16], "texture": "#Voxel-3AFFFF"},
				"down": {"uv": [0, 0, 16, 16], "texture": "#Voxel-3AFFFF"}
			}
		},
		{
			"name": "Voxel-3AFFFF",
			"from": [8, 9, 9],
			"to": [9, 12, 10],
			"faces": {
				"north": {"uv": [0, 0, 16, 16], "texture": "#Voxel-3AFFFF"},
				"east": {"uv": [0, 0, 16, 16], "texture": "#Voxel-3AFFFF"},
				"south": {"uv": [0, 0, 16, 16], "texture": "#Voxel-3AFFFF"},
				"west": {"uv": [0, 0, 16, 16], "texture": "#Voxel-3AFFFF"},
				"up": {"uv": [0, 0, 16, 16], "texture": "#Voxel-3AFFFF"},
				"down": {"uv": [0, 0, 16, 16], "texture": "#Voxel-3AFFFF"}
			}
		},
		{
			"name": "Voxel-3AFFFF",
			"from": [10, 12, 10],
			"to": [11, 13, 11],
			"faces": {
				"north": {"uv": [0, 0, 16, 16], "texture": "#Voxel-3AFFFF"},
				"east": {"uv": [0, 0, 16, 16], "texture": "#Voxel-3AFFFF"},
				"south": {"uv": [0, 0, 16, 16], "texture": "#Voxel-3AFFFF"},
				"west": {"uv": [0, 0, 16, 16], "texture": "#Voxel-3AFFFF"},
				"up": {"uv": [0, 0, 16, 16], "texture": "#Voxel-3AFFFF"},
				"down": {"uv": [0, 0, 16, 16], "texture": "#Voxel-3AFFFF"}
			}
		},
		{
			"name": "Voxel-3AFFFF",
			"from": [7, 6, 9],
			"to": [8, 8, 10],
			"faces": {
				"north": {"uv": [0, 0, 16, 16], "texture": "#Voxel-3AFFFF"},
				"east": {"uv": [0, 0, 16, 16], "texture": "#Voxel-3AFFFF"},
				"south": {"uv": [0, 0, 16, 16], "texture": "#Voxel-3AFFFF"},
				"west": {"uv": [0, 0, 16, 16], "texture": "#Voxel-3AFFFF"},
				"up": {"uv": [0, 0, 16, 16], "texture": "#Voxel-3AFFFF"},
				"down": {"uv": [0, 0, 16, 16], "texture": "#Voxel-3AFFFF"}
			}
		},
		{
			"name": "Voxel-3AFFFF",
			"from": [10, 23, 11],
			"to": [11, 24, 12],
			"faces": {
				"north": {"uv": [0, 0, 16, 16], "texture": "#Voxel-3AFFFF"},
				"east": {"uv": [0, 0, 16, 16], "texture": "#Voxel-3AFFFF"},
				"south": {"uv": [0, 0, 16, 16], "texture": "#Voxel-3AFFFF"},
				"west": {"uv": [0, 0, 16, 16], "texture": "#Voxel-3AFFFF"},
				"up": {"uv": [0, 0, 16, 16], "texture": "#Voxel-3AFFFF"},
				"down": {"uv": [0, 0, 16, 16], "texture": "#Voxel-3AFFFF"}
			}
		}
	],
	"display": {
		"thirdperson_righthand": {
			"translation": [0, 4, 1]
		},
		"thirdperson_lefthand": {
			"translation": [0, 4, 1]
		},
		"firstperson_righthand": {
			"rotation": [-8, 2, 10],
			"translation": [1.5, 3, 0],
			"scale": [0.5, 0.5, 0.5]
		},
		"firstperson_lefthand": {
			"translation": [0, 5, 0],
			"scale": [0.5, 0.5, 0.5]
		},
		"gui": {
			"rotation": [45, -45, 0],
			"translation": [0, -2, 0],
			"scale": [0.5, 0.5, 0.5]
		},
		"fixed": {
			"translation": [0, -2, 0],
			"scale": [0.5, 0.5, 0.5]
		}
	},
	"groups": [
		{
			"name": "thunder",
			"origin": [8, 8, 8],
			"color": 0,
			"nbt": "{}",
			"armAnimationEnabled": false,
			"children": [0, 1, 2, 3, 4, 5, 6, 7, 8, 9, 10, 11, 12, 13, 14, 15, 16, 17, 18, 19, 20, 21, 22, 23, 24, 25, 26, 27, 28, 29, 30, 31, 32, 33, 34, 35, 36, 37, 38, 39, 40, 41, 42, 43, 44, 45, 46, 47, 48, 49, 50, 51, 52, 53, 54, 55, 56, 57, 58, 59, 60, 61, 62, 63, 64, 65, 66, 67, 68, 69, 70, 71, 72, 73, 74, 75, 76, 77, 78, 79, 80, 81, 82, 83, 84, 85, 86, 87, 88, 89, 90, 91, 92, 93, 94, 95, 96, 97, 98, 99, 100, 101, 102, 103, 104, 105, 106, 107, 108, 109, 110]
		}
	]
}